frame_index,t_sec,state.left_joint1,state.left_joint2,state.left_joint3,state.left_joint4,state.left_joint5,state.left_joint6,state.left_joint7,state.right_joint1,state.right_joint2,state.right_joint3,state.right_joint4,state.right_joint5,state.right_joint6,state.right_joint7,action.left_joint1,action.left_joint2,action.left_joint3,action.left_joint4,action.left_joint5,action.left_joint6,action.left_joint7,action.right_joint1,action.right_joint2,action.right_joint3,action.right_joint4,action.right_joint5,action.right_joint6,action.right_joint7
0,0.0,0.0,0.32009339332580566,-0.3597298264503479,0.0,0.23986059427261353,0.0,0.0,0.0,0.32039010524749756,-0.36018359661102295,0.0,0.2405238300561905,0.0,0.0,0.0,0.0,0.0,0.0,0.0,0.0,0.07020000368356705,0.0,0.0,0.0,0.0,0.0,0.0,0.07020000368356705
1,0.033333333,0.0,0.32009339332580566,-0.3597298264503479,0.0,0.23986059427261353,0.0,0.0,0.0,0.32039010524749756,-0.36018359661102295,0.0,0.2405238300561905,0.0,0.0,0.0,0.0,0.0,0.0,0.0,0.0,0.07020000368356705,0.0,0.0,0.0,0.0,0.0,0.0,0.07020000368356705
2,0.066666666,0.0,0.32009339332580566,-0.3597298264503479,0.0,0.23986059427261353,0.0,0.0,0.0,0.32039010524749756,-0.36018359661102295,0.0,0.2405238300561905,0.0,0.0,0.0,0.0,0.0,0.0,0.0,0.0,0.07020000368356705,0.0,0.0,0.0,0.0,0.0,0.0,0.07020000368356705
3,0.099999999,0.0,0.32009339332580566,-0.3597298264503479,0.0,0.23986059427261353,0.0,0.0,0.0,0.32039010524749756,-0.36018359661102295,0.0,0.2405238300561905,0.0,0.0,0.0,0.0,0.0,0.0,0.0,0.0,0.07020000368356705,0.0,0.0,0.0,0.0,0.0,0.0,0.07020000368356705
4,0.133333332,0.0,0.32009339332580566,-0.3597298264503479,0.0,0.23986059427261353,0.0,0.0,0.0,0.32039010524749756,-0.36018359661102295,0.0,0.2405238300561905,0.0,0.0,0.0,0.0,0.0,0.0,0.0,0.0,0.07020000368356705,0.0,0.0,0.0,0.0,0.0,0.0,0.07020000368356705
5,0.166666665,0.0,0.32009339332580566,-0.3597298264503479,0.0,0.23986059427261353,0.0,0.0,0.0,0.32039010524749756,-0.36018359661102295,0.0,0.2405238300561905,0.0,0.0,0.0,0.0,0.0,0.0,0.0,0.0,0.07020000368356705,0.0,0.0,0.0,0.0,0.0,0.0,0.07020000368356705
6,0.199999998,0.0,0.32009339332580566,-0.3597298264503479,0.0,0.23986059427261353,0.0,0.0,0.0,0.32039010524749756,-0.36018359661102295,0.0,0.2405238300561905,0.0,0.0,0.0,0.0,0.0,0.0,0.0,0.0,0.07020000368356705,0.0,0.0,0.0,0.0,0.0,0.0,0.07020000368356705
7,0.233333331,0.0,0.32009339332580566,-0.3597298264503479,0.0,0.23986059427261353,0.0,0.0,0.0,0.32039010524749756,-0.36018359661102295,0.0,0.2405238300561905,0.0,0.0,0.0,0.0,0.0,0.0,0.0,0.0,0.07020000368356705,0.0,0.0,0.0,0.0,0.0,0.0,0.07020000368356705
8,0.266666664,0.0,0.32009339332580566,-0.3597298264503479,0.0,0.23986059427261353,0.0,0.0,0.0,0.32039010524749756,-0.36018359661102295,0.0,0.2405238300561905,0.0,0.0,0.0,0.0,0.0,0.0,0.0,0.0,0.07020000368356705,0.0,0.0,0.0,0.0,0.0,0.0,0.07020000368356705
9,0.299999997,0.0,0.32009339332580566,-0.3597298264503479,0.0,0.23986059427261353,0.0,0.0,0.0,0.32039010524749756,-0.36018359661102295,0.0,0.2405238300561905,0.0,0.0,0.0,0.0,0.0,0.0,0.0,0.0,0.07020000368356705,0.0,0.0,0.0,0.0,0.0,0.0,0.07020000368356705
10,0.33333333,0.0,0.32009339332580566,-0.3597298264503479,0.0,0.23986059427261353,0.0,0.0,0.0,0.32039010524749756,-0.36018359661102295,0.0,0.2405238300561905,0.0,0.0,0.0,0.0,0.0,0.0,0.0,0.0,0.07020000368356705,0.0,0.0,0.0,0.0,0.0,0.0,0.07020000368356705
11,0.366666663,0.0,0.32009339332580566,-0.3597298264503479,0.0,0.23986059427261353,0.0,0.0,0.0,0.32039010524749756,-0.36018359661102295,0.0,0.2405238300561905,0.0,0.0,0.0,0.0,0.0,0.0,0.0,0.0,0.07020000368356705,0.0,0.0,0.0,0.0,0.0,0.0,0.07020000368356705
12,0.399999996,0.0,0.32009339332580566,-0.3597298264503479,0.0,0.23986059427261353,0.0,0.0,0.0,0.32039010524749756,-0.36018359661102295,0.0,0.2405238300561905,0.0,0.0,0.0,0.0,0.0,0.0,0.0,0.0,0.07020000368356705,0.0,0.0,0.0,0.0,0.0,0.0,0.07020000368356705
13,0.433333329,0.0,0.32009339332580566,-0.3597298264503479,0.0,0.23986059427261353,0.0,0.0,0.0,0.32039010524749756,-0.36018359661102295,0.0,0.2405238300561905,0.0,0.0,0.0,0.0,0.0,0.0,0.0,0.0,0.07020000368356705,0.0,0.0,0.0,0.0,0.0,0.0,0.07020000368356705
14,0.466666662,0.0,0.32009339332580566,-0.3597298264503479,0.0,0.23986059427261353,0.0,0.0,0.0,0.32039010524749756,-0.36018359661102295,0.0,0.2405238300561905,0.0,0.0,0.0,0.0,0.0,0.0,0.0,0.0,0.07020000368356705,0.0,0.0,0.0,0.0,0.0,0.0,0.07020000368356705
15,0.499999995,0.0,0.32009339332580566,-0.3597298264503479,0.0,0.23986059427261353,0.0,0.0,0.0,0.32039010524749756,-0.36018359661102295,0.0,0.2405238300561905,0.0,0.0,0.0,0.0,0.0,0.0,0.0,0.0,0.07020000368356705,0.0,0.0,0.0,0.0,0.0,0.0,0.07020000368356705
16,0.533333328,0.0,0.32009339332580566,-0.3597298264503479,0.0,0.23986059427261353,0.0,0.0,0.0,0.32039010524749756,-0.36018359661102295,0.0,0.2405238300561905,0.0,0.0,0.0,0.0,0.0,0.0,0.0,0.0,0.07020000368356705,0.0,0.0,0.0,0.0,0.0,0.0,0.07020000368356705
17,0.566666661,0.0,0.32009339332580566,-0.3597298264503479,0.0,0.23986059427261353,0.0,0.0,0.0,0.32039010524749756,-0.36018359661102295,0.0,0.2405238300561905,0.0,0.0,0.0,0.0,0.0,0.0,0.0,0.0,0.07020000368356705,0.0,0.0,0.0,0.0,0.0,0.0,0.07020000368356705
18,0.599999994,0.0,0.32009339332580566,-0.3597298264503479,0.0,0.23986059427261353,0.0,0.0,0.0,0.32039010524749756,-0.36018359661102295,0.0,0.2405238300561905,0.0,0.0,0.0,0.0,0.0,0.0,0.0,0.0,0.07020000368356705,0.0,0.0,0.0,0.0,0.0,0.0,0.07020000368356705
19,0.633333327,0.0,0.32009339332580566,-0.3597298264503479,0.0,0.23986059427261353,0.0,0.0,0.0,0.32039010524749756,-0.36018359661102295,0.0,0.2405238300561905,0.0,0.0,0.0,0.0,0.0,0.0,0.0,0.0,0.07020000368356705,0.0,0.0,0.0,0.0,0.0,0.0,0.07020000368356705
20,0.66666666,0.0,0.32009339332580566,-0.3597298264503479,0.0,0.23986059427261353,0.0,0.0,0.0,0.32039010524749756,-0.36018359661102295,0.0,0.2405238300561905,0.0,0.0,0.0,0.0,0.0,0.0,0.0,0.0,0.07020000368356705,0.0,0.0,0.0,0.0,0.0,0.0,0.07020000368356705
21,0.699999993,0.0,0.32009339332580566,-0.3597298264503479,0.0,0.23986059427261353,0.0,0.0,0.0,0.32039010524749756,-0.36018359661102295,0.0,0.2405238300561905,0.0,0.0,0.0,0.0,0.0,0.0,0.0,0.0,0.07020000368356705,0.0,0.0,0.0,0.0,0.0,0.0,0.07020000368356705
22,0.733333326,0.0,0.32009339332580566,-0.3597298264503479,0.0,0.23986059427261353,0.0,0.0,0.0,0.32039010524749756,-0.36018359661102295,0.0,0.2405238300561905,0.0,0.0,0.0,0.0,0.0,0.0,0.0,0.0,0.07020000368356705,0.0,0.0,0.0,0.0,0.0,0.0,0.07020000368356705
23,0.766666659,0.0,0.32009339332580566,-0.3597298264503479,0.0,0.23986059427261353,0.0,0.0,0.0,0.32039010524749756,-0.36018359661102295,0.0,0.2405238300561905,0.0,0.0,0.0,0.0,0.0,0.0,0.0,0.0,0.07020000368356705,0.0,0.0,0.0,0.0,0.0,0.0,0.07020000368356705
24,0.799999992,0.0,0.32009339332580566,-0.3597298264503479,0.0,0.23986059427261353,0.0,0.0,0.0,0.32039010524749756,-0.36018359661102295,0.0,0.2405238300561905,0.0,0.0,0.0,0.0,0.0,0.0,0.0,0.0,0.07020000368356705,0.0,0.0,0.0,0.0,0.0,0.0,0.07020000368356705
25,0.833333325,0.0,0.32009339332580566,-0.3597298264503479,0.0,0.23986059427261353,0.0,0.0,0.0,0.32039010524749756,-0.36018359661102295,0.0,0.2405238300561905,0.0,0.0,0.0,0.0,0.0,0.0,0.0,0.0,0.07020000368356705,0.0,0.0,0.0,0.0,0.0,0.0,0.07020000368356705
26,0.866666658,0.0,0.32009339332580566,-0.3597298264503479,0.0,0.23986059427261353,0.0,0.0,0.0,0.32039010524749756,-0.36018359661102295,0.0,0.2405238300561905,0.0,0.0,0.0,0.0,0.0,0.0,0.0,0.0,0.07020000368356705,0.0,0.0,0.0,0.0,0.0,0.0,0.07020000368356705
27,0.899999991,0.0,0.32009339332580566,-0.3597298264503479,0.0,0.23986059427261353,0.0,0.0,0.0,0.32039010524749756,-0.36018359661102295,0.0,0.2405238300561905,0.0,0.0,0.0,0.0,0.0,0.0,0.0,0.0,0.07020000368356705,0.0,0.0,0.0,0.0,0.0,0.0,0.07020000368356705
28,0.933333324,0.0,0.32009339332580566,-0.3597298264503479,0.0,0.23986059427261353,0.0,0.0,0.0,0.32039010524749756,-0.36018359661102295,0.0,0.2405238300561905,0.0,0.0,0.0,0.0,0.0,0.0,0.0,0.0,0.07020000368356705,0.0,0.0,0.0,0.0,0.0,0.0,0.07020000368356705
29,0.966666657,0.0,0.32009339332580566,-0.3597298264503479,0.0,0.23986059427261353,0.0,0.0,0.0,0.32039010524749756,-0.36018359661102295,0.0,0.2405238300561905,0.0,0.0,0.0,0.0,0.0,0.0,0.0,0.0,0.07020000368356705,0.0,0.0,0.0,0.0,0.0,0.0,0.07020000368356705
30,0.99999999,0.0,0.32009339332580566,-0.3597298264503479,0.0,0.23986059427261353,0.0,0.0,0.0,0.32039010524749756,-0.36018359661102295,0.0,0.2405238300561905,0.0,0.0,0.0,0.0,0.0,0.0,0.0,0.0,0.07020000368356705,0.0,0.0,0.0,0.0,0.0,0.0,0.07020000368356705
31,1.033333323,0.0,0.32009339332580566,-0.3597298264503479,0.0,0.23986059427261353,0.0,0.0,0.0,0.32039010524749756,-0.36018359661102295,0.0,0.2405238300561905,0.0,0.0,0.0,0.0,0.0,0.0,0.0,0.0,0.07020000368356705,0.0,0.0,0.0,0.0,0.0,0.0,0.07020000368356705
32,1.066666656,-0.0019896754529327154,0.32009339332580566,-0.3615624010562897,0.0,0.23986059427261353,0.0,0.0,0.0,0.32039010524749756,-0.36018359661102295,0.0,0.2405238300561905,0.0,0.0,0.0,0.0,0.0,0.0,0.0,0.0,0.07020000368356705,0.0,0.0,0.0,0.0,0.0,0.0,0.07020000368356705
33,1.099999989,-0.0019896754529327154,0.32009339332580566,-0.3615624010562897,0.0,0.23986059427261353,0.0,0.0,0.00045378561480902135,0.32039010524749756,-0.36018359661102295,0.0,0.23830725252628326,0.0,0.0,0.0,0.0,0.0,0.0,0.0,0.0,0.07020000368356705,0.0,0.0,0.0,0.0,0.0,0.0,0.06909999996423721
34,1.133333322,0.00038397242315113544,0.31616640090942383,-0.3689800500869751,0.0,0.23544491827487946,0.0,0.0,0.00045378561480902135,0.31618383526802063,-0.356588214635849,0.008813912980258465,0.23525293171405792,0.0,0.0,0.0,0.0,0.0,0.0,0.0,0.0,0.07020000368356705,0.0,0.0,0.0,0.0,0.0,0.0,0.06800000369548798
35,1.166666655,0.00038397242315113544,0.32159435749053955,-0.3802025318145752,-0.005846852902323008,0.23886576294898987,0.0,0.0,0.00045378561480902135,0.31618383526802063,-0.356588214635849,0.008813912980258465,0.23525293171405792,0.0,0.0,0.0,0.0,0.0,0.0,0.0,0.0,0.06939999759197235,0.0,0.0,0.0,0.0,0.0,0.0,0.06800000369548798
36,1.199999988,0.00038397242315113544,0.32159435749053955,-0.3802025318145752,-0.005846852902323008,0.23886576294898987,0.0,0.0,0.00045378561480902135,0.31791171431541443,-0.3615100383758545,0.008813912980258465,0.23525293171405792,0.0,0.0,0.0,0.0,0.0,0.0,0.0,0.0,0.06939999759197235,0.0,0.0,0.0,0.0,0.0,0.0,0.06759999692440033
37,1.233333321,0.0,0.3352428376674652,-0.3873583674430847,-0.012461651116609573,0.2512052357196808,0.0,0.0,0.00045378561480902135,0.3197617828845978,-0.3680724799633026,0.008813912980258465,0.23752185702323914,0.0,0.0,0.0,0.0,0.0,0.0,0.0,0.0,0.0674000009894371,0.0,0.0,0.0,0.0,0.0,0.0,0.0674000009894371
38,1.266666654,0.0,0.3352428376674652,-0.3873583674430847,-0.012461651116609573,0.2512052357196808,0.0,0.0,0.00045378561480902135,0.3197617828845978,-0.3680724799633026,0.008813912980258465,0.23752185702323914,0.0,0.0,0.0,0.0,0.0,0.0,0.0,0.0,0.0674000009894371,0.0,0.0,0.0,0.0,0.0,0.0,0.0674000009894371
39,1.299999987,0.00038397242315113544,0.3484549820423126,-0.4040262699127197,-0.02546435408294201,0.25993189215660095,0.0,0.0,0.00296705961227417,0.31981414556503296,-0.36793285608291626,0.010855947621166706,0.24692918360233307,0.0,0.0,0.0,0.0,0.0,0.0,0.0,0.0,0.065700002014637,0.0,0.0,0.0,0.0,0.0,0.0,0.06719999760389328
40,1.33333332,-0.0016406094655394554,0.3614751398563385,-0.4265584647655487,-0.03410373255610466,0.274854451417923,0.0,0.0,0.00296705961227417,0.32845351099967957,-0.3772529065608978,0.010925761424005032,0.2491282969713211,0.0,0.0,0.0,0.0,0.0,0.0,0.0,0.0,0.06509999930858612,0.0,0.0,0.0,0.0,0.0,0.0,0.06700000166893005
41,1.366666653,-0.0016406094655394554,0.3614751398563385,-0.4265584647655487,-0.03410373255610466,0.274854451417923,0.0,0.0,0.00296705961227417,0.32845351099967957,-0.3772529065608978,0.010925761424005032,0.2491282969713211,0.0,0.0,0.0,0.0,0.0,0.0,0.0,0.0,0.06509999930858612,0.0,0.0,0.0,0.0,0.0,0.0,0.06700000166893005
42,1.399999986,-0.00411897711455822,0.38238418102264404,-0.4532794654369354,-0.04855506122112274,0.29827678203582764,0.009250245057046413,0.0,0.00296705961227417,0.3352079391479492,-0.3839899003505707,0.017261305823922157,0.25790730118751526,0.0,0.0,0.0,0.0,0.0,0.0,0.0,0.0,0.06530000269412994,0.0,0.0,0.0,0.0,0.0,0.0,0.06689999997615814
43,1.433333319,-0.008185594342648983,0.4169940650463104,-0.4960225820541382,-0.06476917117834091,0.32794737815856934,0.022654373198747635,0.0,0.00296705961227417,0.34688419103622437,-0.39936622977256775,0.016807520762085915,0.26707029342651367,0.0,0.0,0.0,0.0,0.0,0.0,0.0,0.0,0.06539999693632126,0.0,0.0,0.0,0.0,0.0,0.0,0.06669999659061432
44,1.466666652,-0.008185594342648983,0.4169940650463104,-0.4960225820541382,-0.06476917117834091,0.32794737815856934,0.022654373198747635,0.0,0.00296705961227417,0.34688419103622437,-0.39936622977256775,0.016807520762085915,0.26707029342651367,0.0,0.0,0.0,0.0,0.0,0.0,0.0,0.0,0.06539999693632126,0.0,0.0,0.0,0.0,0.0,0.0,0.06669999659061432
45,1.499999985,-0.01335176918655634,0.45582765340805054,-0.5441412925720215,-0.08592256158590317,0.3626095950603485,0.03933972120285034,0.0,0.004869468510150909,0.3619987368583679,-0.4190186560153961,0.019216075539588928,0.27516859769821167,0.0,0.0,0.0,0.0,0.0,0.0,0.0,0.0,0.06509999930858612,0.0,0.0,0.0,0.0,0.0,0.0,0.06599999964237213
46,1.533333318,-0.01984439417719841,0.5101771950721741,-0.5977054834365845,-0.10864674299955368,0.4034503102302551,0.05752605199813843,0.0,0.006824237294495106,0.380115270614624,-0.44059091806411743,0.01909390278160572,0.2888869047164917,0.0,0.0,0.0,0.0,0.0,0.0,0.0,0.0,0.06469999998807907,0.0,0.0,0.0,0.0,0.0,0.0,0.06530000269412994
47,1.566666651,-0.01984439417719841,0.5101771950721741,-0.5977054834365845,-0.10864674299955368,0.4034503102302551,0.05752605199813843,0.0,0.006824237294495106,0.380115270614624,-0.44059091806411743,0.01909390278160572,0.2888869047164917,0.0,0.0,0.0,0.0,0.0,0.0,0.0,0.0,0.06469999998807907,0.0,0.0,0.0,0.0,0.0,0.0,0.06530000269412994
48,1.599999984,-0.02431243658065796,0.5647885203361511,-0.6645690202713013,-0.13959144055843353,0.4466646611690521,0.0843866690993309,0.0,0.010908307507634163,0.4047069549560547,-0.46994736790657043,0.01909390278160572,0.304210901260376,-0.005358160939067602,0.0,0.0,0.0,0.0,0.0,0.0,0.0,0.06400000303983688,0.0,0.0,0.0,0.0,0.0,0.0,0.06449999660253525
49,1.633333317,-0.028117254376411438,0.6226112842559814,-0.7243291139602661,-0.1650557816028595,0.4836307466030121,0.1074424684047699,0.0,0.016091935336589813,0.42898446321487427,-0.49904200434684753,0.01909390278160572,0.3153111934661865,-0.007470009382814169,0.0,0.0,0.0,0.0,0.0,0.0,0.0,0.06360000371932983,0.0,0.0,0.0,0.0,0.0,0.0,0.06390000134706497
50,1.66666665,-0.028117254376411438,0.6226112842559814,-0.7243291139602661,-0.1650557816028595,0.4836307466030121,0.1074424684047699,0.0,0.016091935336589813,0.42898446321487427,-0.49904200434684753,0.01909390278160572,0.3153111934661865,-0.007470009382814169,0.0,0.0,0.0,0.0,0.0,0.0,0.0,0.06360000371932983,0.0,0.0,0.0,0.0,0.0,0.0,0.06390000134706497
51,1.699999983,-0.03890338912606239,0.6868219375610352,-0.7858868837356567,-0.19453439116477966,0.5221850872039795,0.1330988109111786,0.0,0.01860520988702774,0.45984190702438354,-0.5317843556404114,0.021118484437465668,0.33634239435195923,-0.007470009382814169,0.0,0.0,0.0,0.0,0.0,0.0,0.0,0.06319999694824219,0.0,0.0,0.0,0.0,0.0,0.0,0.0632999986410141
52,1.733333316,-0.048031460493803024,0.7523590922355652,-0.8445473909378052,-0.21823596954345703,0.5545260310173035,0.15514232218265533,0.0,0.022828906774520874,0.494189977645874,-0.5656088590621948,0.02555162087082863,0.3644247353076935,-0.009686577133834362,0.0,0.0,0.0,0.0,0.0,0.0,0.0,0.06260000169277191,0.0,0.0,0.0,0.0,0.0,0.0,0.06289999932050705
53,1.766666649,-0.048031460493803024,0.7523590922355652,-0.8445473909378052,-0.21823596954345703,0.5545260310173035,0.15514232218265533,0.0,0.022828906774520874,0.494189977645874,-0.5656088590621948,0.02555162087082863,0.3644247353076935,-0.009686577133834362,0.0,0.0,0.0,0.0,0.0,0.0,0.0,0.06260000169277191,0.0,0.0,0.0,0.0,0.0,0.0,0.06289999932050705
54,1.799999982,-0.06065019220113754,0.8189957737922668,-0.8990539908409119,-0.23521801829338074,0.5901307463645935,0.1771160066127777,0.0,0.02759365551173687,0.5326744914054871,-0.6040759086608887,0.0328296422958374,0.3896971046924591,-0.016545720398426056,0.0,0.0,0.0,0.0,0.0,0.0,0.0,0.06210000067949295,0.0,0.0,0.0,0.0,0.0,0.0,0.06239999830722809
55,1.833333315,-0.06963863968849182,0.8693833947181702,-0.9550092816352844,-0.24663247168064117,0.615839421749115,0.19369663298130035,0.0,0.031520646065473557,0.5734279155731201,-0.6446722745895386,0.040037851780653,0.4170115292072296,-0.019058994948863983,0.0,0.0,0.0,0.0,0.0,0.0,0.0,0.0617000013589859,0.0,0.0,0.0,0.0,0.0,0.0,0.061900001019239426
56,1.866666648,-0.06963863968849182,0.8693833947181702,-0.9550092816352844,-0.24663247168064117,0.615839421749115,0.19369663298130035,0.0,0.031520646065473557,0.5734279155731201,-0.6446722745895386,0.040037851780653,0.4170115292072296,-0.019058994948863983,0.0,0.0,0.0,0.0,0.0,0.0,0.0,0.0617000013589859,0.0,0.0,0.0,0.0,0.0,0.0,0.061900001019239426
57,1.899999981,-0.08220500499010086,0.9459335207939148,-0.9977174401283264,-0.25677284598350525,0.6467491984367371,0.20776399970054626,0.0,0.03712315484881401,0.6190159320831299,-0.6858620643615723,0.04731587693095207,0.4496142566204071,-0.02321287989616394,0.0,0.0,0.0,0.0,0.0,0.0,0.0,0.06120000034570694,0.0,0.0,0.0,0.0,0.0,0.0,0.061400000005960464
58,1.933333314,-0.09262462705373764,1.011016845703125,-1.0359925031661987,-0.26282912492752075,0.6633298397064209,0.21872466802597046,0.0,0.04012512043118477,0.6717946529388428,-0.7308915257453918,0.05480333790183067,0.4809778332710266,-0.03073524869978428,0.0,0.0,0.0,0.0,0.0,0.0,0.0,0.06080000102519989,0.0,0.0,0.0,0.0,0.0,0.0,0.061000000685453415
59,1.966666647,-0.09262462705373764,1.011016845703125,-1.0359925031661987,-0.26282912492752075,0.6633298397064209,0.21872466802597046,0.0,0.04012512043118477,0.6717946529388428,-0.7308915257453918,0.05480333790183067,0.4809778332710266,-0.03073524869978428,0.0,0.0,0.0,0.0,0.0,0.0,0.0,0.06080000102519989,0.0,0.0,0.0,0.0,0.0,0.0,0.061000000685453415
60,1.99999998,-0.10164797306060791,1.0719114542007446,-1.0690665245056152,-0.2646442651748657,0.6879040598869324,0.2252172827720642,0.0,0.045640360563993454,0.721135139465332,-0.7711737155914307,0.06248278543353081,0.5119225382804871,-0.0385892279446125,0.0,0.0,0.0,0.0,0.0,0.0,0.0,0.06030000001192093,0.0,0.0,0.0,0.0,0.0,0.0,0.060600001364946365
61,2.033333313,-0.10876891762018204,1.1295422315597534,-1.0998367071151733,-0.26768115162849426,0.7040309309959412,0.22575834393501282,0.0,0.051940999925136566,0.7717846035957336,-0.8087332248687744,0.0705811157822609,0.5452582836151123,-0.04811872914433479,0.0,0.0,0.0,0.0,0.0,0.0,0.0,0.059700001031160355,0.0,0.0,0.0,0.0,0.0,0.0,0.05990000069141388
62,2.066666646,-0.10876891762018204,1.1295422315597534,-1.0998367071151733,-0.26768115162849426,0.7040309309959412,0.22575834393501282,0.0,0.051940999925136566,0.7717846035957336,-0.8087332248687744,0.0705811157822609,0.5452582836151123,-0.04811872914433479,0.0,0.0,0.0,0.0,0.0,0.0,0.0,0.059700001031160355,0.0,0.0,0.0,0.0,0.0,0.0,0.05990000069141388
63,2.099999979,-0.11594222486019135,1.1827921867370605,-1.1295247077941895,-0.27319639921188354,0.7250795960426331,0.23020893335342407,0.0,0.06028367206454277,0.8233765363693237,-0.8436747193336487,0.0820828378200531,0.5760633945465088,-0.060842178761959076,0.0,0.0,0.0,0.0,0.0,0.0,0.0,0.05939999967813492,0.0,0.0,0.0,0.0,0.0,0.0,0.059300001710653305
64,2.133333312,-0.12566371262073517,1.2361294031143188,-1.1577816009521484,-0.27841493487358093,0.751660943031311,0.23312363028526306,0.0,0.06695082783699036,0.8750906586647034,-0.8777784109115601,0.09934414178133011,0.6024876832962036,-0.07122688740491867,0.0,0.0,0.0,0.0,0.0,0.0,0.0,0.059300001710653305,0.0,0.0,0.0,0.0,0.0,0.0,0.05849999934434891
65,2.166666645,-0.12566371262073517,1.2361294031143188,-1.1577816009521484,-0.27841493487358093,0.751660943031311,0.23312363028526306,0.0,0.06695082783699036,0.8750906586647034,-0.8777784109115601,0.09934414178133011,0.6024876832962036,-0.07122688740491867,0.0,0.0,0.0,0.0,0.0,0.0,0.0,0.059300001710653305,0.0,0.0,0.0,0.0,0.0,0.0,0.05849999934434891
66,2.199999978,-0.13255774974822998,1.2867439985275269,-1.1895815134048462,-0.28534388542175293,0.7772125601768494,0.23567180335521698,0.0,0.07696902006864548,0.9344841837882996,-0.9142383933067322,0.11196286976337433,0.6380051374435425,-0.08471827954053879,0.0,0.0,0.0,0.0,0.0,0.0,0.0,0.05900000035762787,0.0,0.0,0.0,0.0,0.0,0.0,0.05770000070333481
67,2.233333311,-0.13987068831920624,1.340779423713684,-1.213056206703186,-0.29539698362350464,0.80656898021698,0.24345597624778748,0.0,0.07696902006864548,0.9344841837882996,-0.9142383933067322,0.11196286976337433,0.6380051374435425,-0.08471827954053879,0.0,0.0,0.0,0.0,0.0,0.0,0.0,0.05849999934434891,0.0,0.0,0.0,0.0,0.0,0.0,0.05770000070333481
68,2.266666644,-0.13987068831920624,1.340779423713684,-1.213056206703186,-0.29539698362350464,0.80656898021698,0.24345597624778748,0.0,0.08714429289102554,0.9706299304962158,-0.9438740611076355,0.1218414381146431,0.6685483455657959,-0.09512044489383698,0.0,0.0,0.0,0.0,0.0,0.0,0.0,0.05849999934434891,0.0,0.0,0.0,0.0,0.0,0.0,0.05700000002980232
69,2.299999977,-0.15154694020748138,1.3862277269363403,-1.227891445159912,-0.30599111318588257,0.8262737989425659,0.2531949281692505,0.0,0.09522516280412674,1.0193246603012085,-0.9700365662574768,0.12721705436706543,0.6967354416847229,-0.09969320893287659,0.0,0.0,0.0,0.0,0.0,0.0,0.0,0.05810000002384186,0.0,0.0,0.0,0.0,0.0,0.0,0.05640000104904175
70,2.33333331,-0.1647590845823288,1.4297213554382324,-1.2300207614898682,-0.3170390725135803,0.839224100112915,0.2652027904987335,0.0,0.09522516280412674,1.0193246603012085,-0.9700365662574768,0.12721705436706543,0.6967354416847229,-0.09969320893287659,0.0,0.0,0.0,0.0,0.0,0.0,0.0,0.05770000070333481,0.0,0.0,0.0,0.0,0.0,0.0,0.05640000104904175
71,2.366666643,-0.1647590845823288,1.4297213554382324,-1.2300207614898682,-0.3170390725135803,0.839224100112915,0.2652027904987335,0.0,0.10163052380084991,1.067914605140686,-0.9911026954650879,0.12884020805358887,0.7243814468383789,-0.10159561783075333,0.0,0.0,0.0,0.0,0.0,0.0,0.0,0.05770000070333481,0.0,0.0,0.0,0.0,0.0,0.0,0.05590000003576279
72,2.399999976,-0.18311993777751923,1.4716092348098755,-1.2222191095352173,-0.3364296555519104,0.8389099836349487,0.27860692143440247,0.0,0.10409143567085266,1.099801778793335,-1.0007020235061646,0.12884020805358887,0.748466968536377,-0.10159561783075333,0.0,0.0,0.0,0.0,0.0,0.0,0.0,0.05700000002980232,0.0,0.0,0.0,0.0,0.0,0.0,0.05550000071525574
73,2.433333309,-0.2059313952922821,1.511786699295044,-1.2072442770004272,-0.355418860912323,0.8290837407112122,0.2940705120563507,0.0,0.10409143567085266,1.099801778793335,-1.0007020235061646,0.12884020805358887,0.748466968536377,-0.10159561783075333,0.0,0.0,0.0,0.0,0.0,0.0,0.0,0.05689999833703041,0.0,0.0,0.0,0.0,0.0,0.0,0.05550000071525574
74,2.466666642,-0.2059313952922821,1.511786699295044,-1.2072442770004272,-0.355418860912323,0.8290837407112122,0.2940705120563507,0.0,0.10409143567085266,1.1216707229614258,-1.0018364191055298,0.1238660141825676,0.7670024037361145,-0.09738937020301819,0.0,0.0,0.0,0.0,0.0,0.0,0.0,0.05689999833703041,0.0,0.0,0.0,0.0,0.0,0.0,0.054999999701976776
75,2.499999975,-0.23001694679260254,1.5524529218673706,-1.190314531326294,-0.3796265721321106,0.8049982190132141,0.3116983473300934,0.0,0.09930923581123352,1.1313049793243408,-0.9931621551513672,0.11958996206521988,0.7785041332244873,-0.09037315100431442,0.0,0.0,0.0,0.0,0.0,0.0,0.0,0.056699998676776886,0.0,0.0,0.0,0.0,0.0,0.0,0.0544000007212162
76,2.533333308,-0.23001694679260254,1.5524529218673706,-1.190314531326294,-0.3796265721321106,0.8049982190132141,0.3116983473300934,0.0,0.09930923581123352,1.1313049793243408,-0.9931621551513672,0.11958996206521988,0.7785041332244873,-0.09037315100431442,0.0,0.0,0.0,0.0,0.0,0.0,0.0,0.056699998676776886,0.0,0.0,0.0,0.0,0.0,0.0,0.0544000007212162
77,2.566666641,-0.25502750277519226,1.5997687578201294,-1.1753395795822144,-0.40111157298088074,0.7756592035293579,0.3222575783729553,0.0,0.096778504550457,1.1313049793243408,-0.9785711765289307,0.11472049355506897,0.7825881838798523,-0.08538150787353516,0.0,0.0,0.0,0.0,0.0,0.0,0.0,0.056699998676776886,0.0,0.0,0.0,0.0,0.0,0.0,0.054099999368190765
78,2.599999974,-0.28557077050209045,1.6425119638442993,-1.1628779172897339,-0.4231376349925995,0.7420092821121216,0.33402112126350403,0.0,0.09105382859706879,1.1174296140670776,-0.957470178604126,0.1103048101067543,0.7718194723129272,-0.07984881103038788,0.0,0.0,0.0,0.0,0.0,0.0,0.0,0.056699998676776886,0.0,0.0,0.0,0.0,0.0,0.0,0.05389999970793724
79,2.633333307,-0.28557077050209045,1.6425119638442993,-1.1628779172897339,-0.4231376349925995,0.7420092821121216,0.33402112126350403,0.0,0.09105382859706879,1.1174296140670776,-0.957470178604126,0.1103048101067543,0.7718194723129272,-0.07984881103038788,0.0,0.0,0.0,0.0,0.0,0.0,0.0,0.056699998676776886,0.0,0.0,0.0,0.0,0.0,0.0,0.05389999970793724
80,2.66666664,-0.310459166765213,1.69148588180542,-1.1542561054229736,-0.43886303901672363,0.7112042307853699,0.3412991464138031,0.0,0.08656833320856094,1.1001158952713013,-0.9341351389884949,0.10737265646457672,0.7573158144950867,-0.07700392603874207,0.0,0.0,0.0,0.0,0.0,0.0,0.0,0.05689999833703041,0.0,0.0,0.0,0.0,0.0,0.0,0.053599998354911804
81,2.699999973,-0.3341083824634552,1.7337751388549805,-1.151620626449585,-0.45518186688423157,0.6751282811164856,0.34950217604637146,0.0,0.08176867663860321,1.084809422492981,-0.9039758443832397,0.10705849528312683,0.7379775643348694,-0.07496189326047897,0.0,0.0,0.0,0.0,0.0,0.0,0.0,0.057100001722574234,0.0,0.0,0.0,0.0,0.0,0.0,0.05350000038743019
82,2.733333306,-0.3341083824634552,1.7337751388549805,-1.151620626449585,-0.45518186688423157,0.6751282811164856,0.34950217604637146,0.0,0.08176867663860321,1.084809422492981,-0.9039758443832397,0.10705849528312683,0.7379775643348694,-0.07496189326047897,0.0,0.0,0.0,0.0,0.0,0.0,0.0,0.057100001722574234,0.0,0.0,0.0,0.0,0.0,0.0,0.05350000038743019
83,2.766666639,-0.3540574908256531,1.7750521898269653,-1.147588849067688,-0.4720766544342041,0.6459812521934509,0.3550697863101959,0.0,0.08176867663860321,1.0828022956848145,-0.880134642124176,0.10705849528312683,0.7225313782691956,-0.07208209484815598,0.0,0.0,0.0,0.0,0.0,0.0,0.0,0.057100001722574234,0.0,0.0,0.0,0.0,0.0,0.0,0.053300000727176666
84,2.799999972,-0.3700621724128723,1.811983346939087,-1.1476936340332031,-0.4905073344707489,0.6275331377983093,0.35960763692855835,0.0,0.08955284208059311,1.0928902626037598,-0.8642521500587463,0.11342895030975342,0.7088131308555603,-0.0743335708975792,0.0,0.0,0.0,0.0,0.0,0.0,0.0,0.057100001722574234,0.0,0.0,0.0,0.0,0.0,0.0,0.053199999034404755
85,2.833333305,-0.3700621724128723,1.811983346939087,-1.1476936340332031,-0.4905073344707489,0.6275331377983093,0.35960763692855835,0.0,0.08955284208059311,1.0928902626037598,-0.8642521500587463,0.11342895030975342,0.7088131308555603,-0.0743335708975792,0.0,0.0,0.0,0.0,0.0,0.0,0.0,0.057100001722574234,0.0,0.0,0.0,0.0,0.0,0.0,0.053199999034404755
86,2.866666638,-0.3802548944950104,1.8435040712356567,-1.1476936340332031,-0.5060232877731323,0.6080552339553833,0.3620859980583191,0.0,0.09841911494731903,1.1127870082855225,-0.8586670756340027,0.12130038440227509,0.6966481804847717,-0.0743335708975792,0.0,0.0,0.0,0.0,0.0,0.0,0.0,0.057100001722574234,0.0,0.0,0.0,0.0,0.0,0.0,0.05290000140666962
87,2.899999971,-0.38721874356269836,1.870329737663269,-1.1476936340332031,-0.5230053663253784,0.5947907567024231,0.3639884293079376,0.0,0.10791371017694473,1.1328758001327515,-0.8607614636421204,0.12346459180116653,0.6923372149467468,-0.07710864394903183,0.0,0.0,0.0,0.0,0.0,0.0,0.0,0.057100001722574234,0.0,0.0,0.0,0.0,0.0,0.0,0.05270000174641609
88,2.933333304,-0.38721874356269836,1.870329737663269,-1.1476936340332031,-0.5230053663253784,0.5947907567024231,0.3639884293079376,0.0,0.10791371017694473,1.1328758001327515,-0.8607614636421204,0.12346459180116653,0.6923372149467468,-0.07710864394903183,0.0,0.0,0.0,0.0,0.0,0.0,0.0,0.057100001722574234,0.0,0.0,0.0,0.0,0.0,0.0,0.05270000174641609
89,2.966666637,-0.39182642102241516,1.8933156728744507,-1.1476936340332031,-0.5323079824447632,0.5873032808303833,0.3639884293079376,0.0,0.11712904274463654,1.1522140502929688,-0.8731881976127625,0.13215632736682892,0.6846402883529663,-0.07995353639125824,0.0,0.0,0.0,0.0,0.0,0.0,0.0,0.05660000070929527,0.0,0.0,0.0,0.0,0.0,0.0,0.05220000073313713
90,2.99999997,-0.39652135968208313,1.9139803647994995,-1.1476936340332031,-0.5398128628730774,0.5752954483032227,0.3639884293079376,0.0,0.13091714680194855,1.173576831817627,-0.8845154047012329,0.13692107796669006,0.6767339706420898,-0.0844041258096695,0.0,0.0,0.0,0.0,0.0,0.0,0.0,0.0551999993622303,0.0,0.0,0.0,0.0,0.0,0.0,0.051899999380111694
91,3.033333303,-0.39652135968208313,1.9139803647994995,-1.1476936340332031,-0.5398128628730774,0.5752954483032227,0.3639884293079376,0.0,0.13091714680194855,1.173576831817627,-0.8845154047012329,0.13692107796669006,0.6767339706420898,-0.0844041258096695,0.0,0.0,0.0,0.0,0.0,0.0,0.0,0.0551999993622303,0.0,0.0,0.0,0.0,0.0,0.0,0.051899999380111694
92,3.066666636,-0.402647465467453,1.9285364151000977,-1.1476936340332031,-0.5446649193763733,0.563270092010498,0.36102136969566345,0.0,0.14666001498699188,1.202462077140808,-0.893922746181488,0.14643312990665436,0.6715503334999084,-0.08667305111885071,0.0,0.0,0.0,0.0,0.0,0.0,0.0,0.05260000005364418,0.0,0.0,0.0,0.0,0.0,0.0,0.05169999971985817
93,3.099999969,-0.402647465467453,1.9410505294799805,-1.1476936340332031,-0.5468465685844421,0.5542991161346436,0.3540225923061371,0.0,0.16105897724628448,1.226704716682434,-0.906646192073822,0.1564164012670517,0.66697758436203,-0.09510298818349838,0.0,0.0,0.0,0.0,0.0,0.0,0.0,0.04859999939799309,0.0,0.0,0.0,0.0,0.0,0.0,0.05139999836683273
94,3.133333302,-0.402647465467453,1.9410505294799805,-1.1476936340332031,-0.5468465685844421,0.5542991161346436,0.3540225923061371,0.0,0.16105897724628448,1.226704716682434,-0.906646192073822,0.1564164012670517,0.66697758436203,-0.09510298818349838,0.0,0.0,0.0,0.0,0.0,0.0,0.0,0.04859999939799309,0.0,0.0,0.0,0.0,0.0,0.0,0.05139999836683273
95,3.166666635,-0.402647465467453,1.9501087665557861,-1.1476936340332031,-0.5468465685844421,0.5433733463287354,0.35212019085884094,0.0,0.17669713497161865,1.256689429283142,-0.9207310080528259,0.1676039695739746,0.66697758436203,-0.09742427617311478,0.0,0.0,0.0,0.0,0.0,0.0,0.0,0.045099999755620956,0.0,0.0,0.0,0.0,0.0,0.0,0.05090000107884407
96,3.199999968,-0.4047069549560547,1.9622212648391724,-1.1496134996414185,-0.5534439086914062,0.5379104614257812,0.346744567155838,0.0,0.18860027194023132,1.2836896181106567,-0.9294402003288269,0.1745678335428238,0.6642548441886902,-0.10444050282239914,0.0,0.0,0.0,0.0,0.0,0.0,0.0,0.041600000113248825,0.0,0.0,0.0,0.0,0.0,0.0,0.050599999725818634
97,3.233333301,-0.4047069549560547,1.9622212648391724,-1.1496134996414185,-0.5534439086914062,0.5379104614257812,0.346744567155838,0.0,0.18860027194023132,1.2836896181106567,-0.9294402003288269,0.1745678335428238,0.6642548441886902,-0.10444050282239914,0.0,0.0,0.0,0.0,0.0,0.0,0.0,0.041600000113248825,0.0,0.0,0.0,0.0,0.0,0.0,0.050599999725818634
98,3.266666634,-0.4046720266342163,1.9693597555160522,-1.1513936519622803,-0.5562364459037781,0.5356764793395996,0.346744567155838,0.0,0.20198695361614227,1.3105154037475586,-0.9347459673881531,0.1843591332435608,0.6642548441886902,-0.11093312501907349,0.0,0.0,0.0,0.0,0.0,0.0,0.0,0.03750000149011612,0.0,0.0,0.0,0.0,0.0,0.0,0.05040000006556511
99,3.299999967,-0.4046720266342163,1.9768821001052856,-1.1512715816497803,-0.5584878921508789,0.5332329869270325,0.34463271498680115,0.0,0.21268582344055176,1.336381196975708,-0.9387253522872925,0.19696040451526642,0.666436493396759,-0.12084659934043884,0.0,0.0,0.0,0.0,0.0,0.0,0.0,0.03220000118017197,0.0,0.0,0.0,0.0,0.0,0.0,0.05000000074505806
100,3.3333333,-0.4046720266342163,1.9768821001052856,-1.1512715816497803,-0.5584878921508789,0.5332329869270325,0.34463271498680115,0.0,0.21268582344055176,1.336381196975708,-0.9387253522872925,0.19696040451526642,0.666436493396759,-0.12084659934043884,0.0,0.0,0.0,0.0,0.0,0.0,0.0,0.03220000118017197,0.0,0.0,0.0,0.0,0.0,0.0,0.05000000074505806
101,3.366666633,-0.4046720266342163,1.9763585329055786,-1.1512715816497803,-0.5608266592025757,0.5311211347579956,0.34463271498680115,0.0,0.2246238738298416,1.362648367881775,-0.9387253522872925,0.20861920714378357,0.6682865619659424,-0.1302190124988556,0.0,0.0,0.0,0.0,0.0,0.0,0.0,0.026599999517202377,0.0,0.0,0.0,0.0,0.0,0.0,0.04960000142455101
102,3.399999966,-0.4046720266342163,1.972117304801941,-1.1492818593978882,-0.5627813935279846,0.5342801809310913,0.34812337160110474,0.0,0.23968607187271118,1.3881301879882812,-0.9369450807571411,0.2266659140586853,0.6698748469352722,-0.1486496925354004,0.0,0.0,0.0,0.0,0.0,0.0,0.0,0.020999999716877937,0.0,0.0,0.0,0.0,0.0,0.0,0.049400001764297485
103,3.433333299,-0.4046720266342163,1.972117304801941,-1.1492818593978882,-0.5627813935279846,0.5342801809310913,0.34812337160110474,0.0,0.23968607187271118,1.3881301879882812,-0.9369450807571411,0.2266659140586853,0.6698748469352722,-0.1486496925354004,0.0,0.0,0.0,0.0,0.0,0.0,0.0,0.020999999716877937,0.0,0.0,0.0,0.0,0.0,0.0,0.049400001764297485
104,3.466666632,-0.4046720266342163,1.956967830657959,-1.1451104879379272,-0.5603379607200623,0.5437398552894592,0.35091590881347656,0.0,0.25680774450302124,1.414554476737976,-0.930347740650177,0.24380503594875336,0.6658605337142944,-0.16753415763378143,0.0,0.0,0.0,0.0,0.0,0.0,0.0,0.015200000256299973,0.0,0.0,0.0,0.0,0.0,0.0,0.04899999871850014
105,3.499999965,-0.40278708934783936,1.934191346168518,-1.1413929462432861,-0.5546307563781738,0.5531821250915527,0.3548777997493744,0.0,0.27841493487358093,1.4404550790786743,-0.9226683378219604,0.2649584412574768,0.6571513414382935,-0.18477800488471985,0.0,0.0,0.0,0.0,0.0,0.0,0.0,0.01140000019222498,0.0,0.0,0.0,0.0,0.0,0.0,0.048700001090765
106,3.533333298,-0.40278708934783936,1.934191346168518,-1.1413929462432861,-0.5546307563781738,0.5531821250915527,0.3548777997493744,0.0,0.27841493487358093,1.4404550790786743,-0.9226683378219604,0.2649584412574768,0.6571513414382935,-0.18477800488471985,0.0,0.0,0.0,0.0,0.0,0.0,0.0,0.01140000019222498,0.0,0.0,0.0,0.0,0.0,0.0,0.048700001090765
107,3.566666631,-0.40278708934783936,1.9075226783752441,-1.1413929462432861,-0.5469163656234741,0.5576326847076416,0.3602883219718933,0.0,0.30319860577583313,1.4688690900802612,-0.9178337454795837,0.28782224655151367,0.6444628238677979,-0.20519836246967316,0.0,0.0,0.0,0.0,0.0,0.0,0.0,0.008799999952316284,0.0,0.0,0.0,0.0,0.0,0.0,0.048500001430511475
108,3.599999964,-0.40278708934783936,1.876525640487671,-1.1413929462432861,-0.5357637405395508,0.5632526278495789,0.36280158162117004,0.0,0.3309318721294403,1.5011402368545532,-0.9157568216323853,0.3115761876106262,0.6201678514480591,-0.22558380663394928,0.0,0.0,0.0,0.0,0.0,0.0,0.0,0.007499999832361937,0.0,0.0,0.0,0.0,0.0,0.0,0.048500001430511475
109,3.633333297,-0.40278708934783936,1.876525640487671,-1.1413929462432861,-0.5357637405395508,0.5632526278495789,0.36280158162117004,0.0,0.3309318721294403,1.5011402368545532,-0.9157568216323853,0.3115761876106262,0.6201678514480591,-0.22558380663394928,0.0,0.0,0.0,0.0,0.0,0.0,0.0,0.007499999832361937,0.0,0.0,0.0,0.0,0.0,0.0,0.048500001430511475
110,3.66666663,-0.40278708934783936,1.8449701070785522,-1.1402759552001953,-0.5288522243499756,0.5705306529998779,0.3647040128707886,0.0,0.36018359661102295,1.5356279611587524,-0.9170483350753784,0.3332706093788147,0.6020862460136414,-0.24268803000450134,0.0,0.0,0.0,0.0,0.0,0.0,0.0,0.0071000000461936,0.0,0.0,0.0,0.0,0.0,0.0,0.04830000177025795
111,3.699999963,-0.40278708934783936,1.813955545425415,-1.1364012956619263,-0.5211378335952759,0.5736896991729736,0.3647040128707886,0.0,0.39154717326164246,1.5753865242004395,-0.9243088960647583,0.35531413555145264,0.5758888125419617,-0.25560346245765686,0.0,0.0,0.0,0.0,0.0,0.0,0.0,0.006899999920278788,0.0,0.0,0.0,0.0,0.0,0.0,0.04830000177025795
112,3.733333296,-0.40278708934783936,1.813955545425415,-1.1364012956619263,-0.5211378335952759,0.5736896991729736,0.3647040128707886,0.0,0.39154717326164246,1.5753865242004395,-0.9243088960647583,0.35531413555145264,0.5758888125419617,-0.25560346245765686,0.0,0.0,0.0,0.0,0.0,0.0,0.0,0.006899999920278788,0.0,0.0,0.0,0.0,0.0,0.0,0.04830000177025795
113,3.766666629,-0.40278708934783936,1.7849482297897339,-1.1364012956619263,-0.5155876874923706,0.5825734734535217,0.3647040128707886,0.0,0.4254589080810547,1.6149531602859497,-0.9412909746170044,0.36768850684165955,0.5572312474250793,-0.26167720556259155,0.0,0.0,0.0,0.0,0.0,0.0,0.0,0.006899999920278788,0.0,0.0,0.0,0.0,0.0,0.0,0.04809999838471413
114,3.799999962,-0.40278708934783936,1.7660462856292725,-1.1352843046188354,-0.5095663070678711,0.5898514986038208,0.3625921607017517,0.0,0.4519704580307007,1.664433240890503,-0.9605594277381897,0.37224382162094116,0.5355891585350037,-0.26167720556259155,0.0,0.0,0.0,0.0,0.0,0.0,0.0,0.006899999920278788,0.0,0.0,0.0,0.0,0.0,0.0,0.04780000075697899
115,3.833333295,-0.40278708934783936,1.7660462856292725,-1.1352843046188354,-0.5095663070678711,0.5898514986038208,0.3625921607017517,0.0,0.4519704580307007,1.664433240890503,-0.9605594277381897,0.37224382162094116,0.5355891585350037,-0.26167720556259155,0.0,0.0,0.0,0.0,0.0,0.0,0.0,0.006899999920278788,0.0,0.0,0.0,0.0,0.0,0.0,0.04780000075697899
116,3.866666628,-0.40278708934783936,1.7594314813613892,-1.134184718132019,-0.5073323249816895,0.5942845940589905,0.3585604429244995,0.0,0.47272244095802307,1.7068796157836914,-0.9808750152587891,0.3703588545322418,0.5311385989189148,-0.26167720556259155,0.0,0.0,0.0,0.0,0.0,0.0,0.0,0.006899999920278788,0.0,0.0,0.0,0.0,0.0,0.0,0.04749999940395355
117,3.899999961,-0.40278708934783936,1.760251760482788,-1.1328059434890747,-0.5027071833610535,0.6012659072875977,0.35384804010391235,0.0,0.48602184653282166,1.7501637935638428,-1.0049431324005127,0.36559411883354187,0.5323254466056824,-0.26167720556259155,0.0,0.0,0.0,0.0,0.0,0.0,0.0,0.006899999920278788,0.0,0.0,0.0,0.0,0.0,0.0,0.04729999974370003
118,3.933333294,-0.40278708934783936,1.760251760482788,-1.1328059434890747,-0.5027071833610535,0.6012659072875977,0.35384804010391235,0.0,0.48602184653282166,1.7501637935638428,-1.0049431324005127,0.36559411883354187,0.5323254466056824,-0.26167720556259155,0.0,0.0,0.0,0.0,0.0,0.0,0.0,0.006899999920278788,0.0,0.0,0.0,0.0,0.0,0.0,0.04729999974370003
119,3.966666627,-0.40278708934783936,1.7652260065078735,-1.129367709159851,-0.5027071833610535,0.6013357639312744,0.3517536520957947,0.0,0.4934045672416687,1.7915281057357788,-1.0276848077774048,0.36423274874687195,0.5377010107040405,-0.25902432203292847,0.0,0.0,0.0,0.0,0.0,0.0,0.0,0.006899999920278788,0.0,0.0,0.0,0.0,0.0,0.0,0.047200001776218414
120,3.99999996,-0.40278708934783936,1.7721025943756104,-1.1278492212295532,-0.5027071833610535,0.6030985116958618,0.34924039244651794,0.0,0.4934045672416687,1.836993932723999,-1.052904725074768,0.3580543100833893,0.5440016984939575,-0.25506243109703064,0.0,0.0,0.0,0.0,0.0,0.0,0.0,0.006899999920278788,0.0,0.0,0.0,0.0,0.0,0.0,0.047200001776218414
121,4.033333293,-0.40278708934783936,1.7721025943756104,-1.1278492212295532,-0.5027071833610535,0.6030985116958618,0.34924039244651794,0.0,0.4934045672416687,1.836993932723999,-1.052904725074768,0.3580543100833893,0.5440016984939575,-0.25506243109703064,0.0,0.0,0.0,0.0,0.0,0.0,0.0,0.006899999920278788,0.0,0.0,0.0,0.0,0.0,0.0,0.047200001776218414
122,4.066666626,-0.40278708934783936,1.7797471284866333,-1.1278492212295532,-0.5027071833610535,0.6030985116958618,0.3467271029949188,0.0,0.4934045672416687,1.8715863227844238,-1.0681939125061035,0.3580892086029053,0.5488362312316895,-0.25507986545562744,0.0,0.0,0.0,0.0,0.0,0.0,0.0,0.006899999920278788,0.0,0.0,0.0,0.0,0.0,0.0,0.047200001776218414
123,4.099999959,-0.40278708934783936,1.7842849493026733,-1.1278492212295532,-0.5027071833610535,0.6030985116958618,0.3444756269454956,0.0,0.4934045672416687,1.9013093709945679,-1.0762048959732056,0.3580892086029053,0.5488362312316895,-0.2500707805156708,0.0,0.0,0.0,0.0,0.0,0.0,0.0,0.006899999920278788,0.0,0.0,0.0,0.0,0.0,0.0,0.04690000042319298
124,4.133333292,-0.40278708934783936,1.7842849493026733,-1.1278492212295532,-0.5027071833610535,0.6030985116958618,0.3444756269454956,0.0,0.4934045672416687,1.9013093709945679,-1.0762048959732056,0.3580892086029053,0.5488362312316895,-0.2500707805156708,0.0,0.0,0.0,0.0,0.0,0.0,0.0,0.006899999920278788,0.0,0.0,0.0,0.0,0.0,0.0,0.04690000042319298
125,4.166666625,-0.40278708934783936,1.7916852235794067,-1.1278492212295532,-0.5027071833610535,0.6012833714485168,0.3444756269454956,0.0,0.49153706431388855,1.9244000911712646,-1.078892707824707,0.3580892086029053,0.5488362312316895,-0.2474004179239273,0.0,0.0,0.0,0.0,0.0,0.0,0.0,0.006899999920278788,0.0,0.0,0.0,0.0,0.0,0.0,0.045899998396635056
126,4.199999958,-0.40278708934783936,1.7937097549438477,-1.1278492212295532,-0.5027071833610535,0.6024702191352844,0.3430793583393097,0.0,0.49153706431388855,1.9424293041229248,-1.080498456954956,0.3580892086029053,0.5488362312316895,-0.2422167956829071,0.0,0.0,0.0,0.0,0.0,0.0,0.0,0.006899999920278788,0.0,0.0,0.0,0.0,0.0,0.0,0.04390000179409981
127,4.233333291,-0.40278708934783936,1.7937097549438477,-1.1278492212295532,-0.5027071833610535,0.6024702191352844,0.3430793583393097,0.0,0.49153706431388855,1.9424293041229248,-1.080498456954956,0.3580892086029053,0.5488362312316895,-0.2422167956829071,0.0,0.0,0.0,0.0,0.0,0.0,0.0,0.006899999920278788,0.0,0.0,0.0,0.0,0.0,0.0,0.04390000179409981
128,4.266666624,-0.40278708934783936,1.7954027652740479,-1.1297167539596558,-0.5027071833610535,0.599031925201416,0.3430793583393097,0.0,0.4894426763057709,1.9516446590423584,-1.0831687450408936,0.36187657713890076,0.5488362312316895,-0.2393719106912613,0.0,0.0,0.0,0.0,0.0,0.0,0.0,0.006899999920278788,0.0,0.0,0.0,0.0,0.0,0.0,0.03739999979734421
129,4.299999957,-0.40278708934783936,1.797758936882019,-1.1297167539596558,-0.5027071833610535,0.6010215878486633,0.3430793583393097,0.0,0.4894426763057709,1.9555367231369019,-1.0831687450408936,0.36187657713890076,0.5488362312316895,-0.2393719106912613,0.0,0.0,0.0,0.0,0.0,0.0,0.0,0.006899999920278788,0.0,0.0,0.0,0.0,0.0,0.0,0.029100000858306885
130,4.33333329,-0.40278708934783936,1.797758936882019,-1.1297167539596558,-0.5027071833610535,0.6010215878486633,0.3430793583393097,0.0,0.4894426763057709,1.9555367231369019,-1.0831687450408936,0.36187657713890076,0.5488362312316895,-0.2393719106912613,0.0,0.0,0.0,0.0,0.0,0.0,0.0,0.006899999920278788,0.0,0.0,0.0,0.0,0.0,0.0,0.029100000858306885
131,4.366666623,-0.40278708934783936,1.798823595046997,-1.1297167539596558,-0.5027071833610535,0.6011088490486145,0.3430793583393097,0.0,0.4869992136955261,1.957753300666809,-1.0831687450408936,0.36187657713890076,0.5510353446006775,-0.23513075709342957,0.0,0.0,0.0,0.0,0.0,0.0,0.0,0.006899999920278788,0.0,0.0,0.0,0.0,0.0,0.0,0.017899999395012856
132,4.399999956,-0.40458476543426514,1.798823595046997,-1.1297167539596558,-0.5008222460746765,0.603115975856781,0.339920312166214,0.0,0.4869992136955261,1.957753300666809,-1.0831687450408936,0.36023595929145813,0.5576850771903992,-0.2376440316438675,0.0,0.0,0.0,0.0,0.0,0.0,0.0,0.006899999920278788,0.0,0.0,0.0,0.0,0.0,0.0,0.008700000122189522
133,4.433333289,-0.40458476543426514,1.798823595046997,-1.1297167539596558,-0.5008222460746765,0.603115975856781,0.339920312166214,0.0,0.4869992136955261,1.957753300666809,-1.0831687450408936,0.36023595929145813,0.5576850771903992,-0.2376440316438675,0.0,0.0,0.0,0.0,0.0,0.0,0.0,0.006899999920278788,0.0,0.0,0.0,0.0,0.0,0.0,0.008700000122189522
134,4.466666622,-0.40458476543426514,1.79252290725708,-1.1297167539596558,-0.4943121373653412,0.603115975856781,0.339920312166214,0.0,0.4869992136955261,1.9550479650497437,-1.0811965465545654,0.35273104906082153,0.566900372505188,-0.2376440316438675,0.0,0.0,0.0,0.0,0.0,0.0,0.0,0.006899999920278788,0.0,0.0,0.0,0.0,0.0,0.0,0.0032999999821186066
135,4.499999955,-0.4021413028240204,1.7796598672866821,-1.1313573122024536,-0.48609164357185364,0.6051928997039795,0.339920312166214,0.0,0.4869992136955261,1.9449949264526367,-1.0798875093460083,0.3410896956920624,0.5782275795936584,-0.2376440316438675,0.0,0.0,0.0,0.0,0.0,0.0,0.0,0.006899999920278788,0.0,0.0,0.0,0.0,0.0,0.0,0.0013000000035390258
136,4.533333288,-0.4021413028240204,1.7796598672866821,-1.1313573122024536,-0.48609164357185364,0.6051928997039795,0.339920312166214,0.0,0.4869992136955261,1.9449949264526367,-1.0798875093460083,0.3410896956920624,0.5782275795936584,-0.2376440316438675,0.0,0.0,0.0,0.0,0.0,0.0,0.0,0.006899999920278788,0.0,0.0,0.0,0.0,0.0,0.0,0.0013000000035390258
137,4.566666621,-0.39995965361595154,1.7631490230560303,-1.133277177810669,-0.4799131751060486,0.6051928997039795,0.339920312166214,0.0,0.48521897196769714,1.9280303716659546,-1.076780915260315,0.3263067603111267,0.5857150554656982,-0.23335051536560059,0.0,0.0,0.0,0.0,0.0,0.0,0.0,0.006899999920278788,0.0,0.0,0.0,0.0,0.0,0.0,0.0006000000284984708
138,4.599999954,-0.39304813742637634,1.7393602132797241,-1.133277177810669,-0.46526986360549927,0.6051928997039795,0.3419274389743805,0.0,0.48265334963798523,1.903822660446167,-1.0770776271820068,0.30462977290153503,0.5882283449172974,-0.22399555146694183,0.0,0.0,0.0,0.0,0.0,0.0,0.0,0.006899999920278788,0.0,0.0,0.0,0.0,0.0,0.0,0.0003000000142492354
139,4.633333287,-0.39304813742637634,1.7393602132797241,-1.133277177810669,-0.46526986360549927,0.6051928997039795,0.3419274389743805,0.0,0.48265334963798523,1.903822660446167,-1.0770776271820068,0.30462977290153503,0.5882283449172974,-0.22399555146694183,0.0,0.0,0.0,0.0,0.0,0.0,0.0,0.006899999920278788,0.0,0.0,0.0,0.0,0.0,0.0,0.0003000000142492354
140,4.66666662,-0.38240164518356323,1.711155652999878,-1.135546088218689,-0.4510628879070282,0.6051928997039795,0.3419274389743805,0.0,0.47504371404647827,1.8750945329666138,-1.0770776271820068,0.2791654169559479,0.5882283449172974,-0.2163335680961609,0.0,0.0,0.0,0.0,0.0,0.0,0.0,0.006899999920278788,0.0,0.0,0.0,0.0,0.0,0.0,0.00019999999494757503
141,4.699999953,-0.3683691918849945,1.676580786705017,-1.1399269104003906,-0.44113197922706604,0.6051928997039795,0.3419274389743805,0.0,0.4608542025089264,1.8383029699325562,-1.0770776271820068,0.25040239095687866,0.5906368494033813,-0.20086994767189026,0.0,0.0,0.0,0.0,0.0,0.0,0.0,0.006899999920278788,0.0,0.0,0.0,0.0,0.0,0.0,9.999999747378752e-05
142,4.733333286,-0.3683691918849945,1.676580786705017,-1.1399269104003906,-0.44113197922706604,0.6051928997039795,0.3419274389743805,0.0,0.4608542025089264,1.8383029699325562,-1.0770776271820068,0.25040239095687866,0.5906368494033813,-0.20086994767189026,0.0,0.0,0.0,0.0,0.0,0.0,0.0,0.006899999920278788,0.0,0.0,0.0,0.0,0.0,0.0,9.999999747378752e-05
143,4.766666619,-0.3499036133289337,1.6362286806106567,-1.1443774700164795,-0.4320562481880188,0.6033602952957153,0.3419274389743805,0.0,0.4410446882247925,1.7870426177978516,-1.0795559883117676,0.216036856174469,0.5926963686943054,-0.18791960179805756,0.0,0.0,0.0,0.0,0.0,0.0,0.0,0.006899999920278788,0.0,0.0,0.0,0.0,0.0,0.0,0.0
144,4.799999952,-0.3306700885295868,1.5900298357009888,-1.1567518711090088,-0.4213224947452545,0.6008645296096802,0.3419274389743805,0.0,0.41839033365249634,1.7338799238204956,-1.0862929821014404,0.18648843467235565,0.6006550788879395,-0.17231635749340057,0.0,0.0,0.0,0.0,0.0,0.0,0.0,0.006899999920278788,0.0,0.0,0.0,0.0,0.0,0.0,0.0
145,4.833333285,-0.3306700885295868,1.5900298357009888,-1.1567518711090088,-0.4213224947452545,0.6008645296096802,0.3419274389743805,0.0,0.41839033365249634,1.7338799238204956,-1.0862929821014404,0.18648843467235565,0.6006550788879395,-0.17231635749340057,0.0,0.0,0.0,0.0,0.0,0.0,0.0,0.006899999920278788,0.0,0.0,0.0,0.0,0.0,0.0,0.0
146,4.866666618,-0.31297245621681213,1.534144401550293,-1.169806957244873,-0.4193153381347656,0.5978101491928101,0.34379494190216064,0.0,0.39449676871299744,1.6766854524612427,-1.0997319221496582,0.15943582355976105,0.6035872101783752,-0.16235052049160004,0.0,0.0,0.0,0.0,0.0,0.0,0.0,0.006899999920278788,0.0,0.0,0.0,0.0,0.0,0.0,0.0
147,4.899999951,-0.2949606478214264,1.481801986694336,-1.1886390447616577,-0.41315433382987976,0.5978101491928101,0.34803611040115356,0.0,0.36534976959228516,1.6134696006774902,-1.1190701723098755,0.1295906901359558,0.6180210709571838,-0.16235052049160004,0.0,0.0,0.0,0.0,0.0,0.0,0.0,0.006899999920278788,0.0,0.0,0.0,0.0,0.0,0.0,0.0
148,4.933333284,-0.2949606478214264,1.481801986694336,-1.1886390447616577,-0.41315433382987976,0.5978101491928101,0.34803611040115356,0.0,0.36534976959228516,1.6134696006774902,-1.1190701723098755,0.1295906901359558,0.6180210709571838,-0.16235052049160004,0.0,0.0,0.0,0.0,0.0,0.0,0.0,0.006899999920278788,0.0,0.0,0.0,0.0,0.0,0.0,0.0
149,4.966666617,-0.28351128101348877,1.426754355430603,-1.2094956636428833,-0.4116184413433075,0.5978101491928101,0.35065409541130066,0.0,0.34290483593940735,1.537879467010498,-1.1473270654678345,0.11164870858192444,0.6251071095466614,-0.1624203473329544,0.0,0.0,0.0,0.0,0.0,0.0,0.0,0.006899999920278788,0.0,0.0,0.0,0.0,0.0,0.0,0.0
150,4.99999995,-0.27661722898483276,1.372265100479126,-1.2342793941497803,-0.4079357981681824,0.6017720699310303,0.3525564968585968,0.0,0.32506757974624634,1.4663034677505493,-1.1796157360076904,0.09681341052055359,0.6427174806594849,-0.16456709802150726,0.0,0.0,0.0,0.0,0.0,0.0,0.0,0.006899999920278788,0.0,0.0,0.0,0.0,0.0,0.0,0.0
151,5.033333283,-0.27661722898483276,1.372265100479126,-1.2342793941497803,-0.4079357981681824,0.6017720699310303,0.3525564968585968,0.0,0.32506757974624634,1.4663034677505493,-1.1796157360076904,0.09681341052055359,0.6427174806594849,-0.16456709802150726,0.0,0.0,0.0,0.0,0.0,0.0,0.0,0.006899999920278788,0.0,0.0,0.0,0.0,0.0,0.0,0.0
152,5.066666616,-0.27661722898483276,1.3191896677017212,-1.2596739530563354,-0.4061032235622406,0.6117902398109436,0.3525564968585968,0.0,0.3153984546661377,1.398916244506836,-1.214644432067871,0.08417723327875137,0.6569768190383911,-0.16632987558841705,0.0,0.0,0.0,0.0,0.0,0.0,0.0,0.006899999920278788,0.0,0.0,0.0,0.0,0.0,0.0,0.0
153,5.099999949,-0.27951449155807495,1.2689765691757202,-1.285103440284729,-0.40372955799102783,0.6200281977653503,0.3525564968585968,0.0,0.3153984546661377,1.3318781852722168,-1.2494462728500366,0.07984881103038788,0.6723357439041138,-0.1722116321325302,0.0,0.0,0.0,0.0,0.0,0.0,0.0,0.006899999920278788,0.0,0.0,0.0,0.0,0.0,0.0,0.0
154,5.133333282,-0.27951449155807495,1.2689765691757202,-1.285103440284729,-0.40372955799102783,0.6200281977653503,0.3525564968585968,0.0,0.3153984546661377,1.3318781852722168,-1.2494462728500366,0.07984881103038788,0.6723357439041138,-0.1722116321325302,0.0,0.0,0.0,0.0,0.0,0.0,0.0,0.006899999920278788,0.0,0.0,0.0,0.0,0.0,0.0,0.0
155,5.166666615,-0.28499481081962585,1.214260458946228,-1.310689926147461,-0.4055097997188568,0.6400645971298218,0.3525564968585968,0.0,0.32653364539146423,1.2692906856536865,-1.2815778255462646,0.07785914093255997,0.6828076839447021,-0.1742711216211319,0.0,0.0,0.0,0.0,0.0,0.0,0.0,0.006899999920278788,0.0,0.0,0.0,0.0,0.0,0.0,0.0
156,5.199999948,-0.2897246479988098,1.170854091644287,-1.325158715248108,-0.40802305936813354,0.6583905816078186,0.3525564968585968,0.0,0.33545228838920593,1.2114155292510986,-1.3083511590957642,0.08388052135705948,0.7026171684265137,-0.17865189909934998,0.0,0.0,0.0,0.0,0.0,0.0,0.0,0.006899999920278788,0.0,0.0,0.0,0.0,0.0,0.0,0.0
157,5.233333281,-0.2897246479988098,1.170854091644287,-1.325158715248108,-0.40802305936813354,0.6583905816078186,0.3525564968585968,0.0,0.33545228838920593,1.2114155292510986,-1.3083511590957642,0.08388052135705948,0.7026171684265137,-0.17865189909934998,0.0,0.0,0.0,0.0,0.0,0.0,0.0,0.006899999920278788,0.0,0.0,0.0,0.0,0.0,0.0,0.0
158,5.266666614,-0.29426249861717224,1.1323521137237549,-1.3330999612808228,-0.4142015278339386,0.6815336346626282,0.3525564968585968,0.0,0.3490309417247772,1.1598410606384277,-1.3255600929260254,0.09381144493818283,0.7096683382987976,-0.18390534818172455,0.0,0.0,0.0,0.0,0.0,0.0,0.0,0.006899999920278788,0.0,0.0,0.0,0.0,0.0,0.0,0.0
159,5.299999947,-0.3000919222831726,1.0977247953414917,-1.3330999612808228,-0.4220031499862671,0.7087607383728027,0.3490658402442932,0.0,0.36163222789764404,1.1089648008346558,-1.332122564315796,0.10416124761104584,0.7274706959724426,-0.19058994948863983,0.0,0.0,0.0,0.0,0.0,0.0,0.0,0.006899999920278788,0.0,0.0,0.0,0.0,0.0,0.0,0.0013000000035390258
160,5.33333328,-0.3000919222831726,1.0977247953414917,-1.3330999612808228,-0.4220031499862671,0.7087607383728027,0.3490658402442932,0.0,0.36163222789764404,1.1089648008346558,-1.332122564315796,0.10416124761104584,0.7274706959724426,-0.19058994948863983,0.0,0.0,0.0,0.0,0.0,0.0,0.0,0.006899999920278788,0.0,0.0,0.0,0.0,0.0,0.0,0.0013000000035390258
161,5.366666613,-0.3018372356891632,1.066326379776001,-1.3282654285430908,-0.4237484931945801,0.7416427731513977,0.3441265821456909,0.0,0.3750188946723938,1.0760303735733032,-1.326973795890808,0.12123057246208191,0.7333524227142334,-0.1952848881483078,0.0,0.0,0.0,0.0,0.0,0.0,0.0,0.006899999920278788,0.0,0.0,0.0,0.0,0.0,0.0,0.004800000227987766
162,5.399999946,-0.30433306097984314,1.046639084815979,-1.3218774795532227,-0.4237484931945801,0.7657806873321533,0.3378957509994507,0.0,0.3926641643047333,1.0541439056396484,-1.3089969158172607,0.13953907787799835,0.7299839854240417,-0.19764108955860138,0.0,0.0,0.0,0.0,0.0,0.0,0.0,0.006899999920278788,0.0,0.0,0.0,0.0,0.0,0.0,0.00860000029206276
163,5.433333279,-0.30433306097984314,1.046639084815979,-1.3218774795532227,-0.4237484931945801,0.7657806873321533,0.3378957509994507,0.0,0.3926641643047333,1.0541439056396484,-1.3089969158172607,0.13953907787799835,0.7299839854240417,-0.19764108955860138,0.0,0.0,0.0,0.0,0.0,0.0,0.0,0.006899999920278788,0.0,0.0,0.0,0.0,0.0,0.0,0.00860000029206276
164,5.466666612,-0.30433306097984314,1.0359925031661987,-1.3176363706588745,-0.4237484931945801,0.7919780611991882,0.33306118845939636,0.0,0.4098905622959137,1.0480352640151978,-1.2906535863876343,0.1566607505083084,0.7222521305084229,-0.19764108955860138,0.0,0.0,0.0,0.0,0.0,0.0,0.0,0.006899999920278788,0.0,0.0,0.0,0.0,0.0,0.0,0.012500000186264515
165,5.499999945,-0.30433306097984314,1.0355212688446045,-1.3119291067123413,-0.4237484931945801,0.8077907562255859,0.3281219005584717,0.0,0.4253716468811035,1.0525556802749634,-1.2801815271377563,0.17207200825214386,0.7093890905380249,-0.19573867321014404,0.0,0.0,0.0,0.0,0.0,0.0,0.0,0.006899999920278788,0.0,0.0,0.0,0.0,0.0,0.0,0.015399999916553497
166,5.533333278,-0.30433306097984314,1.0355212688446045,-1.3119291067123413,-0.4237484931945801,0.8077907562255859,0.3281219005584717,0.0,0.4253716468811035,1.0525556802749634,-1.2801815271377563,0.17207200825214386,0.7093890905380249,-0.19573867321014404,0.0,0.0,0.0,0.0,0.0,0.0,0.0,0.006899999920278788,0.0,0.0,0.0,0.0,0.0,0.0,0.015399999916553497
167,5.566666611,-0.30433306097984314,1.0401115417480469,-1.304773211479187,-0.4237484931945801,0.8253138661384583,0.32382839918136597,0.0,0.44001495838165283,1.0713180303573608,-1.2756611108779907,0.18599973618984222,0.7032455205917358,-0.19369663298130035,0.0,0.0,0.0,0.0,0.0,0.0,0.0,0.006899999920278788,0.0,0.0,0.0,0.0,0.0,0.0,0.017500000074505806
168,5.599999944,-0.30433306097984314,1.0562384128570557,-1.297268271446228,-0.41889646649360657,0.8379849195480347,0.32382839918136597,0.0,0.44715335965156555,1.1013027429580688,-1.2865694761276245,0.19774580001831055,0.7004704475402832,-0.19074703752994537,0.0,0.0,0.0,0.0,0.0,0.0,0.0,0.006899999920278788,0.0,0.0,0.0,0.0,0.0,0.0,0.019099999219179153
169,5.633333277,-0.30433306097984314,1.0562384128570557,-1.297268271446228,-0.41889646649360657,0.8379849195480347,0.32382839918136597,0.0,0.44715335965156555,1.1013027429580688,-1.2865694761276245,0.19774580001831055,0.7004704475402832,-0.19074703752994537,0.0,0.0,0.0,0.0,0.0,0.0,0.0,0.006899999920278788,0.0,0.0,0.0,0.0,0.0,0.0,0.019099999219179153
170,5.66666661,-0.30433306097984314,1.0733425617218018,-1.285609483718872,-0.41889646649360657,0.8457167148590088,0.32382839918136597,0.0,0.4536808729171753,1.141445279121399,-1.3002004623413086,0.2050761878490448,0.7086036801338196,-0.19072957336902618,0.0,0.0,0.0,0.0,0.0,0.0,0.0,0.006899999920278788,0.0,0.0,0.0,0.0,0.0,0.0,0.020099999383091927
171,5.699999943,-0.3024480938911438,1.0916860103607178,-1.2699713706970215,-0.4167148172855377,0.8504989147186279,0.3277030289173126,0.0,0.4536634385585785,1.2037709951400757,-1.3168509006500244,0.21310469508171082,0.7184473276138306,-0.19072957336902618,0.0,0.0,0.0,0.0,0.0,0.0,0.0,0.006899999920278788,0.0,0.0,0.0,0.0,0.0,0.0,0.020899999886751175
172,5.733333276,-0.3024480938911438,1.0916860103607178,-1.2699713706970215,-0.4167148172855377,0.8504989147186279,0.3277030289173126,0.0,0.4536634385585785,1.2037709951400757,-1.3168509006500244,0.21310469508171082,0.7184473276138306,-0.19072957336902618,0.0,0.0,0.0,0.0,0.0,0.0,0.0,0.006899999920278788,0.0,0.0,0.0,0.0,0.0,0.0,0.020899999886751175
173,5.766666609,-0.3024480938911438,1.1126474142074585,-1.252151608467102,-0.4167148172855377,0.8468337655067444,0.33187437057495117,0.0,0.45120251178741455,1.262344241142273,-1.3271483182907104,0.22167426347732544,0.7278546690940857,-0.19257962703704834,0.0,0.0,0.0,0.0,0.0,0.0,0.0,0.007000000216066837,0.0,0.0,0.0,0.0,0.0,0.0,0.021800000220537186
174,5.799999942,-0.3007027804851532,1.131933331489563,-1.2300556898117065,-0.41891393065452576,0.831806480884552,0.3373546898365021,0.0,0.44865432381629944,1.316292405128479,-1.3296616077423096,0.22827161848545074,0.7439989447593689,-0.19511035084724426,0.0,0.0,0.0,0.0,0.0,0.0,0.0,0.0071000000461936,0.0,0.0,0.0,0.0,0.0,0.0,0.02280000038444996
175,5.833333275,-0.3007027804851532,1.131933331489563,-1.2300556898117065,-0.41891393065452576,0.831806480884552,0.3373546898365021,0.0,0.44865432381629944,1.316292405128479,-1.3296616077423096,0.22827161848545074,0.7439989447593689,-0.19511035084724426,0.0,0.0,0.0,0.0,0.0,0.0,0.0,0.0071000000461936,0.0,0.0,0.0,0.0,0.0,0.0,0.02280000038444996
176,5.866666608,-0.29880037903785706,1.1492644548416138,-1.2052371501922607,-0.41891393065452576,0.8128870725631714,0.34466761350631714,0.0,0.4430343806743622,1.3612520694732666,-1.3212840557098389,0.23958134651184082,0.7444876432418823,-0.19736182689666748,0.0,0.0,0.0,0.0,0.0,0.0,0.0,0.007199999876320362,0.0,0.0,0.0,0.0,0.0,0.0,0.02449999935925007
177,5.899999941,-0.2961823642253876,1.170871615409851,-1.1693181991577148,-0.41891393065452576,0.7859915494918823,0.35325464606285095,0.0,0.4404687285423279,1.4011677503585815,-1.304494023323059,0.25590017437934875,0.7348185181617737,-0.20270253717899323,0.0,0.0,0.0,0.0,0.0,0.0,0.0,0.007199999876320362,0.0,0.0,0.0,0.0,0.0,0.0,0.026499999687075615
178,5.933333274,-0.2961823642253876,1.170871615409851,-1.1693181991577148,-0.41891393065452576,0.7859915494918823,0.35325464606285095,0.0,0.4404687285423279,1.4011677503585815,-1.304494023323059,0.25590017437934875,0.7348185181617737,-0.20270253717899323,0.0,0.0,0.0,0.0,0.0,0.0,0.0,0.007199999876320362,0.0,0.0,0.0,0.0,0.0,0.0,0.026499999687075615
179,5.966666607,-0.2941403388977051,1.1920772790908813,-1.1346036195755005,-0.41891393065452576,0.7546977996826172,0.35325464606285095,0.0,0.438967764377594,1.4382036924362183,-1.2819617986679077,0.26942646503448486,0.7291113138198853,-0.20744983851909637,0.0,0.0,0.0,0.0,0.0,0.0,0.0,0.007199999876320362,0.0,0.0,0.0,0.0,0.0,0.0,0.029200000688433647
180,5.99999994,-0.29195868968963623,1.2122009992599487,-1.0980041027069092,-0.41891393065452576,0.7194072604179382,0.3599916100502014,0.0,0.438967764377594,1.468554973602295,-1.2556073665618896,0.28380799293518066,0.7106806039810181,-0.21593213081359863,0.0,0.0,0.0,0.0,0.0,0.0,0.0,0.007199999876320362,0.0,0.0,0.0,0.0,0.0,0.0,0.031599998474121094
181,6.033333273,-0.29195868968963623,1.2122009992599487,-1.0980041027069092,-0.41891393065452576,0.7194072604179382,0.3599916100502014,0.0,0.438967764377594,1.468554973602295,-1.2556073665618896,0.28380799293518066,0.7106806039810181,-0.21593213081359863,0.0,0.0,0.0,0.0,0.0,0.0,0.0,0.007199999876320362,0.0,0.0,0.0,0.0,0.0,0.0,0.031599998474121094
182,6.066666606,-0.29195868968963623,1.2324467897415161,-1.0642493963241577,-0.41891393065452576,0.6816034317016602,0.3599916100502014,0.0,0.4444830119609833,1.488329529762268,-1.2221843004226685,0.3007027804851532,0.699999213218689,-0.22560125589370728,0.0,0.0,0.0,0.0,0.0,0.0,0.0,0.007300000172108412,0.0,0.0,0.0,0.0,0.0,0.0,0.032999999821186066
183,6.099999939,-0.28766515851020813,1.2596739530563354,-1.0304598808288574,-0.41571998596191406,0.6413561105728149,0.3618416488170624,0.0,0.45664793252944946,1.499743938446045,-1.1886564493179321,0.3188192844390869,0.6753726005554199,-0.236719012260437,0.0,0.0,0.0,0.0,0.0,0.0,0.0,0.007400000002235174,0.0,0.0,0.0,0.0,0.0,0.0,0.03420000150799751
184,6.133333272,-0.28766515851020813,1.2596739530563354,-1.0304598808288574,-0.41571998596191406,0.6413561105728149,0.3618416488170624,0.0,0.45664793252944946,1.499743938446045,-1.1886564493179321,0.3188192844390869,0.6753726005554199,-0.236719012260437,0.0,0.0,0.0,0.0,0.0,0.0,0.0,0.007400000002235174,0.0,0.0,0.0,0.0,0.0,0.0,0.03420000150799751
185,6.166666605,-0.28701940178871155,1.2842133045196533,-0.9973509311676025,-0.41381755471229553,0.598421037197113,0.3618416488170624,0.0,0.4726177155971527,1.5043342113494873,-1.1522488594055176,0.33627259731292725,0.6641501188278198,-0.25240951776504517,0.0,0.0,0.0,0.0,0.0,0.0,0.0,0.007600000128149986,0.0,0.0,0.0,0.0,0.0,0.0,0.035999998450279236
186,6.199999938,-0.2845584750175476,1.3076181411743164,-0.9785886406898499,-0.41116467118263245,0.5632526278495789,0.3618416488170624,0.0,0.4960225820541382,1.506672978401184,-1.1167315244674683,0.3559424579143524,0.6448467969894409,-0.26710519194602966,0.0,0.0,0.0,0.0,0.0,0.0,0.0,0.007699999958276749,0.0,0.0,0.0,0.0,0.0,0.0,0.03779999911785126
187,6.233333271,-0.2845584750175476,1.3076181411743164,-0.9785886406898499,-0.41116467118263245,0.5632526278495789,0.3618416488170624,0.0,0.4960225820541382,1.506672978401184,-1.1167315244674683,0.3559424579143524,0.6448467969894409,-0.26710519194602966,0.0,0.0,0.0,0.0,0.0,0.0,0.0,0.007699999958276749,0.0,0.0,0.0,0.0,0.0,0.0,0.03779999911785126
188,6.266666604,-0.2830575108528137,1.3284050226211548,-0.9733526706695557,-0.4133986830711365,0.5289220213890076,0.3597298264503479,0.0,0.5232671499252319,1.51754629611969,-1.0866420269012451,0.37517598271369934,0.6277949213981628,-0.2842443287372589,0.0,0.0,0.0,0.0,0.0,0.0,0.0,0.008200000040233135,0.0,0.0,0.0,0.0,0.0,0.0,0.04019999876618385
189,6.299999937,-0.28068384528160095,1.347656011581421,-0.9755343198776245,-0.4133986830711365,0.5047317743301392,0.35613444447517395,0.0,0.55290287733078,1.5376001596450806,-1.0602002143859863,0.39186131954193115,0.6121044158935547,-0.2974913716316223,0.0,0.0,0.0,0.0,0.0,0.0,0.0,0.00860000029206276,0.0,0.0,0.0,0.0,0.0,0.0,0.04230000078678131
190,6.33333327,-0.28068384528160095,1.347656011581421,-0.9755343198776245,-0.4133986830711365,0.5047317743301392,0.35613444447517395,0.0,0.55290287733078,1.5376001596450806,-1.0602002143859863,0.39186131954193115,0.6121044158935547,-0.2974913716316223,0.0,0.0,0.0,0.0,0.0,0.0,0.0,0.00860000029206276,0.0,0.0,0.0,0.0,0.0,0.0,0.04230000078678131
191,6.366666603,-0.2782054841518402,1.3671687841415405,-0.9940522909164429,-0.41720351576805115,0.4799306392669678,0.35355135798454285,0.0,0.5892056822776794,1.5640943050384521,-1.039430856704712,0.4110250473022461,0.5977927446365356,-0.30721285939216614,0.0,0.0,0.0,0.0,0.0,0.0,0.0,0.009399999864399433,0.0,0.0,0.0,0.0,0.0,0.0,0.04430000111460686
192,6.399999936,-0.2739468812942505,1.3784959316253662,-1.0081021785736084,-0.42437681555747986,0.46333256363868713,0.35189327597618103,0.0,0.620534360408783,1.5884416103363037,-1.0359052419662476,0.4268028140068054,0.5748067498207092,-0.315119206905365,0.0,0.0,0.0,0.0,0.0,0.0,0.0,0.009999999776482582,0.0,0.0,0.0,0.0,0.0,0.0,0.04580000042915344
193,6.433333269,-0.2739468812942505,1.3784959316253662,-1.0081021785736084,-0.42437681555747986,0.46333256363868713,0.35189327597618103,0.0,0.620534360408783,1.5884416103363037,-1.0359052419662476,0.4268028140068054,0.5748067498207092,-0.315119206905365,0.0,0.0,0.0,0.0,0.0,0.0,0.0,0.009999999776482582,0.0,0.0,0.0,0.0,0.0,0.0,0.04580000042915344
194,6.466666602,-0.2739468812942505,1.3931567668914795,-1.0196213722229004,-0.4277976453304291,0.45294785499572754,0.3441614806652069,0.0,0.6494195461273193,1.6184438467025757,-1.0414379835128784,0.4358785152435303,0.5594652891159058,-0.315119206905365,0.0,0.0,0.0,0.0,0.0,0.0,0.0,0.010300000198185444,0.0,0.0,0.0,0.0,0.0,0.0,0.046799998730421066
195,6.499999935,-0.2699326276779175,1.4045885801315308,-1.0276323556900024,-0.42966514825820923,0.45294785499572754,0.3375117778778076,0.0,0.6761929392814636,1.6540136337280273,-1.053602933883667,0.4380950927734375,0.547073483467102,-0.315119206905365,0.0,0.0,0.0,0.0,0.0,0.0,0.0,0.01119999960064888,0.0,0.0,0.0,0.0,0.0,0.0,0.04729999974370003
196,6.533333268,-0.2699326276779175,1.4045885801315308,-1.0276323556900024,-0.42966514825820923,0.45294785499572754,0.3375117778778076,0.0,0.6761929392814636,1.6540136337280273,-1.053602933883667,0.4380950927734375,0.547073483467102,-0.315119206905365,0.0,0.0,0.0,0.0,0.0,0.0,0.0,0.01119999960064888,0.0,0.0,0.0,0.0,0.0,0.0,0.04729999974370003
197,6.566666601,-0.2637716233730316,1.4142751693725586,-1.0341774225234985,-0.42966514825820923,0.45294785499572754,0.32904693484306335,0.0,0.699458122253418,1.6869654655456543,-1.0632370710372925,0.4403465688228607,0.5446823239326477,-0.3133563995361328,0.0,0.0,0.0,0.0,0.0,0.0,0.0,0.014000000432133675,0.0,0.0,0.0,0.0,0.0,0.0,0.04740000143647194
198,6.599999934,-0.25795966386795044,1.4186559915542603,-1.034194827079773,-0.4273962378501892,0.45863762497901917,0.3170739710330963,0.0,0.7167892456054688,1.7218719720840454,-1.0756639242172241,0.4374493360519409,0.5508608222007751,-0.30782371759414673,0.0,0.0,0.0,0.0,0.0,0.0,0.0,0.018400000408291817,0.0,0.0,0.0,0.0,0.0,0.0,0.047600001096725464
199,6.633333267,-0.25795966386795044,1.4186559915542603,-1.034194827079773,-0.4273962378501892,0.45863762497901917,0.3170739710330963,0.0,0.7167892456054688,1.7218719720840454,-1.0756639242172241,0.4374493360519409,0.5508608222007751,-0.30782371759414673,0.0,0.0,0.0,0.0,0.0,0.0,0.0,0.018400000408291817,0.0,0.0,0.0,0.0,0.0,0.0,0.047600001096725464
200,6.6666666,-0.25106561183929443,1.4186559915542603,-1.0298315286636353,-0.4193153381347656,0.47485172748565674,0.30689868330955505,0.0,0.7242767214775085,1.7570927143096924,-1.0880731344223022,0.4317072033882141,0.5533217191696167,-0.29827678203582764,0.0,0.0,0.0,0.0,0.0,0.0,0.0,0.025299999862909317,0.0,0.0,0.0,0.0,0.0,0.0,0.047600001096725464
201,6.699999933,-0.24525366723537445,1.4086203575134277,-1.0230247974395752,-0.4101174771785736,0.48628363013267517,0.2914350926876068,0.0,0.7242767214775085,1.7921041250228882,-1.104496717453003,0.4150218367576599,0.5643172860145569,-0.28410470485687256,0.0,0.0,0.0,0.0,0.0,0.0,0.0,0.03290000185370445,0.0,0.0,0.0,0.0,0.0,0.0,0.047600001096725464
202,6.733333266,-0.24525366723537445,1.4086203575134277,-1.0230247974395752,-0.4101174771785736,0.48628363013267517,0.2914350926876068,0.0,0.7242767214775085,1.7921041250228882,-1.104496717453003,0.4150218367576599,0.5643172860145569,-0.28410470485687256,0.0,0.0,0.0,0.0,0.0,0.0,0.0,0.03290000185370445,0.0,0.0,0.0,0.0,0.0,0.0,0.047600001096725464
203,6.766666599,-0.24129177629947662,1.392633080482483,-1.0155372619628906,-0.39756855368614197,0.5011363625526428,0.2779087722301483,0.0,0.7242767214775085,1.819191575050354,-1.1180230379104614,0.39767327904701233,0.5666211247444153,-0.27063074707984924,0.0,0.0,0.0,0.0,0.0,0.0,0.0,0.03889999911189079,0.0,0.0,0.0,0.0,0.0,0.0,0.0471000000834465
204,6.799999932,-0.24129177629947662,1.3781818151474,-1.0059728622436523,-0.3864856958389282,0.5093045234680176,0.27169540524482727,0.0,0.7242767214775085,1.819191575050354,-1.1180230379104614,0.39767327904701233,0.5666211247444153,-0.27063074707984924,0.0,0.0,0.0,0.0,0.0,0.0,0.0,0.043299999088048935,0.0,0.0,0.0,0.0,0.0,0.0,0.0471000000834465
205,6.833333265,-0.24129177629947662,1.3781818151474,-1.0059728622436523,-0.3864856958389282,0.5093045234680176,0.27169540524482727,0.0,0.7223917841911316,1.842613935470581,-1.1262260675430298,0.38231438398361206,0.580164909362793,-0.2548355162143707,0.0,0.0,0.0,0.0,0.0,0.0,0.0,0.043299999088048935,0.0,0.0,0.0,0.0,0.0,0.0,0.04650000110268593
206,6.866666598,-0.2393369972705841,1.3596289157867432,-0.9955532550811768,-0.3700970709323883,0.5233195424079895,0.2629862129688263,0.0,0.7223917841911316,1.8571001291275024,-1.1337484121322632,0.3628888726234436,0.5854881405830383,-0.2390926480293274,0.0,0.0,0.0,0.0,0.0,0.0,0.0,0.04610000178217888,0.0,0.0,0.0,0.0,0.0,0.0,0.045499999076128006
207,6.899999931,-0.2393369972705841,1.3417916297912598,-0.9858492016792297,-0.3571641743183136,0.5382071733474731,0.25387558341026306,0.0,0.7223917841911316,1.8571001291275024,-1.1337484121322632,0.3628888726234436,0.5854881405830383,-0.2390926480293274,0.0,0.0,0.0,0.0,0.0,0.0,0.0,0.04800000041723251,0.0,0.0,0.0,0.0,0.0,0.0,0.045499999076128006
208,6.933333264,-0.2393369972705841,1.3417916297912598,-0.9858492016792297,-0.3571641743183136,0.5382071733474731,0.25387558341026306,0.0,0.718325138092041,1.8616379499435425,-1.136331558227539,0.3431317210197449,0.603185772895813,-0.22417008876800537,0.0,0.0,0.0,0.0,0.0,0.0,0.0,0.04800000041723251,0.0,0.0,0.0,0.0,0.0,0.0,0.04479999840259552
209,6.966666597,-0.2393369972705841,1.3288064002990723,-0.9810495972633362,-0.34578463435173035,0.5554335713386536,0.24719098210334778,0.0,0.7129844427108765,1.85737943649292,-1.1381466388702393,0.3272317945957184,0.6162408590316772,-0.21003292500972748,0.0,0.0,0.0,0.0,0.0,0.0,0.0,0.049300000071525574,0.0,0.0,0.0,0.0,0.0,0.0,0.04479999840259552
210,6.99999993,-0.24113468825817108,1.3137093782424927,-0.9713455438613892,-0.3375641405582428,0.5783846378326416,0.23944172263145447,0.0,0.7129844427108765,1.85737943649292,-1.1381466388702393,0.3272317945957184,0.6162408590316772,-0.21003292500972748,0.0,0.0,0.0,0.0,0.0,0.0,0.0,0.05050000175833702,0.0,0.0,0.0,0.0,0.0,0.0,0.04479999840259552
211,7.033333263,-0.24113468825817108,1.3137093782424927,-0.9713455438613892,-0.3375641405582428,0.5783846378326416,0.23944172263145447,0.0,0.7081149816513062,1.8489669561386108,-1.1446043252944946,0.309359610080719,0.6266953945159912,-0.19769343733787537,0.0,0.0,0.0,0.0,0.0,0.0,0.0,0.05050000175833702,0.0,0.0,0.0,0.0,0.0,0.0,0.044599998742341995
212,7.066666596,-0.2474527806043625,1.3094158172607422,-0.9645736813545227,-0.33452725410461426,0.5981417894363403,0.23944172263145447,0.0,0.7058286070823669,1.8414969444274902,-1.1490724086761475,0.29890507459640503,0.6338512301445007,-0.19120082259178162,0.0,0.0,0.0,0.0,0.0,0.0,0.0,0.051100000739097595,0.0,0.0,0.0,0.0,0.0,0.0,0.043299999088048935
213,7.099999929,-0.25130996108055115,1.3094158172607422,-0.9560215473175049,-0.34177038073539734,0.6136053800582886,0.24349088966846466,0.0,0.7058286070823669,1.8414969444274902,-1.1490724086761475,0.29890507459640503,0.6338512301445007,-0.19120082259178162,0.0,0.0,0.0,0.0,0.0,0.0,0.0,0.05139999836683273,0.0,0.0,0.0,0.0,0.0,0.0,0.043299999088048935
214,7.133333262,-0.25130996108055115,1.3094158172607422,-0.9560215473175049,-0.34177038073539734,0.6136053800582886,0.24349088966846466,0.0,0.7016398310661316,1.8417761325836182,-1.1547621488571167,0.2989400029182434,0.640151858329773,-0.18912388384342194,0.0,0.0,0.0,0.0,0.0,0.0,0.0,0.05139999836683273,0.0,0.0,0.0,0.0,0.0,0.0,0.040300000458955765
215,7.166666595,-0.25556856393814087,1.311457872390747,-0.9485864639282227,-0.3473379611968994,0.6186319589614868,0.24734805524349213,0.0,0.7020586729049683,1.844097375869751,-1.1611675024032593,0.2989400029182434,0.640151858329773,-0.18912388384342194,0.0,0.0,0.0,0.0,0.0,0.0,0.0,0.05139999836683273,0.0,0.0,0.0,0.0,0.0,0.0,0.03539999946951866
216,7.199999928,-0.26256734132766724,1.3133777379989624,-0.9407499432563782,-0.3601137697696686,0.6138148307800293,0.2531599998474121,0.0,0.7020586729049683,1.844097375869751,-1.1611675024032593,0.2989400029182434,0.640151858329773,-0.18912388384342194,0.0,0.0,0.0,0.0,0.0,0.0,0.0,0.050999999046325684,0.0,0.0,0.0,0.0,0.0,0.0,0.03539999946951866
217,7.233333261,-0.26256734132766724,1.3133777379989624,-0.9407499432563782,-0.3601137697696686,0.6138148307800293,0.2531599998474121,0.0,0.7020586729049683,1.8457729816436768,-1.165775179862976,0.30082494020462036,0.6443580985069275,-0.19518017768859863,0.0,0.0,0.0,0.0,0.0,0.0,0.0,0.050999999046325684,0.0,0.0,0.0,0.0,0.0,0.0,0.029200000688433647
218,7.266666594,-0.2663721442222595,1.3156466484069824,-0.9330530166625977,-0.37020179629325867,0.610010027885437,0.2554813027381897,0.0,0.7041356563568115,1.8500839471817017,-1.1673983335494995,0.3075968325138092,0.6487563252449036,-0.1976236253976822,0.0,0.0,0.0,0.0,0.0,0.0,0.0,0.05040000006556511,0.0,0.0,0.0,0.0,0.0,0.0,0.024700000882148743
219,7.299999927,-0.27031660079956055,1.3177759647369385,-0.9269094467163086,-0.37807321548461914,0.6004106998443604,0.2629338502883911,0.0,0.7041356563568115,1.8500839471817017,-1.1673983335494995,0.3075968325138092,0.6487563252449036,-0.1976236253976822,0.0,0.0,0.0,0.0,0.0,0.0,0.0,0.05009999871253967,0.0,0.0,0.0,0.0,0.0,0.0,0.024700000882148743
220,7.33333326,-0.27031660079956055,1.3177759647369385,-0.9269094467163086,-0.37807321548461914,0.6004106998443604,0.2629338502883911,0.0,0.7057064175605774,1.8525797128677368,-1.171447515487671,0.30972611904144287,0.6567324995994568,-0.20179496705532074,0.0,0.0,0.0,0.0,0.0,0.0,0.0,0.05009999871253967,0.0,0.0,0.0,0.0,0.0,0.0,0.0210999995470047
221,7.366666593,-0.27031660079956055,1.3199576139450073,-0.9248848557472229,-0.38845792412757874,0.5882806777954102,0.2629338502883911,0.0,0.7057064175605774,1.8525797128677368,-1.1733673810958862,0.3119950592517853,0.6592981219291687,-0.20179496705532074,0.0,0.0,0.0,0.0,0.0,0.0,0.0,0.04989999905228615,0.0,0.0,0.0,0.0,0.0,0.0,0.01549999974668026
222,7.399999926,-0.2658660113811493,1.3199576139450073,-0.917694091796875,-0.39067450165748596,0.5785766243934631,0.2629338502883911,0.0,0.7057064175605774,1.8525797128677368,-1.1733673810958862,0.3119950592517853,0.6592981219291687,-0.20179496705532074,0.0,0.0,0.0,0.0,0.0,0.0,0.0,0.04960000142455101,0.0,0.0,0.0,0.0,0.0,0.0,0.01549999974668026
223,7.433333259,-0.2658660113811493,1.3199576139450073,-0.917694091796875,-0.39067450165748596,0.5785766243934631,0.2629338502883911,0.0,0.7057064175605774,1.848356008529663,-1.1777831315994263,0.3090628981590271,0.6592981219291687,-0.20179496705532074,0.0,0.0,0.0,0.0,0.0,0.0,0.0,0.04960000142455101,0.0,0.0,0.0,0.0,0.0,0.0,0.012400000356137753
224,7.466666592,-0.25851815938949585,1.3160655498504639,-0.9128072261810303,-0.3847752809524536,0.5718047618865967,0.2629338502883911,0.0,0.7010114789009094,1.8422648906707764,-1.1777831315994263,0.3012438416481018,0.6636614203453064,-0.1958782970905304,0.0,0.0,0.0,0.0,0.0,0.0,0.0,0.04910000041127205,0.0,0.0,0.0,0.0,0.0,0.0,0.010700000450015068
225,7.499999925,-0.25151941180229187,1.3062567710876465,-0.9087755084037781,-0.37926003336906433,0.5737071633338928,0.2629338502883911,0.0,0.7010114789009094,1.8422648906707764,-1.1777831315994263,0.3012438416481018,0.6636614203453064,-0.1958782970905304,0.0,0.0,0.0,0.0,0.0,0.0,0.0,0.048900000751018524,0.0,0.0,0.0,0.0,0.0,0.0,0.010700000450015068
226,7.533333258,-0.25151941180229187,1.3062567710876465,-0.9087755084037781,-0.37926003336906433,0.5737071633338928,0.2629338502883911,0.0,0.6988123655319214,1.834428310394287,-1.1802788972854614,0.2877698838710785,0.6645690202713013,-0.18784978985786438,0.0,0.0,0.0,0.0,0.0,0.0,0.0,0.048900000751018524,0.0,0.0,0.0,0.0,0.0,0.0,0.00930000003427267
227,7.566666591,-0.24462534487247467,1.293515920639038,-0.903836190700531,-0.37020179629325867,0.5780530571937561,0.2646791934967041,0.0,0.6929306387901306,1.8220365047454834,-1.1843979358673096,0.2768092155456543,0.6716375946998596,-0.18081611394882202,0.0,0.0,0.0,0.0,0.0,0.0,0.0,0.048900000751018524,0.0,0.0,0.0,0.0,0.0,0.0,0.007899999618530273
228,7.599999924,-0.24062854051589966,1.2818396091461182,-0.899682343006134,-0.3580543100833893,0.5854706764221191,0.2646791934967041,0.0,0.6929306387901306,1.8220365047454834,-1.1843979358673096,0.2768092155456543,0.6716375946998596,-0.18081611394882202,0.0,0.0,0.0,0.0,0.0,0.0,0.0,0.048900000751018524,0.0,0.0,0.0,0.0,0.0,0.0,0.007899999618530273
229,7.633333257,-0.24062854051589966,1.2818396091461182,-0.899682343006134,-0.3580543100833893,0.5854706764221191,0.2646791934967041,0.0,0.6871885061264038,1.8085800409317017,-1.1861257553100586,0.25825637578964233,0.6806609630584717,-0.17498670518398285,0.0,0.0,0.0,0.0,0.0,0.0,0.0,0.048900000751018524,0.0,0.0,0.0,0.0,0.0,0.0,0.006200000178068876
230,7.66666659,-0.2384817898273468,1.2699713706970215,-0.8917585015296936,-0.3480186462402344,0.5966582298278809,0.2630036771297455,0.0,0.6843435764312744,1.7940763235092163,-1.1883074045181274,0.23895302414894104,0.6855478882789612,-0.17095500230789185,0.0,0.0,0.0,0.0,0.0,0.0,0.0,0.048900000751018524,0.0,0.0,0.0,0.0,0.0,0.0,0.004699999932199717
231,7.699999923,-0.2362128645181656,1.260092854499817,-0.879680871963501,-0.33737215399742126,0.6123836636543274,0.25680774450302124,0.0,0.6843435764312744,1.7940763235092163,-1.1883074045181274,0.23895302414894104,0.6855478882789612,-0.17095500230789185,0.0,0.0,0.0,0.0,0.0,0.0,0.0,0.048900000751018524,0.0,0.0,0.0,0.0,0.0,0.0,0.004699999932199717
232,7.733333256,-0.2362128645181656,1.260092854499817,-0.879680871963501,-0.33737215399742126,0.6123836636543274,0.25680774450302124,0.0,0.6843435764312744,1.7852623462677002,-1.1897211074829102,0.21851521730422974,0.691429615020752,-0.15974998474121094,0.0,0.0,0.0,0.0,0.0,0.0,0.0,0.048900000751018524,0.0,0.0,0.0,0.0,0.0,0.0,0.00419999985024333
233,7.766666589,-0.2362128645181656,1.2580682039260864,-0.8626464605331421,-0.32707470655441284,0.6248976588249207,0.2543119192123413,0.0,0.6843435764312744,1.7833250761032104,-1.1923565864562988,0.20258036255836487,0.6937858462333679,-0.1495048999786377,0.0,0.0,0.0,0.0,0.0,0.0,0.0,0.049300000071525574,0.0,0.0,0.0,0.0,0.0,0.0,0.0044999998062849045
234,7.799999922,-0.2362128645181656,1.2647877931594849,-0.8429940342903137,-0.319098562002182,0.6296624541282654,0.2439970225095749,0.0,0.6843435764312744,1.7833250761032104,-1.1923565864562988,0.20258036255836487,0.6937858462333679,-0.1495048999786377,0.0,0.0,0.0,0.0,0.0,0.0,0.0,0.05009999871253967,0.0,0.0,0.0,0.0,0.0,0.0,0.0044999998062849045
235,7.833333255,-0.2362128645181656,1.2647877931594849,-0.8429940342903137,-0.319098562002182,0.6296624541282654,0.2439970225095749,0.0,0.686211109161377,1.7827316522598267,-1.1968594789505005,0.18284069001674652,0.694239616394043,-0.1353677362203598,0.0,0.0,0.0,0.0,0.0,0.0,0.0,0.05009999871253967,0.0,0.0,0.0,0.0,0.0,0.0,0.005100000184029341
236,7.866666588,-0.23809781670570374,1.2765512466430664,-0.8228703737258911,-0.3166027367115021,0.6197314858436584,0.23691099882125854,0.0,0.686211109161377,1.7787697315216064,-1.1989015340805054,0.16861626505851746,0.6939429044723511,-0.12294099479913712,0.0,0.0,0.0,0.0,0.0,0.0,0.0,0.050700001418590546,0.0,0.0,0.0,0.0,0.0,0.0,0.006000000052154064
237,7.899999921,-0.24013985693454742,1.2949819564819336,-0.8041080832481384,-0.31522390246391296,0.5989620685577393,0.22685790061950684,0.0,0.686211109161377,1.7787697315216064,-1.1989015340805054,0.16861626505851746,0.6939429044723511,-0.12294099479913712,0.0,0.0,0.0,0.0,0.0,0.0,0.0,0.051500000059604645,0.0,0.0,0.0,0.0,0.0,0.0,0.006000000052154064
238,7.933333254,-0.24013985693454742,1.2949819564819336,-0.8041080832481384,-0.31522390246391296,0.5989620685577393,0.22685790061950684,0.0,0.686211109161377,1.7787697315216064,-1.2084485292434692,0.15577062964439392,0.6939429044723511,-0.10554005950689316,0.0,0.0,0.0,0.0,0.0,0.0,0.0,0.051500000059604645,0.0,0.0,0.0,0.0,0.0,0.0,0.006899999920278788
239,7.966666587,-0.24013985693454742,1.3187882900238037,-0.7890459299087524,-0.31522390246391296,0.5757142901420593,0.2220931500196457,0.0,0.6837327480316162,1.7849831581115723,-1.212672233581543,0.14735814929008484,0.6996675729751587,-0.08930850028991699,0.0,0.0,0.0,0.0,0.0,0.0,0.0,0.052000001072883606,0.0,0.0,0.0,0.0,0.0,0.0,0.007000000216066837
240,7.99999992,-0.24013985693454742,1.3187882900238037,-0.7890459299087524,-0.31522390246391296,0.5757142901420593,0.2220931500196457,0.0,0.6837327480316162,1.7849831581115723,-1.212672233581543,0.14735814929008484,0.6996675729751587,-0.08930850028991699,0.0,0.0,0.0,0.0,0.0,0.0,0.0,0.052000001072883606,0.0,0.0,0.0,0.0,0.0,0.0,0.007000000216066837
241,8.033333253,-0.24013985693454742,1.3487555980682373,-0.784612774848938,-0.3194825053215027,0.5463055372238159,0.2151641845703125,0.0,0.6820223331451416,1.7920691967010498,-1.2152029275894165,0.13746213912963867,0.7018318176269531,-0.0748746246099472,0.0,0.0,0.0,0.0,0.0,0.0,0.0,0.052799999713897705,0.0,0.0,0.0,0.0,0.0,0.0,0.006200000178068876
242,8.066666586,-0.24013985693454742,1.3801889419555664,-0.7892727851867676,-0.3269525170326233,0.5155353546142578,0.21320942044258118,0.0,0.6820223331451416,1.7967292070388794,-1.2194440364837646,0.13320352137088776,0.700522780418396,-0.06072000414133072,0.0,0.0,0.0,0.0,0.0,0.0,0.0,0.052799999713897705,0.0,0.0,0.0,0.0,0.0,0.0,0.00419999985024333
243,8.099999919,-0.24013985693454742,1.3801889419555664,-0.7892727851867676,-0.3269525170326233,0.5155353546142578,0.21320942044258118,0.0,0.6820223331451416,1.7967292070388794,-1.2194440364837646,0.13320352137088776,0.700522780418396,-0.06072000414133072,0.0,0.0,0.0,0.0,0.0,0.0,0.0,0.052799999713897705,0.0,0.0,0.0,0.0,0.0,0.0,0.00419999985024333
244,8.133333252,-0.24013985693454742,1.4160031080245972,-0.7995876669883728,-0.33880332112312317,0.48548078536987305,0.21060888469219208,0.0,0.6814289093017578,1.7995392084121704,-1.2218177318572998,0.13320352137088776,0.7017096281051636,-0.05403539538383484,0.0,0.0,0.0,0.0,0.0,0.0,0.0,0.05220000073313713,0.0,0.0,0.0,0.0,0.0,0.0,0.003100000089034438
245,8.166666585,-0.24013985693454742,1.4552381038665771,-0.8092917203903198,-0.3479313850402832,0.46212828159332275,0.21060888469219208,0.0,0.6814289093017578,1.8022444248199463,-1.2218177318572998,0.14030702412128448,0.7017096281051636,-0.05403539538383484,0.0,0.0,0.0,0.0,0.0,0.0,0.0,0.0494999997317791,0.0,0.0,0.0,0.0,0.0,0.0,0.0032999999821186066
246,8.199999918,-0.24013985693454742,1.4552381038665771,-0.8092917203903198,-0.3479313850402832,0.46212828159332275,0.21060888469219208,0.0,0.6814289093017578,1.8022444248199463,-1.2218177318572998,0.14030702412128448,0.7017096281051636,-0.05403539538383484,0.0,0.0,0.0,0.0,0.0,0.0,0.0,0.0494999997317791,0.0,0.0,0.0,0.0,0.0,0.0,0.0032999999821186066
247,8.233333251,-0.24013985693454742,1.500808596611023,-0.8228180408477783,-0.35613444447517395,0.4398578703403473,0.2085144817829132,0.0,0.6833662390708923,1.8064157962799072,-1.2234408855438232,0.14611896872520447,0.6973463296890259,-0.05757841095328331,0.0,0.0,0.0,0.0,0.0,0.0,0.0,0.04520000144839287,0.0,0.0,0.0,0.0,0.0,0.0,0.004600000102072954
248,8.266666584,-0.24013985693454742,1.538682222366333,-0.8312479853630066,-0.3594854772090912,0.4239579141139984,0.2085144817829132,0.0,0.6856176853179932,1.8108837604522705,-1.2234408855438232,0.1511804163455963,0.6945712566375732,-0.05927138030529022,0.0,0.0,0.0,0.0,0.0,0.0,0.0,0.03970000147819519,0.0,0.0,0.0,0.0,0.0,0.0,0.006599999964237213
249,8.299999917,-0.24013985693454742,1.538682222366333,-0.8312479853630066,-0.3594854772090912,0.4239579141139984,0.2085144817829132,0.0,0.6856176853179932,1.8108837604522705,-1.2234408855438232,0.1511804163455963,0.6945712566375732,-0.05927138030529022,0.0,0.0,0.0,0.0,0.0,0.0,0.0,0.03970000147819519,0.0,0.0,0.0,0.0,0.0,0.0,0.006599999964237213
250,8.33333325,-0.24013985693454742,1.5741299390792847,-0.83990478515625,-0.35726889967918396,0.425144761800766,0.2085144817829132,0.0,0.6892828941345215,1.8109012842178345,-1.2234408855438232,0.15599752962589264,0.6945712566375732,-0.059952061623334885,0.0,0.0,0.0,0.0,0.0,0.0,0.0,0.03269999846816063,0.0,0.0,0.0,0.0,0.0,0.0,0.008500000461935997
251,8.366666583,-0.24013985693454742,1.6047254800796509,-0.8473049998283386,-0.35728636384010315,0.4196993112564087,0.2085144817829132,0.0,0.6892828941345215,1.8083007335662842,-1.2234408855438232,0.15599752962589264,0.6925117373466492,-0.056182149797677994,0.0,0.0,0.0,0.0,0.0,0.0,0.0,0.027899999171495438,0.0,0.0,0.0,0.0,0.0,0.0,0.010599999688565731
252,8.399999916,-0.24013985693454742,1.6047254800796509,-0.8473049998283386,-0.35728636384010315,0.4196993112564087,0.2085144817829132,0.0,0.6892828941345215,1.8083007335662842,-1.2234408855438232,0.15599752962589264,0.6925117373466492,-0.056182149797677994,0.0,0.0,0.0,0.0,0.0,0.0,0.0,0.027899999171495438,0.0,0.0,0.0,0.0,0.0,0.0,0.010599999688565731
253,8.433333249,-0.24013985693454742,1.630556344985962,-0.8554905652999878,-0.3533768057823181,0.4196993112564087,0.21380282938480377,0.0,0.6871885061264038,1.800464153289795,-1.2234408855438232,0.15198327600955963,0.6925117373466492,-0.051050879061222076,0.0,0.0,0.0,0.0,0.0,0.0,0.0,0.026499999687075615,0.0,0.0,0.0,0.0,0.0,0.0,0.012900000438094139
254,8.466666582,-0.23837706446647644,1.6521111726760864,-0.8650549650192261,-0.3481408357620239,0.4196993112564087,0.21380282938480377,0.0,0.6857224106788635,1.7901842594146729,-1.2234408855438232,0.14960962533950806,0.6944141387939453,-0.04831071197986603,0.0,0.0,0.0,0.0,0.0,0.0,0.0,0.027400000020861626,0.0,0.0,0.0,0.0,0.0,0.0,0.015300000086426735
255,8.499999915,-0.23837706446647644,1.6521111726760864,-0.8650549650192261,-0.3481408357620239,0.4196993112564087,0.21380282938480377,0.0,0.6857224106788635,1.7901842594146729,-1.2234408855438232,0.14960962533950806,0.6944141387939453,-0.04831071197986603,0.0,0.0,0.0,0.0,0.0,0.0,0.0,0.027400000020861626,0.0,0.0,0.0,0.0,0.0,0.0,0.015300000086426735
256,8.533333248,-0.23636993765830994,1.6733518838882446,-0.8748637437820435,-0.341019868850708,0.4172907769680023,0.21380282938480377,0.0,0.6778684258460999,1.7782984972000122,-1.2234408855438232,0.14297737181186676,0.6944141387939453,-0.04211479425430298,0.0,0.0,0.0,0.0,0.0,0.0,0.0,0.02889999933540821,0.0,0.0,0.0,0.0,0.0,0.0,0.017799999564886093
257,8.566666581,-0.23429299890995026,1.6902291774749756,-0.884969174861908,-0.3337767720222473,0.41489967703819275,0.21380282938480377,0.0,0.6736098527908325,1.7658019065856934,-1.2234408855438232,0.14079570770263672,0.6944141387939453,-0.03972369432449341,0.0,0.0,0.0,0.0,0.0,0.0,0.0,0.03009999915957451,0.0,0.0,0.0,0.0,0.0,0.0,0.019999999552965164
258,8.599999914,-0.23429299890995026,1.6902291774749756,-0.884969174861908,-0.3337767720222473,0.41489967703819275,0.21380282938480377,0.0,0.6736098527908325,1.7658019065856934,-1.2234408855438232,0.14079570770263672,0.6944141387939453,-0.03972369432449341,0.0,0.0,0.0,0.0,0.0,0.0,0.0,0.03009999915957451,0.0,0.0,0.0,0.0,0.0,0.0,0.019999999552965164
259,8.633333247,-0.2290221005678177,1.708206057548523,-0.8903099298477173,-0.32761576771736145,0.4107457995414734,0.20975366234779358,0.0,0.66924649477005,1.7544573545455933,-1.2234408855438232,0.136554554104805,0.6963863968849182,-0.035360369831323624,0.0,0.0,0.0,0.0,0.0,0.0,0.0,0.03020000085234642,0.0,0.0,0.0,0.0,0.0,0.0,0.02199999988079071
260,8.66666658,-0.2241177260875702,1.7215229272842407,-0.8969072699546814,-0.3252421021461487,0.40859901905059814,0.20319123566150665,0.0,0.6643944978713989,1.747825026512146,-1.2234408855438232,0.136554554104805,0.6983062624931335,-0.03314380347728729,0.0,0.0,0.0,0.0,0.0,0.0,0.0,0.02800000086426735,0.0,0.0,0.0,0.0,0.0,0.0,0.023900000378489494
261,8.699999913,-0.2241177260875702,1.7215229272842407,-0.8969072699546814,-0.3252421021461487,0.40859901905059814,0.20319123566150665,0.0,0.6643944978713989,1.747825026512146,-1.2234408855438232,0.136554554104805,0.6983062624931335,-0.03314380347728729,0.0,0.0,0.0,0.0,0.0,0.0,0.0,0.02800000086426735,0.0,0.0,0.0,0.0,0.0,0.0,0.023900000378489494
262,8.733333246,-0.22240731120109558,1.7328152656555176,-0.8997172117233276,-0.3252421021461487,0.40430551767349243,0.20011945068836212,0.0,0.6626142263412476,1.7476680278778076,-1.2215733528137207,0.136554554104805,0.6983062624931335,-0.030682887881994247,0.0,0.0,0.0,0.0,0.0,0.0,0.0,0.025299999862909317,0.0,0.0,0.0,0.0,0.0,0.0,0.02539999969303608
263,8.766666579,-0.2203478217124939,1.7462018728256226,-0.9012880325317383,-0.3252421021461487,0.40430551767349243,0.1978505253791809,0.0,0.6626142263412476,1.7496751546859741,-1.219496488571167,0.13863150775432587,0.7017270922660828,-0.030682887881994247,0.0,0.0,0.0,0.0,0.0,0.0,0.0,0.021800000220537186,0.0,0.0,0.0,0.0,0.0,0.0,0.026399999856948853
264,8.799999912,-0.2203478217124939,1.7462018728256226,-0.9012880325317383,-0.3252421021461487,0.40430551767349243,0.1978505253791809,0.0,0.6626142263412476,1.7496751546859741,-1.219496488571167,0.13863150775432587,0.7017270922660828,-0.030682887881994247,0.0,0.0,0.0,0.0,0.0,0.0,0.0,0.021800000220537186,0.0,0.0,0.0,0.0,0.0,0.0,0.026399999856948853
265,8.833333245,-0.2203478217124939,1.755033254623413,-0.9036791324615479,-0.3274586796760559,0.40430551767349243,0.19607028365135193,0.0,0.6626142263412476,1.7562026977539062,-1.2198455333709717,0.14266321063041687,0.7032804489135742,-0.030682887881994247,0.0,0.0,0.0,0.0,0.0,0.0,0.0,0.01730000041425228,0.0,0.0,0.0,0.0,0.0,0.0,0.026900000870227814
266,8.866666578,-0.2203478217124939,1.7658019065856934,-0.9051626324653625,-0.3254864513874054,0.40430551767349243,0.19607028365135193,0.0,0.6643770337104797,1.7599899768829346,-1.2198455333709717,0.14449581503868103,0.7032804489135742,-0.03232349827885628,0.0,0.0,0.0,0.0,0.0,0.0,0.0,0.010999999940395355,0.0,0.0,0.0,0.0,0.0,0.0,0.02710000053048134
267,8.899999911,-0.2203478217124939,1.7658019065856934,-0.9051626324653625,-0.3254864513874054,0.40430551767349243,0.19607028365135193,0.0,0.6643770337104797,1.7599899768829346,-1.2198455333709717,0.14449581503868103,0.7032804489135742,-0.03232349827885628,0.0,0.0,0.0,0.0,0.0,0.0,0.0,0.010999999940395355,0.0,0.0,0.0,0.0,0.0,0.0,0.02710000053048134
268,8.933333244,-0.22219786047935486,1.7718931436538696,-0.9051626324653625,-0.3254864513874054,0.4101698398590088,0.19607028365135193,0.0,0.6661398410797119,1.7699558734893799,-1.2198455333709717,0.14739306271076202,0.7029313445091248,-0.03232349827885628,0.0,0.0,0.0,0.0,0.0,0.0,0.0,0.006200000178068876,0.0,0.0,0.0,0.0,0.0,0.0,0.02710000053048134
269,8.966666577,-0.22417008876800537,1.772067666053772,-0.9027889966964722,-0.3216641843318939,0.41865211725234985,0.19607028365135193,0.0,0.6707998514175415,1.784127950668335,-1.2198455333709717,0.1512327790260315,0.7028091549873352,-0.03232349827885628,0.0,0.0,0.0,0.0,0.0,0.0,0.0,0.0032999999821186066,0.0,0.0,0.0,0.0,0.0,0.0,0.02710000053048134
270,8.99999991,-0.22417008876800537,1.772067666053772,-0.9027889966964722,-0.3216641843318939,0.41865211725234985,0.19607028365135193,0.0,0.6707998514175415,1.784127950668335,-1.2198455333709717,0.1512327790260315,0.7028091549873352,-0.03232349827885628,0.0,0.0,0.0,0.0,0.0,0.0,0.0,0.0032999999821186066,0.0,0.0,0.0,0.0,0.0,0.0,0.02710000053048134
271,9.033333243,-0.22417008876800537,1.763655185699463,-0.9016196131706238,-0.316253662109375,0.42243948578834534,0.19607028365135193,0.0,0.6731909513473511,1.7958390712738037,-1.2198455333709717,0.15531684458255768,0.7090051174163818,-0.03232349827885628,0.0,0.0,0.0,0.0,0.0,0.0,0.0,0.002199999988079071,0.0,0.0,0.0,0.0,0.0,0.0,0.02669999934732914
272,9.066666576,-0.22417008876800537,1.7508794069290161,-0.8984082341194153,-0.30867892503738403,0.4309566915035248,0.19607028365135193,0.0,0.679770827293396,1.8053511381149292,-1.2216606140136719,0.16008159518241882,0.7090051174163818,-0.03232349827885628,0.0,0.0,0.0,0.0,0.0,0.0,0.0,0.001500000013038516,0.0,0.0,0.0,0.0,0.0,0.0,0.02630000002682209
273,9.099999909,-0.22417008876800537,1.7508794069290161,-0.8984082341194153,-0.30867892503738403,0.4309566915035248,0.19607028365135193,0.0,0.679770827293396,1.8053511381149292,-1.2216606140136719,0.16008159518241882,0.7090051174163818,-0.03232349827885628,0.0,0.0,0.0,0.0,0.0,0.0,0.0,0.001500000013038516,0.0,0.0,0.0,0.0,0.0,0.0,0.02630000002682209
274,9.133333242,-0.22417008876800537,1.732448697090149,-0.8961393237113953,-0.3036523759365082,0.4386710524559021,0.19607028365135193,0.0,0.6872233748435974,1.814793348312378,-1.2216606140136719,0.16514305770397186,0.7090051174163818,-0.03422590717673302,0.0,0.0,0.0,0.0,0.0,0.0,0.0,0.001500000013038516,0.0,0.0,0.0,0.0,0.0,0.0,0.026200000196695328
275,9.166666575,-0.22232003509998322,1.7075603008270264,-0.893852949142456,-0.29942867159843445,0.4478514790534973,0.19828686118125916,0.0,0.6991440057754517,1.8285291194915771,-1.2216606140136719,0.17373007535934448,0.7016223669052124,-0.03701843321323395,0.0,0.0,0.0,0.0,0.0,0.0,0.0,0.001500000013038516,0.0,0.0,0.0,0.0,0.0,0.0,0.026599999517202377
276,9.199999908,-0.22232003509998322,1.7075603008270264,-0.893852949142456,-0.29942867159843445,0.4478514790534973,0.19828686118125916,0.0,0.6991440057754517,1.8285291194915771,-1.2216606140136719,0.17373007535934448,0.7016223669052124,-0.03701843321323395,0.0,0.0,0.0,0.0,0.0,0.0,0.0,0.001500000013038516,0.0,0.0,0.0,0.0,0.0,0.0,0.026599999517202377
277,9.233333241,-0.22232003509998322,1.680211067199707,-0.893852949142456,-0.2972121238708496,0.4533667266368866,0.20203931629657745,0.0,0.7103315591812134,1.8410605192184448,-1.2216606140136719,0.18135716021060944,0.6940650939941406,-0.04173082113265991,0.0,0.0,0.0,0.0,0.0,0.0,0.0,0.001500000013038516,0.0,0.0,0.0,0.0,0.0,0.0,0.02800000086426735
278,9.266666574,-0.22048744559288025,1.6474337577819824,-0.8919330835342407,-0.29508280754089355,0.46661376953125,0.20463985204696655,0.0,0.7295476198196411,1.8545868396759033,-1.2216606140136719,0.19523252546787262,0.6839247345924377,-0.0478045679628849,0.0,0.0,0.0,0.0,0.0,0.0,0.0,0.001500000013038516,0.0,0.0,0.0,0.0,0.0,0.0,0.030500000342726707
279,9.299999907,-0.22048744559288025,1.6474337577819824,-0.8919330835342407,-0.29508280754089355,0.46661376953125,0.20463985204696655,0.0,0.7295476198196411,1.8545868396759033,-1.2216606140136719,0.19523252546787262,0.6839247345924377,-0.0478045679628849,0.0,0.0,0.0,0.0,0.0,0.0,0.0,0.001500000013038516,0.0,0.0,0.0,0.0,0.0,0.0,0.030500000342726707
280,9.33333324,-0.22048744559288025,1.6174315214157104,-0.890658974647522,-0.2923077344894409,0.47314131259918213,0.20463985204696655,0.0,0.7441385984420776,1.8684272766113281,-1.2234584093093872,0.20453514158725739,0.6739588975906372,-0.053389620035886765,0.0,0.0,0.0,0.0,0.0,0.0,0.0,0.001500000013038516,0.0,0.0,0.0,0.0,0.0,0.0,0.03350000083446503
281,9.366666573,-0.22048744559288025,1.5814428329467773,-0.890658974647522,-0.28820621967315674,0.4783772826194763,0.2064899057149887,0.0,0.759916365146637,1.881744146347046,-1.2249767780303955,0.21851521730422974,0.6568022966384888,-0.060475658625364304,0.0,0.0,0.0,0.0,0.0,0.0,0.0,0.001500000013038516,0.0,0.0,0.0,0.0,0.0,0.0,0.038600001484155655
282,9.399999906,-0.22048744559288025,1.5814428329467773,-0.890658974647522,-0.28820621967315674,0.4783772826194763,0.2064899057149887,0.0,0.759916365146637,1.881744146347046,-1.2249767780303955,0.21851521730422974,0.6568022966384888,-0.060475658625364304,0.0,0.0,0.0,0.0,0.0,0.0,0.0,0.001500000013038516,0.0,0.0,0.0,0.0,0.0,0.0,0.038600001484155655
283,9.433333239,-0.2186199426651001,1.5510741472244263,-0.8897339701652527,-0.28820621967315674,0.4911181926727295,0.2064899057149887,0.0,0.7738440632820129,1.8923382759094238,-1.227507472038269,0.23062780499458313,0.6454925537109375,-0.06550220400094986,0.0,0.0,0.0,0.0,0.0,0.0,0.0,0.001500000013038516,0.0,0.0,0.0,0.0,0.0,0.0,0.042399998754262924
284,9.466666572,-0.2165779024362564,1.52060067653656,-0.8880758881568909,-0.2843141257762909,0.5002986192703247,0.2064899057149887,0.0,0.7859217524528503,1.9059693813323975,-1.2280136346817017,0.24242623150348663,0.6333276033401489,-0.07091272622346878,0.0,0.0,0.0,0.0,0.0,0.0,0.0,0.001500000013038516,0.0,0.0,0.0,0.0,0.0,0.0,0.04529999941587448
285,9.499999905,-0.2165779024362564,1.52060067653656,-0.8880758881568909,-0.2843141257762909,0.5002986192703247,0.2064899057149887,0.0,0.7859217524528503,1.9059693813323975,-1.2280136346817017,0.24242623150348663,0.6333276033401489,-0.07091272622346878,0.0,0.0,0.0,0.0,0.0,0.0,0.0,0.001500000013038516,0.0,0.0,0.0,0.0,0.0,0.0,0.04529999941587448
286,9.533333238,-0.2142740786075592,1.491959810256958,-0.8880758881568909,-0.28211501240730286,0.5113989114761353,0.2064899057149887,0.0,0.7965333461761475,1.918570637702942,-1.2323769330978394,0.25221753120422363,0.6255085468292236,-0.07096508890390396,0.0,0.0,0.0,0.0,0.0,0.0,0.0,0.001500000013038516,0.0,0.0,0.0,0.0,0.0,0.0,0.04729999974370003
287,9.566666571,-0.21041689813137054,1.467717170715332,-0.8880758881568909,-0.28211501240730286,0.5239129066467285,0.2064899057149887,0.0,0.8015424609184265,1.9341564178466797,-1.2384681701660156,0.2598097026348114,0.6183875799179077,-0.07524114102125168,0.0,0.0,0.0,0.0,0.0,0.0,0.0,0.001500000013038516,0.0,0.0,0.0,0.0,0.0,0.0,0.04820000007748604
288,9.599999904,-0.21041689813137054,1.467717170715332,-0.8880758881568909,-0.28211501240730286,0.5239129066467285,0.2064899057149887,0.0,0.8015424609184265,1.9341564178466797,-1.2384681701660156,0.2598097026348114,0.6183875799179077,-0.07524114102125168,0.0,0.0,0.0,0.0,0.0,0.0,0.0,0.001500000013038516,0.0,0.0,0.0,0.0,0.0,0.0,0.04820000007748604
289,9.633333237,-0.2085493952035904,1.448710560798645,-0.8880758881568909,-0.2777516841888428,0.5343849062919617,0.2064899057149887,0.0,0.8033925294876099,1.9489219188690186,-1.2463395595550537,0.2707529366016388,0.6204296350479126,-0.07941248267889023,0.0,0.0,0.0,0.0,0.0,0.0,0.0,0.001500000013038516,0.0,0.0,0.0,0.0,0.0,0.0,0.04859999939799309
290,9.66666657,-0.20629791915416718,1.4357078075408936,-0.8880758881568909,-0.27806586027145386,0.5416978597640991,0.2064899057149887,0.0,0.8033925294876099,1.9660959243774414,-1.2530765533447266,0.27977627515792847,0.6204296350479126,-0.08339183032512665,0.0,0.0,0.0,0.0,0.0,0.0,0.0,0.0015999999595806003,0.0,0.0,0.0,0.0,0.0,0.0,0.048700001090765
291,9.699999903,-0.20629791915416718,1.4357078075408936,-0.8880758881568909,-0.27806586027145386,0.5416978597640991,0.2064899057149887,0.0,0.8033925294876099,1.9660959243774414,-1.2530765533447266,0.27977627515792847,0.6204296350479126,-0.08339183032512665,0.0,0.0,0.0,0.0,0.0,0.0,0.0,0.0015999999595806003,0.0,0.0,0.0,0.0,0.0,0.0,0.048700001090765
292,9.733333236,-0.20395918190479279,1.4315016269683838,-0.8880758881568909,-0.27405160665512085,0.5474399924278259,0.20474457740783691,0.0,0.8033925294876099,1.9860275983810425,-1.2617160081863403,0.28646087646484375,0.6272887587547302,-0.08646360784769058,0.0,0.0,0.0,0.0,0.0,0.0,0.0,0.0031999999191612005,0.0,0.0,0.0,0.0,0.0,0.0,0.048700001090765
293,9.766666569,-0.19966566562652588,1.4415721893310547,-0.8873254060745239,-0.27405160665512085,0.5474399924278259,0.20474457740783691,0.0,0.8006523251533508,2.0025558471679688,-1.271070957183838,0.292011022567749,0.6326120495796204,-0.08646360784769058,0.0,0.0,0.0,0.0,0.0,0.0,0.0,0.006399999838322401,0.0,0.0,0.0,0.0,0.0,0.0,0.04809999838471413
294,9.799999902,-0.19966566562652588,1.4415721893310547,-0.8873254060745239,-0.27405160665512085,0.5474399924278259,0.20474457740783691,0.0,0.8006523251533508,2.0025558471679688,-1.271070957183838,0.292011022567749,0.6326120495796204,-0.08646360784769058,0.0,0.0,0.0,0.0,0.0,0.0,0.0,0.006399999838322401,0.0,0.0,0.0,0.0,0.0,0.0,0.04809999838471413
295,9.833333235,-0.19915951788425446,1.454068660736084,-0.8873254060745239,-0.270089715719223,0.5434780716896057,0.20263272523880005,0.0,0.7984183430671692,2.0164835453033447,-1.2784537076950073,0.2943846881389618,0.6386159658432007,-0.08424704521894455,0.0,0.0,0.0,0.0,0.0,0.0,0.0,0.009700000286102295,0.0,0.0,0.0,0.0,0.0,0.0,0.04560000076889992
296,9.866666568,-0.19753636419773102,1.466896891593933,-0.8873254060745239,-0.27059584856033325,0.537509024143219,0.19994491338729858,0.0,0.7957479953765869,2.0279853343963623,-1.2803386449813843,0.2958507537841797,0.6464874148368835,-0.08424704521894455,0.0,0.0,0.0,0.0,0.0,0.0,0.0,0.011500000022351742,0.0,0.0,0.0,0.0,0.0,0.0,0.040699999779462814
297,9.899999901,-0.19753636419773102,1.466896891593933,-0.8873254060745239,-0.27059584856033325,0.537509024143219,0.19994491338729858,0.0,0.7957479953765869,2.0279853343963623,-1.2803386449813843,0.2958507537841797,0.6464874148368835,-0.08424704521894455,0.0,0.0,0.0,0.0,0.0,0.0,0.0,0.011500000022351742,0.0,0.0,0.0,0.0,0.0,0.0,0.040699999779462814
298,9.933333234,-0.19685567915439606,1.4811911582946777,-0.8873254060745239,-0.27059584856033325,0.5293932557106018,0.19797269999980927,0.0,0.7937932014465332,2.035682201385498,-1.2820664644241333,0.2958507537841797,0.648564338684082,-0.07440338283777237,0.0,0.0,0.0,0.0,0.0,0.0,0.0,0.012900000438094139,0.0,0.0,0.0,0.0,0.0,0.0,0.033399999141693115
299,9.966666567,-0.1952674388885498,1.5004072189331055,-0.8873254060745239,-0.27059584856033325,0.5207538604736328,0.19514526426792145,0.0,0.7918384075164795,2.036153554916382,-1.2784711122512817,0.29101619124412537,0.6550918817520142,-0.07038912922143936,0.0,0.0,0.0,0.0,0.0,0.0,0.0,0.014000000432133675,0.0,0.0,0.0,0.0,0.0,0.0,0.02329999953508377
300,9.9999999,-0.1952674388885498,1.5004072189331055,-0.8873254060745239,-0.27059584856033325,0.5207538604736328,0.19514526426792145,0.0,0.7918384075164795,2.036153554916382,-1.2784711122512817,0.29101619124412537,0.6550918817520142,-0.07038912922143936,0.0,0.0,0.0,0.0,0.0,0.0,0.0,0.014000000432133675,0.0,0.0,0.0,0.0,0.0,0.0,0.02329999953508377
301,10.033333233,-0.1952674388885498,1.519012451171875,-0.8873254060745239,-0.27059584856033325,0.5111371278762817,0.19514526426792145,0.0,0.7917336821556091,2.0338146686553955,-1.27759850025177,0.2871764898300171,0.6594551801681519,-0.06368706375360489,0.0,0.0,0.0,0.0,0.0,0.0,0.0,0.01510000042617321,0.0,0.0,0.0,0.0,0.0,0.0,0.013700000010430813
302,10.066666566,-0.1952674388885498,1.541108250617981,-0.8873254060745239,-0.27059584856033325,0.5020264983177185,0.1932428479194641,0.0,0.7900232672691345,2.024843692779541,-1.275469183921814,0.28009045124053955,0.662422239780426,-0.06227334588766098,0.0,0.0,0.0,0.0,0.0,0.0,0.0,0.01600000075995922,0.0,0.0,0.0,0.0,0.0,0.0,0.00559999980032444
303,10.099999899,-0.1952674388885498,1.541108250617981,-0.8873254060745239,-0.27059584856033325,0.5020264983177185,0.1932428479194641,0.0,0.7900232672691345,2.024843692779541,-1.275469183921814,0.28009045124053955,0.662422239780426,-0.06227334588766098,0.0,0.0,0.0,0.0,0.0,0.0,0.0,0.01600000075995922,0.0,0.0,0.0,0.0,0.0,0.0,0.00559999980032444
304,10.133333232,-0.1952674388885498,1.5596262216567993,-0.8873254060745239,-0.2733010947704315,0.4999670088291168,0.19109609723091125,0.0,0.7893775105476379,2.015087366104126,-1.273200273513794,0.27469736337661743,0.6653892993927002,-0.06227334588766098,0.0,0.0,0.0,0.0,0.0,0.0,0.0,0.016599999740719795,0.0,0.0,0.0,0.0,0.0,0.0,0.002099999925121665
305,10.166666565,-0.1952674388885498,1.5744614601135254,-0.8873254060745239,-0.2733010947704315,0.4925842881202698,0.19109609723091125,0.0,0.785136342048645,1.9999552965164185,-1.2705821990966797,0.263300359249115,0.669996976852417,-0.05927138030529022,0.0,0.0,0.0,0.0,0.0,0.0,0.0,0.017000000923871994,0.0,0.0,0.0,0.0,0.0,0.0,0.00139999995008111
306,10.199999898,-0.1952674388885498,1.5744614601135254,-0.8873254060745239,-0.2733010947704315,0.4925842881202698,0.19109609723091125,0.0,0.785136342048645,1.9999552965164185,-1.2705821990966797,0.263300359249115,0.669996976852417,-0.05927138030529022,0.0,0.0,0.0,0.0,0.0,0.0,0.0,0.017000000923871994,0.0,0.0,0.0,0.0,0.0,0.0,0.00139999995008111
307,10.233333231,-0.1930159628391266,1.5857537984848022,-0.8857545852661133,-0.2733010947704315,0.4854109585285187,0.18887953460216522,0.0,0.7811046242713928,1.983723759651184,-1.2686798572540283,0.24952971935272217,0.6742556095123291,-0.050911255180835724,0.0,0.0,0.0,0.0,0.0,0.0,0.0,0.017799999564886093,0.0,0.0,0.0,0.0,0.0,0.0,0.0012000000569969416
308,10.266666564,-0.1930159628391266,1.5857537984848022,-0.8857545852661133,-0.2733010947704315,0.4854109585285187,0.18887953460216522,0.0,0.7714529633522034,1.9630067348480225,-1.266899585723877,0.22533945739269257,0.683261513710022,-0.041434116661548615,0.0,0.0,0.0,0.0,0.0,0.0,0.0,0.017799999564886093,0.0,0.0,0.0,0.0,0.0,0.0,0.0012000000569969416
309,10.299999897,-0.1930159628391266,1.587568998336792,-0.8836252689361572,-0.27084019780158997,0.4828278720378876,0.18887953460216522,0.0,0.7714529633522034,1.9630067348480225,-1.266899585723877,0.22533945739269257,0.683261513710022,-0.041434116661548615,0.0,0.0,0.0,0.0,0.0,0.0,0.0,0.01850000023841858,0.0,0.0,0.0,0.0,0.0,0.0,0.0012000000569969416
310,10.33333323,-0.1930159628391266,1.5854047536849976,-0.8836252689361572,-0.26916468143463135,0.4781852960586548,0.18887953460216522,0.0,0.7625692486763,1.9396018981933594,-1.266899585723877,0.2030690610408783,0.6860191226005554,-0.03286454826593399,0.0,0.0,0.0,0.0,0.0,0.0,0.0,0.01889999955892563,0.0,0.0,0.0,0.0,0.0,0.0,0.0012000000569969416
311,10.366666563,-0.1930159628391266,1.5854047536849976,-0.8836252689361572,-0.26916468143463135,0.4781852960586548,0.18887953460216522,0.0,0.747262716293335,1.9065278768539429,-1.2649447917938232,0.1788438856601715,0.6917088627815247,-0.020298179239034653,0.0,0.0,0.0,0.0,0.0,0.0,0.0,0.01889999955892563,0.0,0.0,0.0,0.0,0.0,0.0,0.0012000000569969416
312,10.399999896,-0.1909564733505249,1.5786503553390503,-0.8813040256500244,-0.26916468143463135,0.47282713651657104,0.18887953460216522,0.0,0.747262716293335,1.9065278768539429,-1.2649447917938232,0.1788438856601715,0.6917088627815247,-0.020298179239034653,0.0,0.0,0.0,0.0,0.0,0.0,0.0,0.01860000006854534,0.0,0.0,0.0,0.0,0.0,0.0,0.0012000000569969416
313,10.433333229,-0.1909564733505249,1.576870083808899,-0.8796110153198242,-0.26516786217689514,0.4686383605003357,0.19109609723091125,0.0,0.7303330302238464,1.8752864599227905,-1.2670567035675049,0.1529432088136673,0.6966307163238525,-0.006998770404607058,0.0,0.0,0.0,0.0,0.0,0.0,0.0,0.01889999955892563,0.0,0.0,0.0,0.0,0.0,0.0,0.0012000000569969416
314,10.466666562,-0.1909564733505249,1.576870083808899,-0.8796110153198242,-0.26516786217689514,0.4686383605003357,0.19109609723091125,0.0,0.7104537487030029,1.840327501296997,-1.2719086408615112,0.12861330807209015,0.7076612114906311,0.0,0.0,0.0,0.0,0.0,0.0,0.0,0.0,0.01889999955892563,0.0,0.0,0.0,0.0,0.0,0.0,0.0012000000569969416
315,10.499999895,-0.18882717192173004,1.576870083808899,-0.8796110153198242,-0.2678207755088806,0.4582361876964569,0.19109609723091125,0.0,0.7104537487030029,1.840327501296997,-1.2719086408615112,0.12861330807209015,0.7076612114906311,0.0,0.0,0.0,0.0,0.0,0.0,0.0,0.0,0.021199999377131462,0.0,0.0,0.0,0.0,0.0,0.0,0.0012000000569969416
316,10.533333228,-0.18882717192173004,1.5814428329467773,-0.8796110153198242,-0.2677858769893646,0.4502425789833069,0.19371409714221954,0.0,0.6899111866950989,1.803815245628357,-1.2717690467834473,0.10419615358114243,0.7128622531890869,0.006562437862157822,0.0,0.0,0.0,0.0,0.0,0.0,0.0,0.02410000003874302,0.0,0.0,0.0,0.0,0.0,0.0,0.0012000000569969416
317,10.566666561,-0.18882717192173004,1.5814428329467773,-0.8796110153198242,-0.2677858769893646,0.4502425789833069,0.19371409714221954,0.0,0.6652846336364746,1.7649991512298584,-1.2740904092788696,0.08274605870246887,0.7234564423561096,0.008412486873567104,0.0,0.0,0.0,0.0,0.0,0.0,0.0,0.02410000003874302,0.0,0.0,0.0,0.0,0.0,0.0,0.0012000000569969416
318,10.599999894,-0.18882717192173004,1.5960338115692139,-0.881496012210846,-0.27057838439941406,0.4383918046951294,0.19148007035255432,0.0,0.6652846336364746,1.7649991512298584,-1.2740904092788696,0.08274605870246887,0.7234564423561096,0.008412486873567104,0.0,0.0,0.0,0.0,0.0,0.0,0.0,0.02810000069439411,0.0,0.0,0.0,0.0,0.0,0.0,0.0012000000569969416
319,10.633333227,-0.18680259585380554,1.6123875379562378,-0.8838696479797363,-0.2755700349807739,0.43106141686439514,0.19148007035255432,0.0,0.6459637880325317,1.7345606088638306,-1.275696039199829,0.06695082783699036,0.7369478344917297,0.013369222171604633,0.0,0.0,0.0,0.0,0.0,0.0,0.0,0.031099999323487282,0.0,0.0,0.0,0.0,0.0,0.0,0.0012000000569969416
320,10.66666656,-0.18680259585380554,1.6123875379562378,-0.8838696479797363,-0.2755700349807739,0.43106141686439514,0.19148007035255432,0.0,0.62774258852005,1.7069668769836426,-1.2778079509735107,0.05480333790183067,0.7436673641204834,0.018814649432897568,0.0,0.0,0.0,0.0,0.0,0.0,0.0,0.031099999323487282,0.0,0.0,0.0,0.0,0.0,0.0,0.0012000000569969416
321,10.699999893,-0.18680259585380554,1.631097435951233,-0.8879188299179077,-0.2837556302547455,0.4176921844482422,0.19148007035255432,0.0,0.62774258852005,1.7069668769836426,-1.2778079509735107,0.05480333790183067,0.7436673641204834,0.018814649432897568,0.0,0.0,0.0,0.0,0.0,0.0,0.0,0.03400000184774399,0.0,0.0,0.0,0.0,0.0,0.0,0.0012000000569969416
322,10.733333226,-0.1843765825033188,1.653699517250061,-0.8899433612823486,-0.2873859107494354,0.40776127576828003,0.19148007035255432,0.0,0.616834282875061,1.6865639686584473,-1.2814382314682007,0.04749041050672531,0.7460235357284546,0.018797196447849274,0.0,0.0,0.0,0.0,0.0,0.0,0.0,0.03669999912381172,0.0,0.0,0.0,0.0,0.0,0.0,0.0012000000569969416
323,10.766666559,-0.1843765825033188,1.653699517250061,-0.8899433612823486,-0.2873859107494354,0.40776127576828003,0.19148007035255432,0.0,0.6094166040420532,1.6724791526794434,-1.2840735912322998,0.04749041050672531,0.7486764192581177,0.018797196447849274,0.0,0.0,0.0,0.0,0.0,0.0,0.0,0.03669999912381172,0.0,0.0,0.0,0.0,0.0,0.0,0.0012000000569969416
324,10.799999892,-0.1843765825033188,1.6767727136611938,-0.8924391865730286,-0.2897595763206482,0.40776127576828003,0.19148007035255432,0.0,0.6094166040420532,1.6724791526794434,-1.2840735912322998,0.04749041050672531,0.7486764192581177,0.018797196447849274,0.0,0.0,0.0,0.0,0.0,0.0,0.0,0.039400000125169754,0.0,0.0,0.0,0.0,0.0,0.0,0.0012000000569969416
325,10.833333225,-0.1843765825033188,1.7039823532104492,-0.8991936445236206,-0.29194122552871704,0.4010068476200104,0.19085174798965454,0.0,0.6067637205123901,1.6679588556289673,-1.2840735912322998,0.0495324432849884,0.7505614161491394,0.018797196447849274,0.0,0.0,0.0,0.0,0.0,0.0,0.0,0.04089999943971634,0.0,0.0,0.0,0.0,0.0,0.0,0.0012000000569969416
326,10.866666558,-0.1843765825033188,1.7039823532104492,-0.8991936445236206,-0.29194122552871704,0.4010068476200104,0.19085174798965454,0.0,0.6067637205123901,1.6679588556289673,-1.2861156463623047,0.05349434167146683,0.7505614161491394,0.018797196447849274,0.0,0.0,0.0,0.0,0.0,0.0,0.0,0.04089999943971634,0.0,0.0,0.0,0.0,0.0,0.0,0.0012000000569969416
327,10.899999891,-0.1843765825033188,1.7288010120391846,-0.9055292010307312,-0.2946639358997345,0.39879027009010315,0.18849556148052216,0.0,0.6067637205123901,1.6679588556289673,-1.2861156463623047,0.05349434167146683,0.7505614161491394,0.018797196447849274,0.0,0.0,0.0,0.0,0.0,0.0,0.0,0.0406000018119812,0.0,0.0,0.0,0.0,0.0,0.0,0.0012000000569969416
328,10.933333224,-0.1843765825033188,1.7548238039016724,-0.9080773591995239,-0.2966885268688202,0.3963468074798584,0.18870499730110168,0.0,0.6105859875679016,1.6719731092453003,-1.288192629814148,0.05571090802550316,0.7535633444786072,0.018797196447849274,0.0,0.0,0.0,0.0,0.0,0.0,0.0,0.03830000013113022,0.0,0.0,0.0,0.0,0.0,0.0,0.0012000000569969416
329,10.966666557,-0.1843765825033188,1.7548238039016724,-0.9080773591995239,-0.2966885268688202,0.3963468074798584,0.18870499730110168,0.0,0.6105859875679016,1.6719731092453003,-1.288192629814148,0.05571090802550316,0.7535633444786072,0.018797196447849274,0.0,0.0,0.0,0.0,0.0,0.0,0.0,0.03830000013113022,0.0,0.0,0.0,0.0,0.0,0.0,0.0012000000569969416
330,10.99999989,-0.1843765825033188,1.7788569927215576,-0.9102241396903992,-0.29510027170181274,0.39475858211517334,0.18870499730110168,0.0,0.6152983903884888,1.6780991554260254,-1.2902520895004272,0.05836381018161774,0.7535633444786072,0.018797196447849274,0.0,0.0,0.0,0.0,0.0,0.0,0.0,0.035100001841783524,0.0,0.0,0.0,0.0,0.0,0.0,0.0012000000569969416
331,11.033333223,-0.1864011585712433,1.800167441368103,-0.9118821620941162,-0.29743900895118713,0.39243727922439575,0.19106119871139526,0.0,0.6171658635139465,1.685202717781067,-1.289920449256897,0.05836381018161774,0.749915599822998,0.020664697512984276,0.0,0.0,0.0,0.0,0.0,0.0,0.0,0.03180000185966492,0.0,0.0,0.0,0.0,0.0,0.0,0.0012000000569969416
332,11.066666556,-0.1864011585712433,1.800167441368103,-0.9118821620941162,-0.29743900895118713,0.39243727922439575,0.19106119871139526,0.0,0.6171658635139465,1.685202717781067,-1.289920449256897,0.05836381018161774,0.749915599822998,0.020664697512984276,0.0,0.0,0.0,0.0,0.0,0.0,0.0,0.03180000185966492,0.0,0.0,0.0,0.0,0.0,0.0,0.0012000000569969416
333,11.099999889,-0.18825121223926544,1.8170448541641235,-0.9118821620941162,-0.2958158552646637,0.38866737484931946,0.19106119871139526,0.0,0.6195394992828369,1.6895310878753662,-1.292049765586853,0.05642649531364441,0.749915599822998,0.022654373198747635,0.0,0.0,0.0,0.0,0.0,0.0,0.0,0.029500000178813934,0.0,0.0,0.0,0.0,0.0,0.0,0.0012000000569969416
334,11.133333222,-0.18825121223926544,1.8219143152236938,-0.9118821620941162,-0.28899163007736206,0.38556069135665894,0.19399334490299225,0.0,0.6195394992828369,1.6877334117889404,-1.2939696311950684,0.0541401132941246,0.749915599822998,0.02542944811284542,0.0,0.0,0.0,0.0,0.0,0.0,0.0,0.0284000001847744,0.0,0.0,0.0,0.0,0.0,0.0,0.0012000000569969416
335,11.166666555,-0.18825121223926544,1.8219143152236938,-0.9118821620941162,-0.28899163007736206,0.38556069135665894,0.19399334490299225,0.0,0.6195394992828369,1.6877334117889404,-1.2939696311950684,0.0541401132941246,0.749915599822998,0.02542944811284542,0.0,0.0,0.0,0.0,0.0,0.0,0.0,0.0284000001847744,0.0,0.0,0.0,0.0,0.0,0.0,0.0012000000569969416
336,11.199999888,-0.18825121223926544,1.8219143152236938,-0.9118821620941162,-0.2869495749473572,0.3776543438434601,0.19399334490299225,0.0,0.6177418231964111,1.681799292564392,-1.2940394878387451,0.04761258140206337,0.749915599822998,0.02768092229962349,0.0,0.0,0.0,0.0,0.0,0.0,0.0,0.02850000001490116,0.0,0.0,0.0,0.0,0.0,0.0,0.0012000000569969416
337,11.233333221,-0.18631389737129211,1.8219143152236938,-0.9118821620941162,-0.2842966914176941,0.3736226260662079,0.19399334490299225,0.0,0.6156299710273743,1.6745212078094482,-1.2954881191253662,0.03911282867193222,0.749915599822998,0.034033920615911484,0.0,0.0,0.0,0.0,0.0,0.0,0.0,0.028200000524520874,0.0,0.0,0.0,0.0,0.0,0.0,0.0012000000569969416
338,11.266666554,-0.18631389737129211,1.8219143152236938,-0.9118821620941162,-0.2842966914176941,0.3736226260662079,0.19399334490299225,0.0,0.6156299710273743,1.6745212078094482,-1.2954881191253662,0.03911282867193222,0.749915599822998,0.034033920615911484,0.0,0.0,0.0,0.0,0.0,0.0,0.0,0.028200000524520874,0.0,0.0,0.0,0.0,0.0,0.0,0.0012000000569969416
339,11.299999887,-0.18486528098583221,1.8179000616073608,-0.9118821620941162,-0.2767743170261383,0.37025415897369385,0.19198621809482574,0.0,0.6131341457366943,1.6682380437850952,-1.2954881191253662,0.03307398781180382,0.7523590922355652,0.036861352622509,0.0,0.0,0.0,0.0,0.0,0.0,0.0,0.02539999969303608,0.0,0.0,0.0,0.0,0.0,0.0,0.0012000000569969416
340,11.33333322,-0.18214255571365356,1.8155263662338257,-0.9118821620941162,-0.27698373794555664,0.36185911297798157,0.18992672860622406,0.0,0.609556257724762,1.6620595455169678,-1.2954881191253662,0.03307398781180382,0.7522369027137756,0.036861352622509,0.0,0.0,0.0,0.0,0.0,0.0,0.0,0.0203000009059906,0.0,0.0,0.0,0.0,0.0,0.0,0.0012000000569969416
341,11.366666553,-0.18214255571365356,1.8155263662338257,-0.9118821620941162,-0.27698373794555664,0.36185911297798157,0.18992672860622406,0.0,0.609556257724762,1.6620595455169678,-1.2954881191253662,0.03307398781180382,0.7522369027137756,0.036861352622509,0.0,0.0,0.0,0.0,0.0,0.0,0.0,0.0203000009059906,0.0,0.0,0.0,0.0,0.0,0.0,0.0012000000569969416
342,11.399999886,-0.18011797964572906,1.8081960678100586,-0.9118821620941162,-0.2742784917354584,0.35763540863990784,0.18771016597747803,0.0,0.6049136519432068,1.657713770866394,-1.2954881191253662,0.03113667294383049,0.7522369027137756,0.036861352622509,0.0,0.0,0.0,0.0,0.0,0.0,0.0,0.01360000018030405,0.0,0.0,0.0,0.0,0.0,0.0,0.0012000000569969416
343,11.433333219,-0.17763961851596832,1.8078644275665283,-0.9118821620941162,-0.2742784917354584,0.3477219343185425,0.1854586899280548,0.0,0.6025923490524292,1.655950903892517,-1.2954881191253662,0.02869321219623089,0.7522369027137756,0.036861352622509,0.0,0.0,0.0,0.0,0.0,0.0,0.0,0.00839999970048666,0.0,0.0,0.0,0.0,0.0,0.0,0.0012000000569969416
344,11.466666552,-0.17763961851596832,1.8078644275665283,-0.9118821620941162,-0.2742784917354584,0.3477219343185425,0.1854586899280548,0.0,0.6025923490524292,1.655950903892517,-1.2954881191253662,0.02869321219623089,0.7522369027137756,0.036861352622509,0.0,0.0,0.0,0.0,0.0,0.0,0.0,0.00839999970048666,0.0,0.0,0.0,0.0,0.0,0.0,0.0012000000569969416
345,11.499999885,-0.17763961851596832,1.8037803173065186,-0.9099622964859009,-0.27207937836647034,0.34784412384033203,0.18308503925800323,0.0,0.6008819341659546,1.6558462381362915,-1.2954881191253662,0.02471386268734932,0.7522369027137756,0.036861352622509,0.0,0.0,0.0,0.0,0.0,0.0,0.0,0.00419999985024333,0.0,0.0,0.0,0.0,0.0,0.0,0.0012000000569969416
346,11.533333218,-0.17690657079219818,1.7987886667251587,-0.9083042740821838,-0.2704387605190277,0.3496767282485962,0.1806066781282425,0.0,0.5961171984672546,1.6514829397201538,-1.2954881191253662,0.018901916220784187,0.7522369027137756,0.036861352622509,0.0,0.0,0.0,0.0,0.0,0.0,0.0,0.0026000000070780516,0.0,0.0,0.0,0.0,0.0,0.0,0.0012000000569969416
347,11.566666551,-0.17690657079219818,1.7987886667251587,-0.9083042740821838,-0.2704387605190277,0.3496767282485962,0.1806066781282425,0.0,0.5961171984672546,1.6514829397201538,-1.2954881191253662,0.018901916220784187,0.7522369027137756,0.036861352622509,0.0,0.0,0.0,0.0,0.0,0.0,0.0,0.0026000000070780516,0.0,0.0,0.0,0.0,0.0,0.0,0.0012000000569969416
348,11.599999884,-0.17502161860466003,1.7811259031295776,-0.9057211875915527,-0.2704387605190277,0.35733869671821594,0.1806066781282425,0.0,0.5870414972305298,1.6406444311141968,-1.2954881191253662,0.011658799834549427,0.7522369027137756,0.04124213010072708,0.0,0.0,0.0,0.0,0.0,0.0,0.0,0.0017000000225380063,0.0,0.0,0.0,0.0,0.0,0.0,0.0012000000569969416
349,11.633333217,-0.1742362231016159,1.7603565454483032,-0.9057211875915527,-0.267244815826416,0.3597996234893799,0.18242181837558746,0.0,0.5778785347938538,1.6300851106643677,-1.2954881191253662,0.0,0.7522369027137756,0.04314453899860382,0.0,0.0,0.0,0.0,0.0,0.0,0.0,0.001500000013038516,0.0,0.0,0.0,0.0,0.0,0.0,0.0012000000569969416
350,11.66666655,-0.1742362231016159,1.7603565454483032,-0.9057211875915527,-0.267244815826416,0.3597996234893799,0.18242181837558746,0.0,0.5778785347938538,1.6300851106643677,-1.2954881191253662,0.0,0.7522369027137756,0.04314453899860382,0.0,0.0,0.0,0.0,0.0,0.0,0.0,0.001500000013038516,0.0,0.0,0.0,0.0,0.0,0.0,0.0012000000569969416
351,11.699999883,-0.169925257563591,1.7329548597335815,-0.9011483788490295,-0.26455700397491455,0.3678630590438843,0.18298031389713287,0.0,0.5623450875282288,1.6130682229995728,-1.2954881191253662,-0.012653636746108532,0.754610538482666,0.04827580600976944,0.0,0.0,0.0,0.0,0.0,0.0,0.0,0.001500000013038516,0.0,0.0,0.0,0.0,0.0,0.0,0.0012000000569969416
352,11.733333216,-0.16577136516571045,1.6986067295074463,-0.9011483788490295,-0.2626022398471832,0.37487927079200745,0.18528415262699127,0.0,0.5461135506629944,1.593153953552246,-1.2954881191253662,-0.03202679008245468,0.7566176652908325,0.05075417459011078,0.0,0.0,0.0,0.0,0.0,0.0,0.0,0.001500000013038516,0.0,0.0,0.0,0.0,0.0,0.0,0.0012000000569969416
353,11.766666549,-0.16577136516571045,1.6986067295074463,-0.9011483788490295,-0.2626022398471832,0.37487927079200745,0.18528415262699127,0.0,0.5461135506629944,1.593153953552246,-1.2954881191253662,-0.03202679008245468,0.7566176652908325,0.05075417459011078,0.0,0.0,0.0,0.0,0.0,0.0,0.0,0.001500000013038516,0.0,0.0,0.0,0.0,0.0,0.0,0.0012000000569969416
354,11.799999882,-0.15587535500526428,1.6487951278686523,-0.9032078981399536,-0.2626022398471832,0.37868407368659973,0.18528415262699127,0.0,0.5250822901725769,1.5635358095169067,-1.2981759309768677,-0.0518537312746048,0.7589389681816101,0.05075417459011078,0.0,0.0,0.0,0.0,0.0,0.0,0.0,0.001500000013038516,0.0,0.0,0.0,0.0,0.0,0.0,0.0012000000569969416
355,11.833333215,-0.150325208902359,1.6009032726287842,-0.9076584577560425,-0.2626022398471832,0.3804817795753479,0.18762288987636566,0.0,0.5072450637817383,1.5337255001068115,-1.3042845726013184,-0.06707300245761871,0.7617489695549011,0.05075417459011078,0.0,0.0,0.0,0.0,0.0,0.0,0.0,0.001500000013038516,0.0,0.0,0.0,0.0,0.0,0.0,0.0012000000569969416
356,11.866666548,-0.150325208902359,1.6009032726287842,-0.9076584577560425,-0.2626022398471832,0.3804817795753479,0.18762288987636566,0.0,0.5072450637817383,1.5337255001068115,-1.3042845726013184,-0.06707300245761871,0.7617489695549011,0.05075417459011078,0.0,0.0,0.0,0.0,0.0,0.0,0.0,0.001500000013038516,0.0,0.0,0.0,0.0,0.0,0.0,0.0012000000569969416
357,11.899999881,-0.13901548087596893,1.5461174249649048,-0.9160011410713196,-0.2626022398471832,0.3868347704410553,0.1875181794166565,0.0,0.4884129464626312,1.499447226524353,-1.31320321559906,-0.08194320648908615,0.7635989785194397,0.04858996719121933,0.0,0.0,0.0,0.0,0.0,0.0,0.0,0.001500000013038516,0.0,0.0,0.0,0.0,0.0,0.0,0.0012000000569969416
358,11.933333214,-0.13901548087596893,1.5461174249649048,-0.9160011410713196,-0.2626022398471832,0.3868347704410553,0.1875181794166565,0.0,0.4715879559516907,1.4619925022125244,-1.329260230064392,-0.09262462705373764,0.7692363858222961,0.04680972918868065,0.0,0.0,0.0,0.0,0.0,0.0,0.0,0.001500000013038516,0.0,0.0,0.0,0.0,0.0,0.0,0.0012000000569969416
359,11.966666547,-0.12753121554851532,1.4871776103973389,-0.92868971824646,-0.2626022398471832,0.3911108374595642,0.19107864797115326,0.0,0.4715879559516907,1.4619925022125244,-1.329260230064392,-0.09262462705373764,0.7692363858222961,0.04680972918868065,0.0,0.0,0.0,0.0,0.0,0.0,0.0,0.001500000013038516,0.0,0.0,0.0,0.0,0.0,0.0,0.0012000000569969416
360,11.99999988,-0.11842059344053268,1.4162299633026123,-0.9446943402290344,-0.2626022398471832,0.3998549282550812,0.19107864797115326,0.0,0.4556531012058258,1.4183766841888428,-1.3466960191726685,-0.09894271194934845,0.7777012586593628,0.04680972918868065,0.0,0.0,0.0,0.0,0.0,0.0,0.0,0.0013000000035390258,0.0,0.0,0.0,0.0,0.0,0.0,0.0012000000569969416
361,12.033333213,-0.10697122663259506,1.3517225980758667,-0.9708568453788757,-0.2626022398471832,0.41203734278678894,0.19256217777729034,0.0,0.4413065016269684,1.3761048316955566,-1.3729807138442993,-0.10348057001829147,0.7929554581642151,0.03925245627760887,0.0,0.0,0.0,0.0,0.0,0.0,0.0,0.0013000000035390258,0.0,0.0,0.0,0.0,0.0,0.0,0.0012000000569969416
362,12.066666546,-0.10697122663259506,1.3517225980758667,-0.9708568453788757,-0.2626022398471832,0.41203734278678894,0.19256217777729034,0.0,0.4413065016269684,1.3761048316955566,-1.3729807138442993,-0.10348057001829147,0.7929554581642151,0.03925245627760887,0.0,0.0,0.0,0.0,0.0,0.0,0.0,0.0013000000035390258,0.0,0.0,0.0,0.0,0.0,0.0,0.0012000000569969416
363,12.099999879,-0.09862855821847916,1.2877213954925537,-0.9994279146194458,-0.2518160939216614,0.424045205116272,0.19495327770709991,0.0,0.4357738196849823,1.3341995477676392,-1.4008361101150513,-0.10587166994810104,0.8047713041305542,0.032707471400499344,0.0,0.0,0.0,0.0,0.0,0.0,0.0,0.0013000000035390258,0.0,0.0,0.0,0.0,0.0,0.0,0.0012000000569969416
364,12.133333212,-0.09862855821847916,1.2877213954925537,-0.9994279146194458,-0.2518160939216614,0.424045205116272,0.19495327770709991,0.0,0.434307724237442,1.2904092073440552,-1.4311001300811768,-0.10587166994810104,0.8186641335487366,0.02736676298081875,0.0,0.0,0.0,0.0,0.0,0.0,0.0,0.0013000000035390258,0.0,0.0,0.0,0.0,0.0,0.0,0.0012000000569969416
365,12.166666545,-0.09325294196605682,1.2236677408218384,-1.033915638923645,-0.2419375479221344,0.44221407175064087,0.19495327770709991,0.0,0.434307724237442,1.2904092073440552,-1.4311001300811768,-0.10587166994810104,0.8186641335487366,0.02736676298081875,0.0,0.0,0.0,0.0,0.0,0.0,0.0,0.0013000000035390258,0.0,0.0,0.0,0.0,0.0,0.0,0.0012000000569969416
366,12.199999878,-0.08368853479623795,1.1657577753067017,-1.0722779035568237,-0.23083724081516266,0.4622679054737091,0.19495327770709991,0.0,0.43652430176734924,1.2490273714065552,-1.4633888006210327,-0.10815805196762085,0.8320508003234863,0.019111355766654015,0.0,0.0,0.0,0.0,0.0,0.0,0.0,0.0013000000035390258,0.0,0.0,0.0,0.0,0.0,0.0,0.0012000000569969416
367,12.233333211,-0.08368853479623795,1.1657577753067017,-1.0722779035568237,-0.23083724081516266,0.4622679054737091,0.19495327770709991,0.0,0.44059091806411743,1.2012228965759277,-1.497998595237732,-0.10815805196762085,0.8459261655807495,0.010227628983557224,0.0,0.0,0.0,0.0,0.0,0.0,0.0,0.0013000000035390258,0.0,0.0,0.0,0.0,0.0,0.0,0.0012000000569969416
368,12.266666544,-0.07855726778507233,1.110256314277649,-1.11306631565094,-0.21736329793930054,0.4829500615596771,0.19088666141033173,0.0,0.44059091806411743,1.2012228965759277,-1.497998595237732,-0.10815805196762085,0.8459261655807495,0.010227628983557224,0.0,0.0,0.0,0.0,0.0,0.0,0.0,0.0013000000035390258,0.0,0.0,0.0,0.0,0.0,0.0,0.0012000000569969416
369,12.299999877,-0.0734609067440033,1.0492570400238037,-1.156699538230896,-0.2036275565624237,0.49844858050346375,0.18741345405578613,0.0,0.44256314635276794,1.16216242313385,-1.5271979570388794,-0.10815805196762085,0.8567123413085938,0.0,0.0,0.0,0.0,0.0,0.0,0.0,0.0,0.0013000000035390258,0.0,0.0,0.0,0.0,0.0,0.0,0.0012000000569969416
370,12.33333321,-0.0734609067440033,1.0492570400238037,-1.156699538230896,-0.2036275565624237,0.49844858050346375,0.18741345405578613,0.0,0.44256314635276794,1.16216242313385,-1.5271979570388794,-0.10815805196762085,0.8567123413085938,0.0,0.0,0.0,0.0,0.0,0.0,0.0,0.0,0.0013000000035390258,0.0,0.0,0.0,0.0,0.0,0.0,0.0012000000569969416
371,12.366666543,-0.06944665312767029,0.9997769594192505,-1.2045564651489258,-0.18727383017539978,0.5165302157402039,0.18266615271568298,0.0,0.4442211985588074,1.1232415437698364,-1.5525751113891602,-0.1022413894534111,0.8656483888626099,0.0,0.0,0.0,0.0,0.0,0.0,0.0,0.0,0.0013000000035390258,0.0,0.0,0.0,0.0,0.0,0.0,0.0012000000569969416
372,12.399999876,-0.06728244572877884,0.9537002444267273,-1.2432678937911987,-0.17161822319030762,0.5300390124320984,0.17751744389533997,0.0,0.4442211985588074,1.0822961330413818,-1.574967622756958,-0.09777334332466125,0.8790525197982788,-0.014433872886002064,0.0,0.0,0.0,0.0,0.0,0.0,0.0,0.0013000000035390258,0.0,0.0,0.0,0.0,0.0,0.0,0.0012000000569969416
373,12.433333209,-0.06728244572877884,0.9537002444267273,-1.2432678937911987,-0.17161822319030762,0.5300390124320984,0.17751744389533997,0.0,0.4442211985588074,1.0822961330413818,-1.574967622756958,-0.09777334332466125,0.8790525197982788,-0.014433872886002064,0.0,0.0,0.0,0.0,0.0,0.0,0.0,0.0013000000035390258,0.0,0.0,0.0,0.0,0.0,0.0,0.0012000000569969416
374,12.466666542,-0.06728244572877884,0.9093514680862427,-1.2782442569732666,-0.1633279174566269,0.5405634045600891,0.1750914305448532,0.0,0.4442211985588074,1.0399370193481445,-1.5889827013015747,-0.09522516280412674,0.8894197940826416,-0.022200588136911392,0.0,0.0,0.0,0.0,0.0,0.0,0.0,0.0015999999595806003,0.0,0.0,0.0,0.0,0.0,0.0,0.0012000000569969416
375,12.499999875,-0.06909758597612381,0.8806233406066895,-1.2974079847335815,-0.16173966228961945,0.5515065789222717,0.17243853211402893,0.0,0.4442211985588074,1.007020115852356,-1.594916820526123,-0.08656833320856094,0.9045518040657043,-0.03689625859260559,0.0,0.0,0.0,0.0,0.0,0.0,0.0,0.00279999990016222,0.0,0.0,0.0,0.0,0.0,0.0,0.0012000000569969416
376,12.533333208,-0.06909758597612381,0.8806233406066895,-1.2974079847335815,-0.16173966228961945,0.5515065789222717,0.17243853211402893,0.0,0.4442211985588074,1.007020115852356,-1.594916820526123,-0.08656833320856094,0.9045518040657043,-0.03689625859260559,0.0,0.0,0.0,0.0,0.0,0.0,0.0,0.00279999990016222,0.0,0.0,0.0,0.0,0.0,0.0,0.0012000000569969416
377,12.566666541,-0.07297221571207047,0.8626464605331421,-1.3040751218795776,-0.16427038609981537,0.5630083084106445,0.17660987377166748,0.0,0.4424060583114624,0.9797580242156982,-1.594916820526123,-0.08018042892217636,0.9301208853721619,-0.046006880700588226,0.0,0.0,0.0,0.0,0.0,0.0,0.0,0.004999999888241291,0.0,0.0,0.0,0.0,0.0,0.0,0.0012000000569969416
378,12.599999874,-0.08433430641889572,0.8598015308380127,-1.301457166671753,-0.17374752461910248,0.5738468170166016,0.18081611394882202,0.0,0.4424060583114624,0.9628806710243225,-1.5878831148147583,-0.07333873212337494,0.9454972147941589,-0.052324969321489334,0.0,0.0,0.0,0.0,0.0,0.0,0.0,0.008299999870359898,0.0,0.0,0.0,0.0,0.0,0.0,0.0012000000569969416
379,12.633333207,-0.08433430641889572,0.8598015308380127,-1.301457166671753,-0.17374752461910248,0.5738468170166016,0.18081611394882202,0.0,0.4424060583114624,0.9628806710243225,-1.5878831148147583,-0.07333873212337494,0.9454972147941589,-0.052324969321489334,0.0,0.0,0.0,0.0,0.0,0.0,0.0,0.008299999870359898,0.0,0.0,0.0,0.0,0.0,0.0,0.0012000000569969416
380,12.66666654,-0.09981538355350494,0.867550790309906,-1.2825552225112915,-0.1857728511095047,0.5839697122573853,0.1869422197341919,0.0,0.4424060583114624,0.9601754546165466,-1.5783536434173584,-0.06890559941530228,0.967313826084137,-0.052324969321489334,0.0,0.0,0.0,0.0,0.0,0.0,0.0,0.011500000022351742,0.0,0.0,0.0,0.0,0.0,0.0,0.0012000000569969416
381,12.699999873,-0.11967722326517105,0.8871159553527832,-1.2574923038482666,-0.20149825513362885,0.5917539000511169,0.20039869844913483,0.0,0.4424060583114624,0.966493546962738,-1.5669041872024536,-0.06890559941530228,0.9902125597000122,-0.045989423990249634,0.0,0.0,0.0,0.0,0.0,0.0,0.0,0.014299999922513962,0.0,0.0,0.0,0.0,0.0,0.0,0.0012000000569969416
382,12.733333206,-0.11967722326517105,0.8871159553527832,-1.2574923038482666,-0.20149825513362885,0.5917539000511169,0.20039869844913483,0.0,0.4424060583114624,0.966493546962738,-1.5669041872024536,-0.06890559941530228,0.9902125597000122,-0.045989423990249634,0.0,0.0,0.0,0.0,0.0,0.0,0.0,0.014299999922513962,0.0,0.0,0.0,0.0,0.0,0.0,0.0012000000569969416
383,12.766666539,-0.14220942556858063,0.9230173826217651,-1.23530912399292,-0.2183406949043274,0.5917539000511169,0.21160371601581573,0.0,0.4424060583114624,0.9888861179351807,-1.5584917068481445,-0.06890559941530228,1.0072818994522095,-0.03769911080598831,0.0,0.0,0.0,0.0,0.0,0.0,0.0,0.01640000008046627,0.0,0.0,0.0,0.0,0.0,0.0,0.0012000000569969416
384,12.799999872,-0.16699309647083282,0.9674360156059265,-1.209041953086853,-0.2419200837612152,0.5887519121170044,0.22504276037216187,0.0,0.439037561416626,1.020110011100769,-1.5481593608856201,-0.07370525598526001,1.012099027633667,-0.02808234840631485,0.0,0.0,0.0,0.0,0.0,0.0,0.0,0.017999999225139618,0.0,0.0,0.0,0.0,0.0,0.0,0.0012000000569969416
385,12.833333205,-0.16699309647083282,0.9674360156059265,-1.209041953086853,-0.2419200837612152,0.5887519121170044,0.22504276037216187,0.0,0.439037561416626,1.020110011100769,-1.5481593608856201,-0.07370525598526001,1.012099027633667,-0.02808234840631485,0.0,0.0,0.0,0.0,0.0,0.0,0.0,0.017999999225139618,0.0,0.0,0.0,0.0,0.0,0.0,0.0012000000569969416
386,12.866666538,-0.1903979629278183,1.0260616540908813,-1.1852705478668213,-0.2652900516986847,0.588647186756134,0.24123941361904144,0.0,0.43591344356536865,1.0557845830917358,-1.5357675552368164,-0.07927285134792328,1.009568214416504,-0.01935570128262043,0.0,0.0,0.0,0.0,0.0,0.0,0.0,0.019999999552965164,0.0,0.0,0.0,0.0,0.0,0.0,0.0012000000569969416
387,12.899999871,-0.2122669368982315,1.0870260000228882,-1.1598759889602661,-0.2876826226711273,0.5868145823478699,0.2558129131793976,0.0,0.4337841272354126,1.0936931371688843,-1.5222063064575195,-0.09053023159503937,0.9945235252380371,-0.0062831854447722435,0.0,0.0,0.0,0.0,0.0,0.0,0.0,0.022299999371170998,0.0,0.0,0.0,0.0,0.0,0.0,0.0012000000569969416
388,12.933333204,-0.2122669368982315,1.0870260000228882,-1.1598759889602661,-0.2876826226711273,0.5868145823478699,0.2558129131793976,0.0,0.4337841272354126,1.0936931371688843,-1.5222063064575195,-0.09053023159503937,0.9945235252380371,-0.0062831854447722435,0.0,0.0,0.0,0.0,0.0,0.0,0.0,0.022299999371170998,0.0,0.0,0.0,0.0,0.0,0.0,0.0012000000569969416
389,12.966666537,-0.2321287840604782,1.1520569324493408,-1.1314969062805176,-0.3128328025341034,0.5819800496101379,0.2753780484199524,0.0,0.43132323026657104,1.134202241897583,-1.5082436800003052,-0.10644762963056564,0.9807004928588867,0.00563741335645318,0.0,0.0,0.0,0.0,0.0,0.0,0.0,0.02539999969303608,0.0,0.0,0.0,0.0,0.0,0.0,0.0012000000569969416
390,12.99999987,-0.2442413717508316,1.2131608724594116,-1.101913571357727,-0.33978068828582764,0.5840744376182556,0.2969677746295929,0.0,0.42701226472854614,1.1754966974258423,-1.5008958578109741,-0.12206833064556122,0.9561612010002136,0.0205948855727911,0.0,0.0,0.0,0.0,0.0,0.0,0.0,0.028300000354647636,0.0,0.0,0.0,0.0,0.0,0.0,0.0012000000569969416
391,13.033333203,-0.2442413717508316,1.2131608724594116,-1.101913571357727,-0.33978068828582764,0.5840744376182556,0.2969677746295929,0.0,0.42701226472854614,1.1754966974258423,-1.5008958578109741,-0.12206833064556122,0.9561612010002136,0.0205948855727911,0.0,0.0,0.0,0.0,0.0,0.0,0.0,0.028300000354647636,0.0,0.0,0.0,0.0,0.0,0.0,0.0012000000569969416
392,13.066666536,-0.2561270594596863,1.2771097421646118,-1.072068452835083,-0.3773401975631714,0.5653819441795349,0.32564353942871094,0.0,0.42502257227897644,1.2126896381378174,-1.4989759922027588,-0.13864895701408386,0.9323723316192627,0.030316369608044624,0.0,0.0,0.0,0.0,0.0,0.0,0.0,0.031199999153614044,0.0,0.0,0.0,0.0,0.0,0.0,0.0012000000569969416
393,13.099999869,-0.265010803937912,1.3353339433670044,-1.0422756671905518,-0.4115137457847595,0.5598492622375488,0.3585429787635803,0.0,0.42261403799057007,1.250685453414917,-1.504159688949585,-0.14873695373535156,0.9160186052322388,0.03473205119371414,0.0,0.0,0.0,0.0,0.0,0.0,0.0,0.03319999948143959,0.0,0.0,0.0,0.0,0.0,0.0,0.0012000000569969416
394,13.133333202,-0.265010803937912,1.3353339433670044,-1.0422756671905518,-0.4115137457847595,0.5598492622375488,0.3585429787635803,0.0,0.42261403799057007,1.250685453414917,-1.504159688949585,-0.14873695373535156,0.9160186052322388,0.03473205119371414,0.0,0.0,0.0,0.0,0.0,0.0,0.0,0.03319999948143959,0.0,0.0,0.0,0.0,0.0,0.0,0.0012000000569969416
395,13.166666535,-0.27782151103019714,1.39088773727417,-1.013146162033081,-0.44715335965156555,0.5535660982131958,0.3938160836696625,0.0,0.4208163321018219,1.2910200357437134,-1.523026704788208,-0.1506219208240509,0.8976053595542908,0.03324852138757706,0.0,0.0,0.0,0.0,0.0,0.0,0.0,0.03500000014901161,0.0,0.0,0.0,0.0,0.0,0.0,0.0012000000569969416
396,13.199999868,-0.2955191433429718,1.4414499998092651,-0.9899681806564331,-0.4861789047718048,0.531156063079834,0.4317421019077301,0.0,0.4208163321018219,1.3186835050582886,-1.5408638715744019,-0.1506219208240509,0.8920726776123047,0.03073524869978428,0.0,0.0,0.0,0.0,0.0,0.0,0.0,0.03680000081658363,0.0,0.0,0.0,0.0,0.0,0.0,0.0012000000569969416
397,13.233333201,-0.2955191433429718,1.4414499998092651,-0.9899681806564331,-0.4861789047718048,0.531156063079834,0.4317421019077301,0.0,0.4208163321018219,1.3186835050582886,-1.5408638715744019,-0.1506219208240509,0.8920726776123047,0.03073524869978428,0.0,0.0,0.0,0.0,0.0,0.0,0.0,0.03680000081658363,0.0,0.0,0.0,0.0,0.0,0.0,0.0012000000569969416
398,13.266666534,-0.32361894845962524,1.479533076286316,-0.9660921096801758,-0.5272639393806458,0.5259200930595398,0.4767192304134369,0.0,0.4208163321018219,1.3401859998703003,-1.5677070617675781,-0.1506219208240509,0.8917061686515808,0.021554816514253616,0.0,0.0,0.0,0.0,0.0,0.0,0.0,0.03929999843239784,0.0,0.0,0.0,0.0,0.0,0.0,0.0012000000569969416
399,13.299999867,-0.32361894845962524,1.479533076286316,-0.9660921096801758,-0.5272639393806458,0.5259200930595398,0.4767192304134369,0.0,0.4208163321018219,1.3401859998703003,-1.5677070617675781,-0.1506219208240509,0.8917061686515808,0.021554816514253616,0.0,0.0,0.0,0.0,0.0,0.0,0.0,0.03929999843239784,0.0,0.0,0.0,0.0,0.0,0.0,0.0012000000569969416
400,13.3333332,-0.3525564968585968,1.5161325931549072,-0.9458986520767212,-0.5590115189552307,0.5236336588859558,0.5117828845977783,0.0,0.4208163321018219,1.3572204113006592,-1.591722846031189,-0.15339699387550354,0.900363028049469,0.014992378652095795,0.0,0.0,0.0,0.0,0.0,0.0,0.0,0.041600000113248825,0.0,0.0,0.0,0.0,0.0,0.0,0.0012000000569969416
401,13.366666533,-0.38439130783081055,1.5365355014801025,-0.9323199987411499,-0.5900608897209167,0.5284682512283325,0.5466545820236206,0.0,0.4208163321018219,1.3607110977172852,-1.6180598735809326,-0.1555786430835724,0.9081820845603943,0.006300638429820538,0.0,0.0,0.0,0.0,0.0,0.0,0.0,0.04399999976158142,0.0,0.0,0.0,0.0,0.0,0.0,0.0012000000569969416
402,13.399999866,-0.38439130783081055,1.5365355014801025,-0.9323199987411499,-0.5900608897209167,0.5284682512283325,0.5466545820236206,0.0,0.42296308279037476,1.3538693189620972,-1.6380788087844849,-0.16289158165454865,0.9158615469932556,0.006457718089222908,0.0,0.0,0.0,0.0,0.0,0.0,0.0,0.04399999976158142,0.0,0.0,0.0,0.0,0.0,0.0,0.0012000000569969416
403,13.433333199,-0.41839033365249634,1.551405668258667,-0.925652801990509,-0.6140766143798828,0.5339834690093994,0.5763077139854431,0.0,0.42296308279037476,1.3538693189620972,-1.6380788087844849,-0.16289158165454865,0.9158615469932556,0.006457718089222908,0.0,0.0,0.0,0.0,0.0,0.0,0.0,0.04619999974966049,0.0,0.0,0.0,0.0,0.0,0.0,0.0012000000569969416
404,13.466666532,-0.45293039083480835,1.5645655393600464,-0.925652801990509,-0.63727205991745,0.5386260747909546,0.6065717339515686,0.0,0.42467352747917175,1.3452649116516113,-1.6487951278686523,-0.17001251876354218,0.9195790886878967,0.006457718089222908,0.0,0.0,0.0,0.0,0.0,0.0,0.0,0.04769999906420708,0.0,0.0,0.0,0.0,0.0,0.0,0.0012000000569969416
405,13.499999865,-0.45293039083480835,1.5645655393600464,-0.925652801990509,-0.63727205991745,0.5386260747909546,0.6065717339515686,0.0,0.42467352747917175,1.3452649116516113,-1.6487951278686523,-0.17001251876354218,0.9195790886878967,0.006457718089222908,0.0,0.0,0.0,0.0,0.0,0.0,0.0,0.04769999906420708,0.0,0.0,0.0,0.0,0.0,0.0,0.0012000000569969416
406,13.533333198,-0.4932998716831207,1.5776729583740234,-0.9282358884811401,-0.659629762172699,0.5316272974014282,0.6305001974105835,0.0,0.42467352747917175,1.3355783224105835,-1.6487951278686523,-0.18453365564346313,0.9304175972938538,0.01366592850536108,0.0,0.0,0.0,0.0,0.0,0.0,0.0,0.048700001090765,0.0,0.0,0.0,0.0,0.0,0.0,0.0012000000569969416
407,13.566666531,-0.529410719871521,1.597080945968628,-0.9334020614624023,-0.6791250705718994,0.5184151530265808,0.6497686505317688,0.0,0.42467352747917175,1.331581473350525,-1.6410108804702759,-0.19463911652565002,0.9401041269302368,0.02099631167948246,0.0,0.0,0.0,0.0,0.0,0.0,0.0,0.04989999905228615,0.0,0.0,0.0,0.0,0.0,0.0,0.0012000000569969416
408,13.599999864,-0.529410719871521,1.597080945968628,-0.9334020614624023,-0.6791250705718994,0.5184151530265808,0.6497686505317688,0.0,0.42467352747917175,1.331581473350525,-1.6410108804702759,-0.19463911652565002,0.9401041269302368,0.02099631167948246,0.0,0.0,0.0,0.0,0.0,0.0,0.0,0.04989999905228615,0.0,0.0,0.0,0.0,0.0,0.0,0.0012000000569969416
409,13.633333197,-0.5637937188148499,1.625442624092102,-0.9390220642089844,-0.6978000998497009,0.5012760162353516,0.6680597066879272,0.0,0.42467352747917175,1.3249841928482056,-1.6342215538024902,-0.2036624699831009,0.9481326341629028,0.025935592129826546,0.0,0.0,0.0,0.0,0.0,0.0,0.0,0.05079999938607216,0.0,0.0,0.0,0.0,0.0,0.0,0.0012000000569969416
410,13.66666653,-0.5977578163146973,1.6534028053283691,-0.9504539370536804,-0.7159340381622314,0.48368310928344727,0.6819874048233032,0.0,0.42467352747917175,1.3169904947280884,-1.623295783996582,-0.21334904432296753,0.9481326341629028,0.03113667294383049,0.0,0.0,0.0,0.0,0.0,0.0,0.0,0.05180000141263008,0.0,0.0,0.0,0.0,0.0,0.0,0.0012000000569969416
411,13.699999863,-0.5977578163146973,1.6534028053283691,-0.9504539370536804,-0.7159340381622314,0.48368310928344727,0.6819874048233032,0.0,0.42467352747917175,1.3169904947280884,-1.623295783996582,-0.21334904432296753,0.9481326341629028,0.03113667294383049,0.0,0.0,0.0,0.0,0.0,0.0,0.0,0.05180000141263008,0.0,0.0,0.0,0.0,0.0,0.0,0.0012000000569969416
412,13.733333196,-0.6295053362846375,1.6841554641723633,-0.9605594277381897,-0.7332651615142822,0.46617743372917175,0.6930178999900818,0.0,0.42467352747917175,1.3064488172531128,-1.6132601499557495,-0.22006855905056,0.949755847454071,0.036686819046735764,0.0,0.0,0.0,0.0,0.0,0.0,0.0,0.05299999937415123,0.0,0.0,0.0,0.0,0.0,0.0,0.0012000000569969416
413,13.766666529,-0.6610085368156433,1.7227271795272827,-0.9807179570198059,-0.7434055209159851,0.44797366857528687,0.6977651715278625,0.0,0.42467352747917175,1.3063266277313232,-1.603922724723816,-0.22158700227737427,0.9477137923240662,0.038868483155965805,0.0,0.0,0.0,0.0,0.0,0.0,0.0,0.05429999902844429,0.0,0.0,0.0,0.0,0.0,0.0,0.0012000000569969416
414,13.799999862,-0.6610085368156433,1.7227271795272827,-0.9807179570198059,-0.7434055209159851,0.44797366857528687,0.6977651715278625,0.0,0.42467352747917175,1.3063266277313232,-1.603922724723816,-0.22158700227737427,0.9477137923240662,0.038868483155965805,0.0,0.0,0.0,0.0,0.0,0.0,0.0,0.05429999902844429,0.0,0.0,0.0,0.0,0.0,0.0,0.0012000000569969416
415,13.833333195,-0.6835407614707947,1.7582621574401855,-1.0022902488708496,-0.7538775205612183,0.43018874526023865,0.6956184506416321,0.0,0.42236968874931335,1.3063266277313232,-1.599594235420227,-0.22158700227737427,0.9477137923240662,0.04096287861466408,0.0,0.0,0.0,0.0,0.0,0.0,0.0,0.055399999022483826,0.0,0.0,0.0,0.0,0.0,0.0,0.0012000000569969416
416,13.866666528,-0.701063871383667,1.7946348190307617,-1.0276672840118408,-0.7578568458557129,0.4142538905143738,0.6914122104644775,0.0,0.42236968874931335,1.3082115650177002,-1.595353126525879,-0.21966713666915894,0.9438740611076355,0.04096287861466408,0.0,0.0,0.0,0.0,0.0,0.0,0.0,0.0560000017285347,0.0,0.0,0.0,0.0,0.0,0.0,0.0012000000569969416
417,13.899999861,-0.701063871383667,1.7946348190307617,-1.0276672840118408,-0.7578568458557129,0.4142538905143738,0.6914122104644775,0.0,0.42236968874931335,1.3082115650177002,-1.595353126525879,-0.21966713666915894,0.9438740611076355,0.04096287861466408,0.0,0.0,0.0,0.0,0.0,0.0,0.0,0.0560000017285347,0.0,0.0,0.0,0.0,0.0,0.0,0.0012000000569969416
418,13.933333194,-0.715532660484314,1.8325084447860718,-1.0547373294830322,-0.7624296545982361,0.40109410881996155,0.6887418031692505,0.0,0.42236968874931335,1.3102186918258667,-1.595353126525879,-0.21502456068992615,0.9428966641426086,0.040770892053842545,0.0,0.0,0.0,0.0,0.0,0.0,0.0,0.05640000104904175,0.0,0.0,0.0,0.0,0.0,0.0,0.0012000000569969416
419,13.966666527,-0.7209431529045105,1.8687938451766968,-1.083587646484375,-0.7648381590843201,0.3920533061027527,0.6794566512107849,0.0,0.4202752709388733,1.3124876022338867,-1.595353126525879,-0.21268582344055176,0.9393013119697571,0.040770892053842545,0.0,0.0,0.0,0.0,0.0,0.0,0.0,0.056699998676776886,0.0,0.0,0.0,0.0,0.0,0.0,0.0012000000569969416
420,13.99999986,-0.7209431529045105,1.8687938451766968,-1.083587646484375,-0.7648381590843201,0.3920533061027527,0.6794566512107849,0.0,0.4202752709388733,1.3124876022338867,-1.595353126525879,-0.21268582344055176,0.9393013119697571,0.040770892053842545,0.0,0.0,0.0,0.0,0.0,0.0,0.0,0.056699998676776886,0.0,0.0,0.0,0.0,0.0,0.0,0.0012000000569969416
421,14.033333193,-0.7209431529045105,1.9038923978805542,-1.1129964590072632,-0.7701789140701294,0.38316959142684937,0.6715154051780701,0.0,0.4202752709388733,1.3167113065719604,-1.595353126525879,-0.20863665640354156,0.9393013119697571,0.03794345632195473,0.0,0.0,0.0,0.0,0.0,0.0,0.0,0.05620000138878822,0.0,0.0,0.0,0.0,0.0,0.0,0.0012000000569969416
422,14.066666526,-0.7209431529045105,1.940631628036499,-1.1393334865570068,-0.7721685767173767,0.37601372599601746,0.6631378531455994,0.0,0.41889646649360657,1.3206732273101807,-1.595353126525879,-0.20671679079532623,0.9393013119697571,0.03794345632195473,0.0,0.0,0.0,0.0,0.0,0.0,0.0,0.05420000106096268,0.0,0.0,0.0,0.0,0.0,0.0,0.0012000000569969416
423,14.099999859,-0.7209431529045105,1.940631628036499,-1.1393334865570068,-0.7721685767173767,0.37601372599601746,0.6631378531455994,0.0,0.41889646649360657,1.3206732273101807,-1.595353126525879,-0.20671679079532623,0.9393013119697571,0.03794345632195473,0.0,0.0,0.0,0.0,0.0,0.0,0.0,0.05420000106096268,0.0,0.0,0.0,0.0,0.0,0.0,0.0012000000569969416
424,14.133333192,-0.7155849933624268,1.9669686555862427,-1.1619354486465454,-0.7741757035255432,0.3684390187263489,0.6531370878219604,0.0,0.4180237948894501,1.3239718675613403,-1.595353126525879,-0.20671679079532623,0.9393013119697571,0.03794345632195473,0.0,0.0,0.0,0.0,0.0,0.0,0.0,0.05260000005364418,0.0,0.0,0.0,0.0,0.0,0.0,0.0012000000569969416
425,14.166666525,-0.7107678651809692,1.988279104232788,-1.1773642301559448,-0.7764097452163696,0.3602708578109741,0.6465921401977539,0.0,0.4164530038833618,1.3254029750823975,-1.595353126525879,-0.20671679079532623,0.9393013119697571,0.04012512043118477,0.0,0.0,0.0,0.0,0.0,0.0,0.0,0.05130000039935112,0.0,0.0,0.0,0.0,0.0,0.0,0.0012000000569969416
426,14.199999858,-0.7107678651809692,1.988279104232788,-1.1773642301559448,-0.7764097452163696,0.3602708578109741,0.6465921401977539,0.0,0.4164530038833618,1.3254029750823975,-1.595353126525879,-0.20671679079532623,0.9393013119697571,0.04012512043118477,0.0,0.0,0.0,0.0,0.0,0.0,0.0,0.05130000039935112,0.0,0.0,0.0,0.0,0.0,0.0,0.0012000000569969416
427,14.233333191,-0.7081324458122253,2.005418300628662,-1.1901400089263916,-0.7789579033851624,0.35098570585250854,0.6440613865852356,0.0,0.4164530038833618,1.3280210494995117,-1.595353126525879,-0.20671679079532623,0.9416749477386475,0.04012512043118477,0.0,0.0,0.0,0.0,0.0,0.0,0.0,0.05119999870657921,0.0,0.0,0.0,0.0,0.0,0.0,0.0012000000569969416
428,14.266666524,-0.7035422325134277,2.022836685180664,-1.2042248249053955,-0.7837401032447815,0.3436378836631775,0.6419669985771179,0.0,0.4164530038833618,1.330604076385498,-1.595353126525879,-0.20671679079532623,0.9396328926086426,0.04242895543575287,0.0,0.0,0.0,0.0,0.0,0.0,0.0,0.05079999938607216,0.0,0.0,0.0,0.0,0.0,0.0,0.0012000000569969416
429,14.299999857,-0.7035422325134277,2.022836685180664,-1.2042248249053955,-0.7837401032447815,0.3436378836631775,0.6419669985771179,0.0,0.4164530038833618,1.330604076385498,-1.595353126525879,-0.20671679079532623,0.9396328926086426,0.04242895543575287,0.0,0.0,0.0,0.0,0.0,0.0,0.0,0.05079999938607216,0.0,0.0,0.0,0.0,0.0,0.0,0.0012000000569969416
430,14.33333319,-0.701203465461731,2.0402724742889404,-1.218117594718933,-0.7901105284690857,0.3393094539642334,0.6438519358634949,0.0,0.4164530038833618,1.330604076385498,-1.5972031354904175,-0.2047969400882721,0.9415352940559387,0.04242895543575287,0.0,0.0,0.0,0.0,0.0,0.0,0.0,0.04960000142455101,0.0,0.0,0.0,0.0,0.0,0.0,0.0012000000569969416
431,14.366666523,-0.6988822221755981,2.059122085571289,-1.2345761060714722,-0.7982088923454285,0.33649948239326477,0.6436948776245117,0.0,0.4156501591205597,1.3324017524719238,-1.601723551750183,-0.2047969400882721,0.9415352940559387,0.0446455217897892,0.0,0.0,0.0,0.0,0.0,0.0,0.0,0.04740000143647194,0.0,0.0,0.0,0.0,0.0,0.0,0.0012000000569969416
432,14.399999856,-0.6988822221755981,2.059122085571289,-1.2345761060714722,-0.7982088923454285,0.33649948239326477,0.6436948776245117,0.0,0.4156501591205597,1.3324017524719238,-1.601723551750183,-0.2047969400882721,0.9415352940559387,0.0446455217897892,0.0,0.0,0.0,0.0,0.0,0.0,0.0,0.04740000143647194,0.0,0.0,0.0,0.0,0.0,0.0,0.0012000000569969416
433,14.433333189,-0.6965609192848206,2.079228162765503,-1.2541935443878174,-0.8003730773925781,0.3346843421459198,0.6454750895500183,0.0,0.41399210691452026,1.3324017524719238,-1.6034862995147705,-0.20228366553783417,0.9435773491859436,0.0446455217897892,0.0,0.0,0.0,0.0,0.0,0.0,0.0,0.04520000144839287,0.0,0.0,0.0,0.0,0.0,0.0,0.0012000000569969416
434,14.466666522,-0.6924070119857788,2.097501754760742,-1.2729384899139404,-0.8003730773925781,0.3340734839439392,0.6484770774841309,0.0,0.41399210691452026,1.3305343389511108,-1.6055458784103394,-0.20226620137691498,0.9479581117630005,0.0446455217897892,0.0,0.0,0.0,0.0,0.0,0.0,0.0,0.041999999433755875,0.0,0.0,0.0,0.0,0.0,0.0,0.0012000000569969416
435,14.499999855,-0.6924070119857788,2.097501754760742,-1.2729384899139404,-0.8003730773925781,0.3340734839439392,0.6484770774841309,0.0,0.41399210691452026,1.3305343389511108,-1.6055458784103394,-0.20226620137691498,0.9479581117630005,0.0446455217897892,0.0,0.0,0.0,0.0,0.0,0.0,0.0,0.041999999433755875,0.0,0.0,0.0,0.0,0.0,0.0,0.0012000000569969416
436,14.533333188,-0.6908187866210938,2.1155309677124023,-1.2922592163085938,-0.7981041669845581,0.32854077219963074,0.6484770774841309,0.0,0.41399210691452026,1.3305168151855469,-1.608460545539856,-0.19971802830696106,0.9533162713050842,0.044628068804740906,0.0,0.0,0.0,0.0,0.0,0.0,0.0,0.03790000081062317,0.0,0.0,0.0,0.0,0.0,0.0,0.0012000000569969416
437,14.566666521,-0.6908187866210938,2.1282894611358643,-1.3080544471740723,-0.7921176552772522,0.3262718617916107,0.6503620147705078,0.0,0.41399210691452026,1.3285620212554932,-1.612317681312561,-0.19971802830696106,0.9533162713050842,0.044628068804740906,0.0,0.0,0.0,0.0,0.0,0.0,0.0,0.030899999663233757,0.0,0.0,0.0,0.0,0.0,0.0,0.0012000000569969416
438,14.599999854,-0.6908187866210938,2.1282894611358643,-1.3080544471740723,-0.7921176552772522,0.3262718617916107,0.6503620147705078,0.0,0.41399210691452026,1.3285620212554932,-1.612317681312561,-0.19971802830696106,0.9533162713050842,0.044628068804740906,0.0,0.0,0.0,0.0,0.0,0.0,0.0,0.030899999663233757,0.0,0.0,0.0,0.0,0.0,0.0,0.0012000000569969416
439,14.633333187,-0.6902428269386292,2.139354705810547,-1.3215981721878052,-0.7879114151000977,0.3262718617916107,0.6484770774841309,0.0,0.41399210691452026,1.3266596794128418,-1.612317681312561,-0.1979028880596161,0.9600707292556763,0.044628068804740906,0.0,0.0,0.0,0.0,0.0,0.0,0.0,0.025599999353289604,0.0,0.0,0.0,0.0,0.0,0.0,0.0012000000569969416
440,14.66666652,-0.6902428269386292,2.143613338470459,-1.3315989971160889,-0.7772823572158813,0.3262718617916107,0.6440090537071228,0.0,0.41399210691452026,1.3266596794128418,-1.612317681312561,-0.1981821358203888,0.9600707292556763,0.044628068804740906,0.0,0.0,0.0,0.0,0.0,0.0,0.0,0.02019999921321869,0.0,0.0,0.0,0.0,0.0,0.0,0.0012000000569969416
441,14.699999853,-0.6902428269386292,2.143613338470459,-1.3315989971160889,-0.7772823572158813,0.3262718617916107,0.6440090537071228,0.0,0.41399210691452026,1.3266596794128418,-1.612317681312561,-0.1981821358203888,0.9600707292556763,0.044628068804740906,0.0,0.0,0.0,0.0,0.0,0.0,0.0,0.02019999921321869,0.0,0.0,0.0,0.0,0.0,0.0,0.0012000000569969416
442,14.733333186,-0.6902428269386292,2.143613338470459,-1.3391038179397583,-0.7732681035995483,0.3262718617916107,0.6422462463378906,0.0,0.41399210691452026,1.3242685794830322,-1.612317681312561,-0.1999100148677826,0.9660048484802246,0.04197516664862633,0.0,0.0,0.0,0.0,0.0,0.0,0.0,0.01510000042617321,0.0,0.0,0.0,0.0,0.0,0.0,0.0012000000569969416
443,14.766666519,-0.6902428269386292,2.1416585445404053,-1.3439908027648926,-0.7659726738929749,0.3262718617916107,0.6369055509567261,0.0,0.41399210691452026,1.3219298124313354,-1.612317681312561,-0.1999100148677826,0.9674010872840881,0.04197516664862633,0.0,0.0,0.0,0.0,0.0,0.0,0.0,0.01080000028014183,0.0,0.0,0.0,0.0,0.0,0.0,0.0012000000569969416
444,14.799999852,-0.6902428269386292,2.1416585445404053,-1.3439908027648926,-0.7659726738929749,0.3262718617916107,0.6369055509567261,0.0,0.41399210691452026,1.3219298124313354,-1.612317681312561,-0.1999100148677826,0.9674010872840881,0.04197516664862633,0.0,0.0,0.0,0.0,0.0,0.0,0.0,0.01080000028014183,0.0,0.0,0.0,0.0,0.0,0.0,0.0012000000569969416
445,14.833333185,-0.6902428269386292,2.1316752433776855,-1.3458234071731567,-0.757106363773346,0.3327295780181885,0.6309016346931458,0.0,0.4121246039867401,1.3181424140930176,-1.612317681312561,-0.207345113158226,0.9698969125747681,0.04197516664862633,0.0,0.0,0.0,0.0,0.0,0.0,0.0,0.007799999788403511,0.0,0.0,0.0,0.0,0.0,0.0,0.0012000000569969416
446,14.866666518,-0.6885149478912354,2.117555618286133,-1.3476909399032593,-0.7456918954849243,0.3433586359024048,0.6252292990684509,0.0,0.4132939577102661,1.3181424140930176,-1.6088619232177734,-0.210259810090065,0.9721134901046753,0.04012512043118477,0.0,0.0,0.0,0.0,0.0,0.0,0.0,0.00570000009611249,0.0,0.0,0.0,0.0,0.0,0.0,0.0012000000569969416
447,14.899999851,-0.6885149478912354,2.117555618286133,-1.3476909399032593,-0.7456918954849243,0.3433586359024048,0.6252292990684509,0.0,0.4132939577102661,1.3181424140930176,-1.6088619232177734,-0.210259810090065,0.9721134901046753,0.04012512043118477,0.0,0.0,0.0,0.0,0.0,0.0,0.0,0.00570000009611249,0.0,0.0,0.0,0.0,0.0,0.0,0.0012000000569969416
448,14.933333184,-0.6840992569923401,2.1021792888641357,-1.3495583534240723,-0.7336142659187317,0.35349899530410767,0.6180559992790222,0.0,0.4132939577102661,1.316013216972351,-1.6079543828964233,-0.21991148591041565,0.9766164422035217,0.03790855035185814,0.0,0.0,0.0,0.0,0.0,0.0,0.0,0.00430000014603138,0.0,0.0,0.0,0.0,0.0,0.0,0.0012000000569969416
449,14.966666517,-0.6764721870422363,2.0815320014953613,-1.3495583534240723,-0.7172256112098694,0.36130061745643616,0.6088581085205078,0.0,0.41146138310432434,1.3122082948684692,-1.6063138246536255,-0.23256511986255646,0.9766164422035217,0.03790855035185814,0.0,0.0,0.0,0.0,0.0,0.0,0.0,0.0038999998942017555,0.0,0.0,0.0,0.0,0.0,0.0,0.0012000000569969416
450,14.99999985,-0.6764721870422363,2.0815320014953613,-1.3495583534240723,-0.7172256112098694,0.36130061745643616,0.6088581085205078,0.0,0.41146138310432434,1.3122082948684692,-1.6063138246536255,-0.23256511986255646,0.9766164422035217,0.03790855035185814,0.0,0.0,0.0,0.0,0.0,0.0,0.0,0.0038999998942017555,0.0,0.0,0.0,0.0,0.0,0.0,0.0012000000569969416
451,15.033333183,-0.6657732725143433,2.056224822998047,-1.3495583534240723,-0.701587438583374,0.37514108419418335,0.5994682312011719,0.0,0.41146138310432434,1.3060123920440674,-1.6055283546447754,-0.24939009547233582,0.982166588306427,0.036425020545721054,0.0,0.0,0.0,0.0,0.0,0.0,0.0,0.003800000064074993,0.0,0.0,0.0,0.0,0.0,0.0,0.0012000000569969416
452,15.066666516,-0.6540796160697937,2.0274267196655273,-1.3495583534240723,-0.6798232197761536,0.38760271668434143,0.5918411612510681,0.0,0.41146138310432434,1.3017014265060425,-1.6034862995147705,-0.2675240635871887,0.9820443987846375,0.036425020545721054,0.0,0.0,0.0,0.0,0.0,0.0,0.0,0.003800000064074993,0.0,0.0,0.0,0.0,0.0,0.0,0.0012000000569969416
453,15.099999849,-0.6540796160697937,2.0274267196655273,-1.3495583534240723,-0.6798232197761536,0.38760271668434143,0.5918411612510681,0.0,0.41146138310432434,1.3017014265060425,-1.6034862995147705,-0.2675240635871887,0.9820443987846375,0.036425020545721054,0.0,0.0,0.0,0.0,0.0,0.0,0.0,0.003800000064074993,0.0,0.0,0.0,0.0,0.0,0.0,0.0012000000569969416
454,15.133333182,-0.6389650106430054,1.9915603399276733,-1.347656011581421,-0.657954216003418,0.4026998281478882,0.5806536078453064,0.0,0.41146138310432434,1.2943885326385498,-1.6037306785583496,-0.29160961508750916,0.9841213226318359,0.036425020545721054,0.0,0.0,0.0,0.0,0.0,0.0,0.0,0.003800000064074993,0.0,0.0,0.0,0.0,0.0,0.0,0.0012000000569969416
455,15.166666515,-0.6202900409698486,1.9443665742874146,-1.3457186222076416,-0.6340082883834839,0.41381755471229553,0.5690820813179016,0.0,0.41146138310432434,1.285487413406372,-1.6037306785583496,-0.313338965177536,0.9841213226318359,0.036425020545721054,0.0,0.0,0.0,0.0,0.0,0.0,0.0,0.003800000064074993,0.0,0.0,0.0,0.0,0.0,0.0,0.0012000000569969416
456,15.199999848,-0.6202900409698486,1.9443665742874146,-1.3457186222076416,-0.6340082883834839,0.41381755471229553,0.5690820813179016,0.0,0.41146138310432434,1.285487413406372,-1.6037306785583496,-0.313338965177536,0.9841213226318359,0.036425020545721054,0.0,0.0,0.0,0.0,0.0,0.0,0.0,0.003800000064074993,0.0,0.0,0.0,0.0,0.0,0.0,0.0012000000569969416
457,15.233333181,-0.5991366505622864,1.8974521160125732,-1.3457186222076416,-0.6061877608299255,0.42702969908714294,0.5578595995903015,0.0,0.41146138310432434,1.2701634168624878,-1.6059123277664185,-0.3315601944923401,0.9810670018196106,0.036425020545721054,0.0,0.0,0.0,0.0,0.0,0.0,0.0,0.003800000064074993,0.0,0.0,0.0,0.0,0.0,0.0,0.0012000000569969416
458,15.266666514,-0.5738293528556824,1.8446733951568604,-1.3437813520431519,-0.5787686109542847,0.4409225285053253,0.5453106760978699,0.0,0.41146138310432434,1.2558516263961792,-1.6059123277664185,-0.34901347756385803,0.9762324690818787,0.038432151079177856,0.0,0.0,0.0,0.0,0.0,0.0,0.0,0.003800000064074993,0.0,0.0,0.0,0.0,0.0,0.0,0.0012000000569969416
459,15.299999847,-0.5738293528556824,1.8446733951568604,-1.3437813520431519,-0.5787686109542847,0.4409225285053253,0.5453106760978699,0.0,0.41146138310432434,1.2558516263961792,-1.6059123277664185,-0.34901347756385803,0.9762324690818787,0.038432151079177856,0.0,0.0,0.0,0.0,0.0,0.0,0.0,0.003800000064074993,0.0,0.0,0.0,0.0,0.0,0.0,0.0012000000569969416
460,15.33333318,-0.541523277759552,1.7870076894760132,-1.3437813520431519,-0.5513145923614502,0.45298275351524353,0.5302135944366455,0.0,0.41146138310432434,1.240004062652588,-1.6074482202529907,-0.3603581190109253,0.9743300676345825,0.0408930629491806,0.0,0.0,0.0,0.0,0.0,0.0,0.0,0.003800000064074993,0.0,0.0,0.0,0.0,0.0,0.0,0.0012000000569969416
461,15.366666513,-0.5083795189857483,1.7242980003356934,-1.3455440998077393,-0.5222024917602539,0.4637863337993622,0.5161113142967224,0.0,0.41146138310432434,1.221922516822815,-1.6096298694610596,-0.3672870993614197,0.9638755321502686,0.0408930629491806,0.0,0.0,0.0,0.0,0.0,0.0,0.0,0.003800000064074993,0.0,0.0,0.0,0.0,0.0,0.0,0.0012000000569969416
462,15.399999846,-0.5083795189857483,1.7242980003356934,-1.3455440998077393,-0.5222024917602539,0.4637863337993622,0.5161113142967224,0.0,0.41146138310432434,1.221922516822815,-1.6096298694610596,-0.3672870993614197,0.9638755321502686,0.0408930629491806,0.0,0.0,0.0,0.0,0.0,0.0,0.0,0.003800000064074993,0.0,0.0,0.0,0.0,0.0,0.0,0.0012000000569969416
463,15.433333179,-0.4726700782775879,1.6575915813446045,-1.3471498489379883,-0.4910483956336975,0.4766319692134857,0.49982738494873047,0.0,0.41146138310432434,1.2000011205673218,-1.6111832857131958,-0.3672870993614197,0.9595296382904053,0.0408930629491806,0.0,0.0,0.0,0.0,0.0,0.0,0.0,0.003800000064074993,0.0,0.0,0.0,0.0,0.0,0.0,0.0012000000569969416
464,15.466666512,-0.4329114556312561,1.5764687061309814,-1.3498725891113281,-0.45961499214172363,0.49099603295326233,0.48579493165016174,0.0,0.41146138310432434,1.177975058555603,-1.615563988685608,-0.363517165184021,0.951570987701416,0.038065630942583084,0.0,0.0,0.0,0.0,0.0,0.0,0.0,0.003800000064074993,0.0,0.0,0.0,0.0,0.0,0.0,0.0012000000569969416
465,15.499999845,-0.4329114556312561,1.5764687061309814,-1.3498725891113281,-0.45961499214172363,0.49099603295326233,0.48579493165016174,0.0,0.41146138310432434,1.177975058555603,-1.615563988685608,-0.363517165184021,0.951570987701416,0.038065630942583084,0.0,0.0,0.0,0.0,0.0,0.0,0.0,0.003800000064074993,0.0,0.0,0.0,0.0,0.0,0.0,0.0012000000569969416
466,15.533333178,-0.3865031599998474,1.4997090101242065,-1.3523683547973633,-0.4239928424358368,0.5005953311920166,0.47247809171676636,0.0,0.41065850853919983,1.15774667263031,-1.622615098953247,-0.3498687148094177,0.9492671489715576,0.030264008790254593,0.0,0.0,0.0,0.0,0.0,0.0,0.0,0.003800000064074993,0.0,0.0,0.0,0.0,0.0,0.0,0.0012000000569969416
467,15.566666511,-0.3430968225002289,1.4125996828079224,-1.3539915084838867,-0.39416515827178955,0.5140692591667175,0.4561592638492584,0.0,0.41065850853919983,1.1324918270111084,-1.6269959211349487,-0.3312984108924866,0.9476788640022278,0.021554816514253616,0.0,0.0,0.0,0.0,0.0,0.0,0.0,0.003800000064074993,0.0,0.0,0.0,0.0,0.0,0.0,0.0012000000569969416
468,15.599999844,-0.3430968225002289,1.4125996828079224,-1.3539915084838867,-0.39416515827178955,0.5140692591667175,0.4561592638492584,0.0,0.41065850853919983,1.1324918270111084,-1.6269959211349487,-0.3312984108924866,0.9476788640022278,0.021554816514253616,0.0,0.0,0.0,0.0,0.0,0.0,0.0,0.003800000064074993,0.0,0.0,0.0,0.0,0.0,0.0,0.0012000000569969416
469,15.633333177,-0.2997603118419647,1.3355084657669067,-1.3546372652053833,-0.3646865487098694,0.5235463976860046,0.4453556537628174,0.0,0.4090179204940796,1.1100119352340698,-1.6337852478027344,-0.30602604150772095,0.9515185952186584,0.012461651116609573,0.0,0.0,0.0,0.0,0.0,0.0,0.0,0.003800000064074993,0.0,0.0,0.0,0.0,0.0,0.0,0.0012000000569969416
470,15.66666651,-0.2575582265853882,1.2607210874557495,-1.3563302755355835,-0.3434109687805176,0.5351528525352478,0.4380601942539215,0.0,0.4090179204940796,1.0828372240066528,-1.6355829238891602,-0.26743680238723755,0.9589188098907471,0.0,0.0,0.0,0.0,0.0,0.0,0.0,0.0,0.003800000064074993,0.0,0.0,0.0,0.0,0.0,0.0,0.0012000000569969416
471,15.699999843,-0.2575582265853882,1.2607210874557495,-1.3563302755355835,-0.3434109687805176,0.5351528525352478,0.4380601942539215,0.0,0.4090179204940796,1.0828372240066528,-1.6355829238891602,-0.26743680238723755,0.9589188098907471,0.0,0.0,0.0,0.0,0.0,0.0,0.0,0.0,0.003800000064074993,0.0,0.0,0.0,0.0,0.0,0.0,0.0012000000569969416
472,15.733333176,-0.2180090695619583,1.1873475313186646,-1.3563302755355835,-0.3267081677913666,0.5453106760978699,0.42956042289733887,0.0,0.4090179204940796,1.0591880083084106,-1.6355829238891602,-0.2301216572523117,0.9716597199440002,-0.018622662872076035,0.0,0.0,0.0,0.0,0.0,0.0,0.0,0.003800000064074993,0.0,0.0,0.0,0.0,0.0,0.0,0.0012000000569969416
473,15.766666509,-0.17605136334896088,1.116382360458374,-1.3563302755355835,-0.3185575008392334,0.559412956237793,0.42008328437805176,0.0,0.4090179204940796,1.036027431488037,-1.6355829238891602,-0.19017107784748077,0.9900554418563843,-0.03495894372463226,0.0,0.0,0.0,0.0,0.0,0.0,0.0,0.003800000064074993,0.0,0.0,0.0,0.0,0.0,0.0,0.0012000000569969416
474,15.799999842,-0.17605136334896088,1.116382360458374,-1.3563302755355835,-0.3185575008392334,0.559412956237793,0.42008328437805176,0.0,0.4090179204940796,1.036027431488037,-1.6355829238891602,-0.19017107784748077,0.9900554418563843,-0.03495894372463226,0.0,0.0,0.0,0.0,0.0,0.0,0.0,0.003800000064074993,0.0,0.0,0.0,0.0,0.0,0.0,0.0012000000569969416
475,15.833333175,-0.1448448747396469,1.048768401145935,-1.3563302755355835,-0.3139149248600006,0.5670749545097351,0.41140902042388916,0.0,0.40833723545074463,1.0142282247543335,-1.6355829238891602,-0.15334463119506836,1.0103886127471924,-0.046443212777376175,0.0,0.0,0.0,0.0,0.0,0.0,0.0,0.003800000064074993,0.0,0.0,0.0,0.0,0.0,0.0,0.0012000000569969416
476,15.866666508,-0.11772245913743973,0.9836152195930481,-1.3563302755355835,-0.2988876402378082,0.5837079286575317,0.3994884192943573,0.0,0.40833723545074463,0.9921847581863403,-1.6355829238891602,-0.11426670849323273,1.0331476926803589,-0.05838126316666603,0.0,0.0,0.0,0.0,0.0,0.0,0.0,0.003800000064074993,0.0,0.0,0.0,0.0,0.0,0.0,0.0012000000569969416
477,15.899999841,-0.11772245913743973,0.9836152195930481,-1.3563302755355835,-0.2988876402378082,0.5837079286575317,0.3994884192943573,0.0,0.40833723545074463,0.9921847581863403,-1.6355829238891602,-0.11426670849323273,1.0331476926803589,-0.05838126316666603,0.0,0.0,0.0,0.0,0.0,0.0,0.0,0.003800000064074993,0.0,0.0,0.0,0.0,0.0,0.0,0.0012000000569969416
478,15.933333174,-0.09747663885354996,0.9153379201889038,-1.3563302755355835,-0.2837905287742615,0.600236177444458,0.38091811537742615,0.0,0.40833723545074463,0.9715549945831299,-1.6335234642028809,-0.08600982278585434,1.0583502054214478,-0.06784094870090485,0.0,0.0,0.0,0.0,0.0,0.0,0.0,0.003800000064074993,0.0,0.0,0.0,0.0,0.0,0.0,0.0012000000569969416
479,15.966666507,-0.08518952131271362,0.8613898158073425,-1.3563302755355835,-0.26398104429244995,0.6214070320129395,0.3588396906852722,0.0,0.40833723545074463,0.9517629742622375,-1.626245379447937,-0.06354743987321854,1.0826975107192993,-0.07335618883371353,0.0,0.0,0.0,0.0,0.0,0.0,0.0,0.003800000064074993,0.0,0.0,0.0,0.0,0.0,0.0,0.0012000000569969416
480,15.99999984,-0.08518952131271362,0.8613898158073425,-1.3563302755355835,-0.26398104429244995,0.6214070320129395,0.3588396906852722,0.0,0.40833723545074463,0.9517629742622375,-1.626245379447937,-0.06354743987321854,1.0826975107192993,-0.07335618883371353,0.0,0.0,0.0,0.0,0.0,0.0,0.0,0.003800000064074993,0.0,0.0,0.0,0.0,0.0,0.0,0.0012000000569969416
481,16.033333173,-0.0771959125995636,0.8134804964065552,-1.352961778640747,-0.23949408531188965,0.6455624103546143,0.32934361696243286,0.0,0.40833723545074463,0.9378352165222168,-1.6141502857208252,-0.04584980010986328,1.1048283576965332,-0.07709119468927383,0.0,0.0,0.0,0.0,0.0,0.0,0.0,0.003800000064074993,0.0,0.0,0.0,0.0,0.0,0.0,0.0012000000569969416
482,16.066666506,-0.0725882425904274,0.7735299468040466,-1.3510245084762573,-0.21476276218891144,0.6724404692649841,0.3048042953014374,0.0,0.40833723545074463,0.9305048584938049,-1.5999432802200317,-0.029880037531256676,1.1249693632125854,-0.0823969915509224,0.0,0.0,0.0,0.0,0.0,0.0,0.0,0.003800000064074993,0.0,0.0,0.0,0.0,0.0,0.0,0.0012000000569969416
483,16.099999839,-0.0725882425904274,0.7735299468040466,-1.3510245084762573,-0.21476276218891144,0.6724404692649841,0.3048042953014374,0.0,0.40833723545074463,0.9305048584938049,-1.5999432802200317,-0.029880037531256676,1.1249693632125854,-0.0823969915509224,0.0,0.0,0.0,0.0,0.0,0.0,0.0,0.003800000064074993,0.0,0.0,0.0,0.0,0.0,0.0,0.0012000000569969416
484,16.133333172,-0.07253588736057281,0.7396705150604248,-1.3382835388183594,-0.18572048842906952,0.6980968117713928,0.27721065282821655,0.0,0.40657445788383484,0.9266651272773743,-1.581931471824646,-0.01595230959355831,1.138897180557251,-0.0823969915509224,0.0,0.0,0.0,0.0,0.0,0.0,0.0,0.003800000064074993,0.0,0.0,0.0,0.0,0.0,0.0,0.0012000000569969416
485,16.166666505,-0.07253588736057281,0.724154531955719,-1.3261185884475708,-0.1552819460630417,0.7249923348426819,0.2561270594596863,0.0,0.40657445788383484,0.9287595152854919,-1.559678554534912,0.0,1.149334192276001,-0.0823969915509224,0.0,0.0,0.0,0.0,0.0,0.0,0.0,0.003800000064074993,0.0,0.0,0.0,0.0,0.0,0.0,0.0012000000569969416
486,16.199999838,-0.07253588736057281,0.724154531955719,-1.3261185884475708,-0.1552819460630417,0.7249923348426819,0.2561270594596863,0.0,0.40657445788383484,0.9287595152854919,-1.559678554534912,0.0,1.149334192276001,-0.0823969915509224,0.0,0.0,0.0,0.0,0.0,0.0,0.0,0.003800000064074993,0.0,0.0,0.0,0.0,0.0,0.0,0.0012000000569969416
487,16.233333171,-0.07253588736057281,0.7201054096221924,-1.3083860874176025,-0.12597785890102386,0.7411715388298035,0.23684118688106537,0.0,0.40657445788383484,0.9312902092933655,-1.5322943925857544,0.0,1.1430684328079224,-0.07759733498096466,0.0,0.0,0.0,0.0,0.0,0.0,0.0,0.003800000064074993,0.0,0.0,0.0,0.0,0.0,0.0,0.0012000000569969416
488,16.266666504,-0.07253588736057281,0.7256206274032593,-1.2861156463623047,-0.09724974632263184,0.7488335371017456,0.22298327088356018,0.0,0.40657445788383484,0.9408372044563293,-1.5010006427764893,0.0,1.1409566402435303,-0.06880088150501251,0.0,0.0,0.0,0.0,0.0,0.0,0.0,0.004000000189989805,0.0,0.0,0.0,0.0,0.0,0.0,0.0012000000569969416
489,16.299999837,-0.07253588736057281,0.7256206274032593,-1.2861156463623047,-0.09724974632263184,0.7488335371017456,0.22298327088356018,0.0,0.40657445788383484,0.9408372044563293,-1.5010006427764893,0.0,1.1409566402435303,-0.06880088150501251,0.0,0.0,0.0,0.0,0.0,0.0,0.0,0.004000000189989805,0.0,0.0,0.0,0.0,0.0,0.0,0.0012000000569969416
490,16.33333317,-0.07677703350782394,0.7473674416542053,-1.2599183320999146,-0.07560766488313675,0.7452381253242493,0.21357594430446625,0.0,0.4041658937931061,0.9564753174781799,-1.4654656648635864,-0.013648474588990211,1.119576334953308,-0.059288833290338516,0.0,0.0,0.0,0.0,0.0,0.0,0.0,0.0038999998942017555,0.0,0.0,0.0,0.0,0.0,0.0,0.0012000000569969416
491,16.366666503,-0.07855726778507233,0.778172492980957,-1.2237550020217896,-0.05825909227132797,0.7278372049331665,0.2085668444633484,0.0,0.4041658937931061,0.9728290438652039,-1.419389009475708,-0.03141592815518379,1.0966776609420776,-0.041608650237321854,0.0,0.0,0.0,0.0,0.0,0.0,0.0,0.0038999998942017555,0.0,0.0,0.0,0.0,0.0,0.0,0.0012000000569969416
492,16.399999836,-0.07855726778507233,0.778172492980957,-1.2237550020217896,-0.05825909227132797,0.7278372049331665,0.2085668444633484,0.0,0.4041658937931061,0.9728290438652039,-1.419389009475708,-0.03141592815518379,1.0966776609420776,-0.041608650237321854,0.0,0.0,0.0,0.0,0.0,0.0,0.0,0.0038999998942017555,0.0,0.0,0.0,0.0,0.0,0.0,0.0012000000569969416
493,16.433333169,-0.07906341552734375,0.8115257620811462,-1.1870508193969727,-0.054593898355960846,0.7038389444351196,0.2085668444633484,0.0,0.4041658937931061,0.9943838715553284,-1.3724745512008667,-0.05288347601890564,1.0626437664031982,-0.020647244527935982,0.0,0.0,0.0,0.0,0.0,0.0,0.0,0.004100000020116568,0.0,0.0,0.0,0.0,0.0,0.0,0.0012000000569969416
494,16.466666502,-0.0806342139840126,0.8502545952796936,-1.1464544534683228,-0.057508599013090134,0.6732956767082214,0.21390755474567413,0.0,0.4034503102302551,1.0227628946304321,-1.320987343788147,-0.08211774379014969,1.0238624811172485,0.008028514683246613,0.0,0.0,0.0,0.0,0.0,0.0,0.0,0.004100000020116568,0.0,0.0,0.0,0.0,0.0,0.0,0.0012000000569969416
495,16.499999835,-0.0806342139840126,0.8502545952796936,-1.1464544534683228,-0.057508599013090134,0.6732956767082214,0.21390755474567413,0.0,0.4034503102302551,1.0227628946304321,-1.320987343788147,-0.08211774379014969,1.0238624811172485,0.008028514683246613,0.0,0.0,0.0,0.0,0.0,0.0,0.0,0.004100000020116568,0.0,0.0,0.0,0.0,0.0,0.0,0.0012000000569969416
496,16.533333168,-0.0806342139840126,0.8930326104164124,-1.1060326099395752,-0.06229080259799957,0.6380051374435425,0.21708405017852783,0.0,0.3992091715335846,1.0577917098999023,-1.2679991722106934,-0.12016592174768448,0.9810495972633362,0.04049163684248924,0.0,0.0,0.0,0.0,0.0,0.0,0.0,0.004100000020116568,0.0,0.0,0.0,0.0,0.0,0.0,0.0012000000569969416
497,16.566666501,-0.08314748853445053,0.9412909746170044,-1.0665532350540161,-0.0673871636390686,0.5960299372673035,0.22394320368766785,0.0,0.3919485807418823,1.099644660949707,-1.2173322439193726,-0.1627694070339203,0.929143488407135,0.07860963046550751,0.0,0.0,0.0,0.0,0.0,0.0,0.0,0.00419999985024333,0.0,0.0,0.0,0.0,0.0,0.0,0.0012000000569969416
498,16.599999834,-0.08314748853445053,0.9412909746170044,-1.0665532350540161,-0.0673871636390686,0.5960299372673035,0.22394320368766785,0.0,0.3919485807418823,1.099644660949707,-1.2173322439193726,-0.1627694070339203,0.929143488407135,0.07860963046550751,0.0,0.0,0.0,0.0,0.0,0.0,0.0,0.00419999985024333,0.0,0.0,0.0,0.0,0.0,0.0,0.0012000000569969416
499,16.633333167,-0.08314748853445053,1.0022727251052856,-1.0326415300369263,-0.06953391432762146,0.5455724596977234,0.22893483936786652,0.0,0.3799058198928833,1.1489152908325195,-1.1679044961929321,-0.2058964967727661,0.8786336779594421,0.1183682307600975,0.0,0.0,0.0,0.0,0.0,0.0,0.0,0.00419999985024333,0.0,0.0,0.0,0.0,0.0,0.0,0.0012000000569969416
500,16.6666665,-0.08614945411682129,1.0749133825302124,-1.0077531337738037,-0.08356636762619019,0.49521970748901367,0.23366467654705048,0.0,0.3617543876171112,1.208518385887146,-1.1230844259262085,-0.2548704445362091,0.816133439540863,0.1629962921142578,0.0,0.0,0.0,0.0,0.0,0.0,0.0,0.00419999985024333,0.0,0.0,0.0,0.0,0.0,0.0,0.0012000000569969416
501,16.699999833,-0.08614945411682129,1.0749133825302124,-1.0077531337738037,-0.08356636762619019,0.49521970748901367,0.23366467654705048,0.0,0.3617543876171112,1.208518385887146,-1.1230844259262085,-0.2548704445362091,0.816133439540863,0.1629962921142578,0.0,0.0,0.0,0.0,0.0,0.0,0.0,0.00419999985024333,0.0,0.0,0.0,0.0,0.0,0.0,0.0012000000569969416
502,16.733333166,-0.08566076308488846,1.1407995223999023,-0.995570719242096,-0.09442231059074402,0.44519859552383423,0.24062854051589966,0.0,0.3444581925868988,1.2718738317489624,-1.0939549207687378,-0.2900038957595825,0.766269326210022,0.19476129114627838,0.0,0.0,0.0,0.0,0.0,0.0,0.0,0.00419999985024333,0.0,0.0,0.0,0.0,0.0,0.0,0.0012000000569969416
503,16.766666499,-0.08566076308488846,1.2045564651489258,-0.9939824342727661,-0.1059938445687294,0.3903079926967621,0.24342107772827148,0.0,0.3444581925868988,1.2718738317489624,-1.0939549207687378,-0.2900038957595825,0.766269326210022,0.19476129114627838,0.0,0.0,0.0,0.0,0.0,0.0,0.0,0.00419999985024333,0.0,0.0,0.0,0.0,0.0,0.0,0.0012000000569969416
504,16.799999832,-0.08566076308488846,1.2045564651489258,-0.9939824342727661,-0.1059938445687294,0.3903079926967621,0.24342107772827148,0.0,0.3243519961833954,1.328195571899414,-1.0780375003814697,-0.3146130442619324,0.7192676663398743,0.217136412858963,0.0,0.0,0.0,0.0,0.0,0.0,0.0,0.00419999985024333,0.0,0.0,0.0,0.0,0.0,0.0,0.0012000000569969416
505,16.833333165,-0.08566076308488846,1.2696746587753296,-1.007700800895691,-0.11424925178289413,0.34377750754356384,0.24342107772827148,0.0,0.30949923396110535,1.385145664215088,-1.0754544734954834,-0.32674309611320496,0.6783745884895325,0.22701497375965118,0.0,0.0,0.0,0.0,0.0,0.0,0.0,0.00419999985024333,0.0,0.0,0.0,0.0,0.0,0.0,0.0012000000569969416
506,16.866666498,-0.08566076308488846,1.3349674940109253,-1.027998924255371,-0.11929325759410858,0.2942974269390106,0.24342107772827148,0.0,0.30949923396110535,1.385145664215088,-1.0754544734954834,-0.32674309611320496,0.6783745884895325,0.22701497375965118,0.0,0.0,0.0,0.0,0.0,0.0,0.0,0.00419999985024333,0.0,0.0,0.0,0.0,0.0,0.0,0.0012000000569969416
507,16.899999831,-0.08566076308488846,1.3349674940109253,-1.027998924255371,-0.11929325759410858,0.2942974269390106,0.24342107772827148,0.0,0.29794514179229736,1.4437189102172852,-1.08199942111969,-0.3283487856388092,0.6389824748039246,0.22701497375965118,0.0,0.0,0.0,0.0,0.0,0.0,0.0,0.00419999985024333,0.0,0.0,0.0,0.0,0.0,0.0,0.0012000000569969416
508,16.933333164,-0.08388052135705948,1.3976596593856812,-1.0483494997024536,-0.12079423666000366,0.2523746192455292,0.24120450019836426,0.0,0.2911209166049957,1.5017685890197754,-1.1031527519226074,-0.32274627685546875,0.609626054763794,0.2238035649061203,0.0,0.0,0.0,0.0,0.0,0.0,0.0,0.00419999985024333,0.0,0.0,0.0,0.0,0.0,0.0,0.0012000000569969416
509,16.966666497,-0.08388052135705948,1.4605962038040161,-1.0685080289840698,-0.12079423666000366,0.21306979656219482,0.23450243473052979,0.0,0.28590238094329834,1.5577412843704224,-1.1350574493408203,-0.3208787739276886,0.5855405330657959,0.22190116345882416,0.0,0.0,0.0,0.0,0.0,0.0,0.0,0.00419999985024333,0.0,0.0,0.0,0.0,0.0,0.0,0.0012000000569969416
510,16.99999983,-0.08388052135705948,1.4605962038040161,-1.0685080289840698,-0.12079423666000366,0.21306979656219482,0.23450243473052979,0.0,0.28590238094329834,1.5577412843704224,-1.1350574493408203,-0.3208787739276886,0.5855405330657959,0.22190116345882416,0.0,0.0,0.0,0.0,0.0,0.0,0.0,0.00419999985024333,0.0,0.0,0.0,0.0,0.0,0.0,0.0012000000569969416
511,17.033333163,-0.08388052135705948,1.5308806896209717,-1.0896613597869873,-0.12133529037237167,0.1880941390991211,0.22704988718032837,0.0,0.2819055914878845,1.612178087234497,-1.1765613555908203,-0.3208787739276886,0.5682617425918579,0.22190116345882416,0.0,0.0,0.0,0.0,0.0,0.0,0.0,0.004999999888241291,0.0,0.0,0.0,0.0,0.0,0.0,0.0012000000569969416
512,17.066666496,-0.0815243273973465,1.5957545042037964,-1.1145497560501099,-0.11939797550439835,0.1664694994688034,0.21060888469219208,0.0,0.27930504083633423,1.6710829734802246,-1.211991548538208,-0.3294309079647064,0.5560095310211182,0.22687534987926483,0.0,0.0,0.0,0.0,0.0,0.0,0.0,0.009499999694526196,0.0,0.0,0.0,0.0,0.0,0.0,0.0019000000320374966
513,17.099999829,-0.0815243273973465,1.5957545042037964,-1.1145497560501099,-0.11939797550439835,0.1664694994688034,0.21060888469219208,0.0,0.27930504083633423,1.6710829734802246,-1.211991548538208,-0.3294309079647064,0.5560095310211182,0.22687534987926483,0.0,0.0,0.0,0.0,0.0,0.0,0.0,0.009499999694526196,0.0,0.0,0.0,0.0,0.0,0.0,0.0019000000320374966
514,17.133333162,-0.07936011999845505,1.6466658115386963,-1.1342719793319702,-0.11939797550439835,0.1607448309659958,0.19341738522052765,0.0,0.27958428859710693,1.7186955213546753,-1.2455018758773804,-0.3372325301170349,0.5586100816726685,0.23251275718212128,0.0,0.0,0.0,0.0,0.0,0.0,0.0,0.015699999406933784,0.0,0.0,0.0,0.0,0.0,0.0,0.005400000140070915
515,17.166666495,-0.07440338283777237,1.6846266984939575,-1.1504511833190918,-0.11763519048690796,0.1627519577741623,0.17650514841079712,0.0,0.27958428859710693,1.7186955213546753,-1.2455018758773804,-0.3372325301170349,0.5586100816726685,0.23251275718212128,0.0,0.0,0.0,0.0,0.0,0.0,0.0,0.024900000542402267,0.0,0.0,0.0,0.0,0.0,0.0,0.005400000140070915
516,17.199999828,-0.07440338283777237,1.6846266984939575,-1.1504511833190918,-0.11763519048690796,0.1627519577741623,0.17650514841079712,0.0,0.27577948570251465,1.7584017515182495,-1.2703553438186646,-0.342119425535202,0.5703037977218628,0.24055872857570648,0.0,0.0,0.0,0.0,0.0,0.0,0.0,0.024900000542402267,0.0,0.0,0.0,0.0,0.0,0.0,0.012199999764561653
517,17.233333161,-0.07049384713172913,1.7237744331359863,-1.1661940813064575,-0.12623965740203857,0.17666222155094147,0.15214034914970398,0.0,0.27377235889434814,1.7882294654846191,-1.295680046081543,-0.3421543538570404,0.5813342928886414,0.24518385529518127,0.0,0.0,0.0,0.0,0.0,0.0,0.0,0.03550000116229057,0.0,0.0,0.0,0.0,0.0,0.0,0.022099999710917473
518,17.266666494,-0.0659734457731247,1.7441250085830688,-1.173716425895691,-0.1284736841917038,0.19141025841236115,0.13140584528446198,0.0,0.27377235889434814,1.7882294654846191,-1.295680046081543,-0.3421543538570404,0.5813342928886414,0.24518385529518127,0.0,0.0,0.0,0.0,0.0,0.0,0.0,0.041999999433755875,0.0,0.0,0.0,0.0,0.0,0.0,0.022099999710917473
519,17.299999827,-0.0659734457731247,1.7441250085830688,-1.173716425895691,-0.1284736841917038,0.19141025841236115,0.13140584528446198,0.0,0.2675589621067047,1.8086323738098145,-1.3188230991363525,-0.3442836403846741,0.59803706407547,0.2511528730392456,0.0,0.0,0.0,0.0,0.0,0.0,0.0,0.041999999433755875,0.0,0.0,0.0,0.0,0.0,0.0,0.032099999487400055
520,17.33333316,-0.06373942643404007,1.7526072263717651,-1.1779227256774902,-0.13100440800189972,0.20732766389846802,0.11157889664173126,0.0,0.2653598487377167,1.8139904737472534,-1.3313546180725098,-0.3442836403846741,0.6228556632995605,0.25909411907196045,0.0,0.0,0.0,0.0,0.0,0.0,0.0,0.0471000000834465,0.0,0.0,0.0,0.0,0.0,0.0,0.04089999943971634
521,17.366666493,-0.06204645335674286,1.7526072263717651,-1.1761250495910645,-0.13542009890079498,0.2402445673942566,0.09262462705373764,0.0,0.2653598487377167,1.8139904737472534,-1.3313546180725098,-0.3442836403846741,0.6228556632995605,0.25909411907196045,0.0,0.0,0.0,0.0,0.0,0.0,0.0,0.050700001418590546,0.0,0.0,0.0,0.0,0.0,0.0,0.04089999943971634
522,17.399999826,-0.06204645335674286,1.7526072263717651,-1.1761250495910645,-0.13542009890079498,0.2402445673942566,0.09262462705373764,0.0,0.2653424143791199,1.8112852573394775,-1.3388944864273071,-0.3442836403846741,0.6436774134635925,0.25909411907196045,0.0,0.0,0.0,0.0,0.0,0.0,0.0,0.050700001418590546,0.0,0.0,0.0,0.0,0.0,0.0,0.04600000008940697
523,17.433333159,-0.06204645335674286,1.7350318431854248,-1.171534776687622,-0.1420348882675171,0.2722015380859375,0.07808603346347809,0.0,0.2653424143791199,1.791999340057373,-1.3343042135238647,-0.34199726581573486,0.6684960126876831,0.25909411907196045,0.0,0.0,0.0,0.0,0.0,0.0,0.0,0.05270000174641609,0.0,0.0,0.0,0.0,0.0,0.0,0.04879999905824661
524,17.466666492,-0.06204645335674286,1.7069494724273682,-1.1628954410552979,-0.15252432227134705,0.3044901490211487,0.06766641139984131,0.0,0.2653424143791199,1.791999340057373,-1.3343042135238647,-0.34199726581573486,0.6684960126876831,0.25909411907196045,0.0,0.0,0.0,0.0,0.0,0.0,0.0,0.05310000106692314,0.0,0.0,0.0,0.0,0.0,0.0,0.04879999905824661
525,17.499999825,-0.06204645335674286,1.7069494724273682,-1.1628954410552979,-0.15252432227134705,0.3044901490211487,0.06766641139984131,0.0,0.2672273516654968,1.7581225633621216,-1.3203939199447632,-0.3320314288139343,0.6949028372764587,0.2545737326145172,0.0,0.0,0.0,0.0,0.0,0.0,0.0,0.05310000106692314,0.0,0.0,0.0,0.0,0.0,0.0,0.0494999997317791
526,17.533333158,-0.06391395628452301,1.6784831285476685,-1.1515507698059082,-0.1626995950937271,0.33910003304481506,0.06089453771710396,0.0,0.2715208828449249,1.7217323780059814,-1.3028359413146973,-0.3188891112804413,0.716509997844696,0.24692918360233307,0.0,0.0,0.0,0.0,0.0,0.0,0.0,0.053199999034404755,0.0,0.0,0.0,0.0,0.0,0.0,0.0494999997317791
527,17.566666491,-0.06627015024423599,1.6573646068572998,-1.133800745010376,-0.17575465142726898,0.3796789348125458,0.05768313258886337,0.0,0.2805616855621338,1.6867036819458008,-1.2735493183135986,-0.29829421639442444,0.7375412583351135,0.22883011400699615,0.0,0.0,0.0,0.0,0.0,0.0,0.0,0.053199999034404755,0.0,0.0,0.0,0.0,0.0,0.0,0.048700001090765
528,17.599999824,-0.06627015024423599,1.6573646068572998,-1.133800745010376,-0.17575465142726898,0.3796789348125458,0.05768313258886337,0.0,0.2805616855621338,1.6867036819458008,-1.2735493183135986,-0.29829421639442444,0.7375412583351135,0.22883011400699615,0.0,0.0,0.0,0.0,0.0,0.0,0.0,0.053199999034404755,0.0,0.0,0.0,0.0,0.0,0.0,0.048700001090765
529,17.633333157,-0.06628760695457458,1.6407666206359863,-1.1121063232421875,-0.19141025841236115,0.41580724716186523,0.05604252219200134,0.0,0.29136526584625244,1.65315842628479,-1.2403706312179565,-0.27258551120758057,0.74317866563797,0.21162116527557373,0.0,0.0,0.0,0.0,0.0,0.0,0.0,0.053199999034404755,0.0,0.0,0.0,0.0,0.0,0.0,0.04820000007748604
530,17.66666649,-0.06817255914211273,1.623679757118225,-1.087619423866272,-0.207345113158226,0.44341835379600525,0.05407030135393143,0.0,0.309359610080719,1.6201542615890503,-1.2009785175323486,-0.24026203155517578,0.7381346225738525,0.18875735998153687,0.0,0.0,0.0,0.0,0.0,0.0,0.0,0.053199999034404755,0.0,0.0,0.0,0.0,0.0,0.0,0.04749999940395355
531,17.699999823,-0.06817255914211273,1.623679757118225,-1.087619423866272,-0.207345113158226,0.44341835379600525,0.05407030135393143,0.0,0.309359610080719,1.6201542615890503,-1.2009785175323486,-0.24026203155517578,0.7381346225738525,0.18875735998153687,0.0,0.0,0.0,0.0,0.0,0.0,0.0,0.053199999034404755,0.0,0.0,0.0,0.0,0.0,0.0,0.04749999940395355
532,17.733333156,-0.07002261281013489,1.6114450693130493,-1.0613521337509155,-0.21957987546920776,0.46239006519317627,0.054017938673496246,0.0,0.33187437057495117,1.5892095565795898,-1.1603472232818604,-0.20355774462223053,0.7256904244422913,0.16746434569358826,0.0,0.0,0.0,0.0,0.0,0.0,0.0,0.05299999937415123,0.0,0.0,0.0,0.0,0.0,0.0,0.0471000000834465
533,17.766666489,-0.07002261281013489,1.6089143753051758,-1.0338807106018066,-0.23350760340690613,0.4709596335887909,0.054017938673496246,0.0,0.35959017276763916,1.5656650066375732,-1.1140785217285156,-0.17465509474277496,0.7148345112800598,0.14927801489830017,0.0,0.0,0.0,0.0,0.0,0.0,0.0,0.05310000106692314,0.0,0.0,0.0,0.0,0.0,0.0,0.04670000076293945
534,17.799999822,-0.07002261281013489,1.6089143753051758,-1.0338807106018066,-0.23350760340690613,0.4709596335887909,0.054017938673496246,0.0,0.35959017276763916,1.5656650066375732,-1.1140785217285156,-0.17465509474277496,0.7148345112800598,0.14927801489830017,0.0,0.0,0.0,0.0,0.0,0.0,0.0,0.05310000106692314,0.0,0.0,0.0,0.0,0.0,0.0,0.04670000076293945
535,17.833333155,-0.07002261281013489,1.6089143753051758,-1.0053969621658325,-0.23609068989753723,0.46537458896636963,0.05604252219200134,0.0,0.39276888966560364,1.5558563470840454,-1.0695900917053223,-0.15193091332912445,0.7099650502204895,0.1399753987789154,0.0,0.0,0.0,0.0,0.0,0.0,0.0,0.05310000106692314,0.0,0.0,0.0,0.0,0.0,0.0,0.04639999940991402
536,17.866666488,-0.07002261281013489,1.6154942512512207,-0.9889209866523743,-0.23609068989753723,0.44636794924736023,0.05792747810482979,0.0,0.4211130440235138,1.5576540231704712,-1.0215237140655518,-0.14268065989017487,0.697503387928009,0.14480996131896973,0.0,0.0,0.0,0.0,0.0,0.0,0.0,0.05310000106692314,0.0,0.0,0.0,0.0,0.0,0.0,0.04600000008940697
537,17.899999821,-0.07002261281013489,1.6154942512512207,-0.9889209866523743,-0.23609068989753723,0.44636794924736023,0.05792747810482979,0.0,0.4211130440235138,1.5576540231704712,-1.0215237140655518,-0.14268065989017487,0.697503387928009,0.14480996131896973,0.0,0.0,0.0,0.0,0.0,0.0,0.0,0.05310000106692314,0.0,0.0,0.0,0.0,0.0,0.0,0.04600000008940697
538,17.933333154,-0.0720122829079628,1.6251808404922485,-0.9818175435066223,-0.23609068989753723,0.42408010363578796,0.06054547056555748,0.0,0.44566982984542847,1.5708311796188354,-0.9861459136009216,-0.14268065989017487,0.6822317242622375,0.15936601161956787,0.0,0.0,0.0,0.0,0.0,0.0,0.0,0.05310000106692314,0.0,0.0,0.0,0.0,0.0,0.0,0.045499999076128006
539,17.966666487,-0.0720122829079628,1.632930040359497,-0.9867044687271118,-0.2290046513080597,0.41238638758659363,0.06258750706911087,0.0,0.46270424127578735,1.5972903966903687,-0.9606466889381409,-0.15421728789806366,0.6603802442550659,0.1736428141593933,0.0,0.0,0.0,0.0,0.0,0.0,0.0,0.052799999713897705,0.0,0.0,0.0,0.0,0.0,0.0,0.04490000009536743
540,17.99999982,-0.0720122829079628,1.632930040359497,-0.9867044687271118,-0.2290046513080597,0.41238638758659363,0.06258750706911087,0.0,0.46270424127578735,1.5972903966903687,-0.9606466889381409,-0.15421728789806366,0.6603802442550659,0.1736428141593933,0.0,0.0,0.0,0.0,0.0,0.0,0.0,0.052799999713897705,0.0,0.0,0.0,0.0,0.0,0.0,0.04490000009536743
541,18.033333153,-0.0720122829079628,1.6377122402191162,-1.0000910758972168,-0.2260899543762207,0.40418335795402527,0.06400122493505478,0.0,0.470628023147583,1.6339423656463623,-0.9456892013549805,-0.16067500412464142,0.6421240568161011,0.18678513169288635,0.0,0.0,0.0,0.0,0.0,0.0,0.0,0.052799999713897705,0.0,0.0,0.0,0.0,0.0,0.0,0.04439999908208847
542,18.066666486,-0.0720122829079628,1.6438907384872437,-1.0120465755462646,-0.22327996790409088,0.408511757850647,0.06400122493505478,0.0,0.46792277693748474,1.670960783958435,-0.9437344074249268,-0.16025613248348236,0.6230476498603821,0.19737929105758667,0.0,0.0,0.0,0.0,0.0,0.0,0.0,0.05270000174641609,0.0,0.0,0.0,0.0,0.0,0.0,0.043699998408555984
543,18.099999819,-0.0720122829079628,1.6438907384872437,-1.0120465755462646,-0.22327996790409088,0.408511757850647,0.06400122493505478,0.0,0.46792277693748474,1.670960783958435,-0.9437344074249268,-0.16025613248348236,0.6230476498603821,0.19737929105758667,0.0,0.0,0.0,0.0,0.0,0.0,0.0,0.05270000174641609,0.0,0.0,0.0,0.0,0.0,0.0,0.043699998408555984
544,18.133333152,-0.0720122829079628,1.6512211561203003,-1.0238624811172485,-0.22076669335365295,0.41462042927742004,0.06400122493505478,0.0,0.4603305757045746,1.7047678232192993,-0.95284503698349,-0.16025613248348236,0.6074618697166443,0.20436060428619385,0.0,0.0,0.0,0.0,0.0,0.0,0.0,0.05249999836087227,0.0,0.0,0.0,0.0,0.0,0.0,0.04320000112056732
545,18.166666485,-0.07361798733472824,1.6579580307006836,-1.0377029180526733,-0.21821852028369904,0.4161562919616699,0.061854470521211624,0.0,0.44813072681427,1.7451024055480957,-0.9736493825912476,-0.15402530133724213,0.5931326746940613,0.20436060428619385,0.0,0.0,0.0,0.0,0.0,0.0,0.0,0.052400000393390656,0.0,0.0,0.0,0.0,0.0,0.0,0.042399998754262924
546,18.199999818,-0.07361798733472824,1.6579580307006836,-1.0377029180526733,-0.21821852028369904,0.4161562919616699,0.061854470521211624,0.0,0.44813072681427,1.7451024055480957,-0.9736493825912476,-0.15402530133724213,0.5931326746940613,0.20436060428619385,0.0,0.0,0.0,0.0,0.0,0.0,0.0,0.052400000393390656,0.0,0.0,0.0,0.0,0.0,0.0,0.042399998754262924
547,18.233333151,-0.07361798733472824,1.6632463932037354,-1.0519622564315796,-0.21821852028369904,0.41599923372268677,0.0604931116104126,0.0,0.4432612657546997,1.7762564420700073,-0.9985028505325317,-0.14503686130046844,0.5788558721542358,0.20661208033561707,0.0,0.0,0.0,0.0,0.0,0.0,0.0,0.05249999836087227,0.0,0.0,0.0,0.0,0.0,0.0,0.04149999842047691
548,18.266666484,-0.07361798733472824,1.674346685409546,-1.0632895231246948,-0.2166128158569336,0.42177626490592957,0.05726425349712372,0.0,0.4432612657546997,1.7762564420700073,-0.9985028505325317,-0.14503686130046844,0.5788558721542358,0.20661208033561707,0.0,0.0,0.0,0.0,0.0,0.0,0.0,0.05249999836087227,0.0,0.0,0.0,0.0,0.0,0.0,0.04149999842047691
549,18.299999817,-0.07361798733472824,1.674346685409546,-1.0632895231246948,-0.2166128158569336,0.42177626490592957,0.05726425349712372,0.0,0.4326322078704834,1.810342788696289,-1.0172652006149292,-0.1347917765378952,0.5705830454826355,0.20661208033561707,0.0,0.0,0.0,0.0,0.0,0.0,0.0,0.05249999836087227,0.0,0.0,0.0,0.0,0.0,0.0,0.040300000458955765
550,18.33333315,-0.07361798733472824,1.6822530031204224,-1.072853922843933,-0.2166128158569336,0.42015311121940613,0.054628804326057434,0.0,0.42531928420066833,1.838739275932312,-1.031786322593689,-0.12449433654546738,0.5666211247444153,0.20661208033561707,0.0,0.0,0.0,0.0,0.0,0.0,0.0,0.052299998700618744,0.0,0.0,0.0,0.0,0.0,0.0,0.03830000013113022
551,18.366666483,-0.07361798733472824,1.6914509534835815,-1.0820692777633667,-0.2166128158569336,0.4228583574295044,0.05195845291018486,0.0,0.42531928420066833,1.838739275932312,-1.031786322593689,-0.12449433654546738,0.5666211247444153,0.20661208033561707,0.0,0.0,0.0,0.0,0.0,0.0,0.0,0.05220000073313713,0.0,0.0,0.0,0.0,0.0,0.0,0.03830000013113022
552,18.399999816,-0.07361798733472824,1.6914509534835815,-1.0820692777633667,-0.2166128158569336,0.4228583574295044,0.05195845291018486,0.0,0.4169940650463104,1.8608176708221436,-1.046481966972351,-0.11014772951602936,0.5593430995941162,0.20025907456874847,0.0,0.0,0.0,0.0,0.0,0.0,0.0,0.05220000073313713,0.0,0.0,0.0,0.0,0.0,0.0,0.03689999878406525
553,18.433333149,-0.07361798733472824,1.6992350816726685,-1.0858914852142334,-0.2191959023475647,0.42294564843177795,0.052464596927165985,0.0,0.4144633412361145,1.8787596225738525,-1.0561859607696533,-0.09430013597011566,0.5592907667160034,0.19333012402057648,0.0,0.0,0.0,0.0,0.0,0.0,0.0,0.05209999904036522,0.0,0.0,0.0,0.0,0.0,0.0,0.03590000048279762
554,18.466666482,-0.07361798733472824,1.7106496095657349,-1.0858914852142334,-0.2214648276567459,0.42294564843177795,0.052464596927165985,0.0,0.4144633412361145,1.8787596225738525,-1.0561859607696533,-0.09430013597011566,0.5592907667160034,0.19333012402057648,0.0,0.0,0.0,0.0,0.0,0.0,0.0,0.05209999904036522,0.0,0.0,0.0,0.0,0.0,0.0,0.03590000048279762
555,18.499999815,-0.07361798733472824,1.7106496095657349,-1.0858914852142334,-0.2214648276567459,0.42294564843177795,0.052464596927165985,0.0,0.4127005636692047,1.8948341608047485,-1.0639177560806274,-0.07742280513048172,0.5609837174415588,0.18627898395061493,0.0,0.0,0.0,0.0,0.0,0.0,0.0,0.05209999904036522,0.0,0.0,0.0,0.0,0.0,0.0,0.03550000116229057
556,18.533333148,-0.07361798733472824,1.7176657915115356,-1.0858914852142334,-0.2214648276567459,0.42556363344192505,0.0495324432849884,0.0,0.4127005636692047,1.9072259664535522,-1.0712831020355225,-0.06325073540210724,0.5624498128890991,0.17968164384365082,0.0,0.0,0.0,0.0,0.0,0.0,0.0,0.05209999904036522,0.0,0.0,0.0,0.0,0.0,0.0,0.03539999946951866
557,18.566666481,-0.07361798733472824,1.72482168674469,-1.0878288745880127,-0.22547908127307892,0.4234692454338074,0.0495324432849884,0.0,0.4127005636692047,1.9072259664535522,-1.0712831020355225,-0.06325073540210724,0.5624498128890991,0.17968164384365082,0.0,0.0,0.0,0.0,0.0,0.0,0.0,0.05209999904036522,0.0,0.0,0.0,0.0,0.0,0.0,0.03539999946951866
558,18.599999814,-0.07361798733472824,1.72482168674469,-1.0878288745880127,-0.22547908127307892,0.4234692454338074,0.0495324432849884,0.0,0.4127005636692047,1.9192687273025513,-1.076763391494751,-0.05345943570137024,0.5593780279159546,0.16947147250175476,0.0,0.0,0.0,0.0,0.0,0.0,0.0,0.05209999904036522,0.0,0.0,0.0,0.0,0.0,0.0,0.03539999946951866
559,18.633333147,-0.07361798733472824,1.7289056777954102,-1.0878288745880127,-0.22547908127307892,0.4254938066005707,0.0495324432849884,0.0,0.4127005636692047,1.9301421642303467,-1.080114483833313,-0.04970697686076164,0.5652074217796326,0.16975072026252747,0.0,0.0,0.0,0.0,0.0,0.0,0.0,0.05209999904036522,0.0,0.0,0.0,0.0,0.0,0.0,0.03550000116229057
560,18.66666648,-0.07361798733472824,1.733356237411499,-1.0878288745880127,-0.23026128113269806,0.4254938066005707,0.0495324432849884,0.0,0.4127005636692047,1.9301421642303467,-1.080114483833313,-0.04970697686076164,0.5652074217796326,0.16975072026252747,0.0,0.0,0.0,0.0,0.0,0.0,0.0,0.05209999904036522,0.0,0.0,0.0,0.0,0.0,0.0,0.03550000116229057
561,18.699999813,-0.07361798733472824,1.733356237411499,-1.0878288745880127,-0.23026128113269806,0.4254938066005707,0.0495324432849884,0.0,0.414725124835968,1.938205599784851,-1.084512710571289,-0.04970697686076164,0.5652074217796326,0.1679181307554245,0.0,0.0,0.0,0.0,0.0,0.0,0.0,0.05209999904036522,0.0,0.0,0.0,0.0,0.0,0.0,0.03550000116229057
562,18.733333146,-0.07361798733472824,1.7359743118286133,-1.0857868194580078,-0.23230332136154175,0.4254938066005707,0.0495324432849884,0.0,0.414725124835968,1.9435288906097412,-1.084512710571289,-0.04878195375204086,0.5652074217796326,0.1679181307554245,0.0,0.0,0.0,0.0,0.0,0.0,0.0,0.05180000141263008,0.0,0.0,0.0,0.0,0.0,0.0,0.03449999913573265
563,18.766666479,-0.07168067246675491,1.7359743118286133,-1.0813710689544678,-0.23411846160888672,0.4254938066005707,0.05167919769883156,0.0,0.414725124835968,1.9435288906097412,-1.084512710571289,-0.04878195375204086,0.5652074217796326,0.1679181307554245,0.0,0.0,0.0,0.0,0.0,0.0,0.0,0.05169999971985817,0.0,0.0,0.0,0.0,0.0,0.0,0.03449999913573265
564,18.799999812,-0.07168067246675491,1.7359743118286133,-1.0813710689544678,-0.23411846160888672,0.4254938066005707,0.05167919769883156,0.0,0.4161388576030731,1.945169448852539,-1.084512710571289,-0.04487241432070732,0.5652074217796326,0.1679181307554245,0.0,0.0,0.0,0.0,0.0,0.0,0.0,0.05169999971985817,0.0,0.0,0.0,0.0,0.0,0.0,0.03240000084042549
565,18.833333145,-0.07168067246675491,1.7341241836547852,-1.0796083211898804,-0.2359161525964737,0.42352160811424255,0.05167919769883156,0.0,0.4161388576030731,1.9476652145385742,-1.0802714824676514,-0.04485496133565903,0.5652074217796326,0.1679181307554245,0.0,0.0,0.0,0.0,0.0,0.0,0.0,0.05169999971985817,0.0,0.0,0.0,0.0,0.0,0.0,0.02800000086426735
566,18.866666478,-0.07168067246675491,1.7341241836547852,-1.0772346258163452,-0.2359161525964737,0.42090359330177307,0.054105207324028015,0.0,0.4161388576030731,1.9476652145385742,-1.0802714824676514,-0.04485496133565903,0.5652074217796326,0.1679181307554245,0.0,0.0,0.0,0.0,0.0,0.0,0.0,0.05169999971985817,0.0,0.0,0.0,0.0,0.0,0.0,0.02800000086426735
567,18.899999811,-0.07168067246675491,1.7341241836547852,-1.0772346258163452,-0.2359161525964737,0.42090359330177307,0.054105207324028015,0.0,0.41858232021331787,1.9476652145385742,-1.0761176347732544,-0.04485496133565903,0.5610884428024292,0.16978563368320465,0.0,0.0,0.0,0.0,0.0,0.0,0.0,0.05169999971985817,0.0,0.0,0.0,0.0,0.0,0.0,0.020400000736117363
568,18.933333144,-0.07168067246675491,1.7341241836547852,-1.0750705003738403,-0.233856663107872,0.4205545485019684,0.054105207324028015,0.0,0.420449823141098,1.9496723413467407,-1.0723302364349365,-0.04485496133565903,0.56107097864151,0.16978563368320465,0.0,0.0,0.0,0.0,0.0,0.0,0.0,0.05169999971985817,0.0,0.0,0.0,0.0,0.0,0.0,0.012000000104308128
569,18.966666477,-0.07168067246675491,1.7360440492630005,-1.0714576244354248,-0.233856663107872,0.41263073682785034,0.05572836473584175,0.0,0.420449823141098,1.9496723413467407,-1.0723302364349365,-0.04485496133565903,0.56107097864151,0.16978563368320465,0.0,0.0,0.0,0.0,0.0,0.0,0.0,0.05169999971985817,0.0,0.0,0.0,0.0,0.0,0.0,0.012000000104308128
570,18.99999981,-0.07168067246675491,1.7360440492630005,-1.0714576244354248,-0.233856663107872,0.41263073682785034,0.05572836473584175,0.0,0.4222823977470398,1.9450647830963135,-1.0686825513839722,-0.05000368133187294,0.56107097864151,0.16978563368320465,0.0,0.0,0.0,0.0,0.0,0.0,0.0,0.05169999971985817,0.0,0.0,0.0,0.0,0.0,0.0,0.006500000134110451
571,19.033333143,-0.07168067246675491,1.740337610244751,-1.0714576244354248,-0.233856663107872,0.4136430323123932,0.05572836473584175,0.0,0.4222823977470398,1.9350814819335938,-1.0664485692977905,-0.0555887371301651,0.56107097864151,0.16978563368320465,0.0,0.0,0.0,0.0,0.0,0.0,0.0,0.05169999971985817,0.0,0.0,0.0,0.0,0.0,0.0,0.0032999999821186066
572,19.066666476,-0.07168067246675491,1.740337610244751,-1.0714576244354248,-0.233856663107872,0.4136430323123932,0.05572836473584175,0.0,0.4222823977470398,1.9350814819335938,-1.0664485692977905,-0.0555887371301651,0.56107097864151,0.16978563368320465,0.0,0.0,0.0,0.0,0.0,0.0,0.0,0.05169999971985817,0.0,0.0,0.0,0.0,0.0,0.0,0.0032999999821186066
573,19.099999809,-0.07168067246675491,1.7477203607559204,-1.0690665245056152,-0.233856663107872,0.4050036668777466,0.05572836473584175,0.0,0.4222823977470398,1.9195829629898071,-1.0640923976898193,-0.06693337857723236,0.5717698335647583,0.16781340539455414,0.0,0.0,0.0,0.0,0.0,0.0,0.0,0.05169999971985817,0.0,0.0,0.0,0.0,0.0,0.0,0.0017000000225380063
574,19.133333142,-0.07168067246675491,1.7548587322235107,-1.0690665245056152,-0.233856663107872,0.39788269996643066,0.053878314793109894,0.0,0.4222823977470398,1.8992847204208374,-1.062172532081604,-0.07539822161197662,0.5786988139152527,0.16540485620498657,0.0,0.0,0.0,0.0,0.0,0.0,0.0,0.05169999971985817,0.0,0.0,0.0,0.0,0.0,0.0,0.001500000013038516
575,19.166666475,-0.07168067246675491,1.7548587322235107,-1.0690665245056152,-0.233856663107872,0.39788269996643066,0.053878314793109894,0.0,0.4222823977470398,1.8992847204208374,-1.062172532081604,-0.07539822161197662,0.5786988139152527,0.16540485620498657,0.0,0.0,0.0,0.0,0.0,0.0,0.0,0.05169999971985817,0.0,0.0,0.0,0.0,0.0,0.0,0.001500000013038516
576,19.199999808,-0.06984807550907135,1.7657670974731445,-1.0669022798538208,-0.23832471668720245,0.38728857040405273,0.053878314793109894,0.0,0.4222823977470398,1.8701376914978027,-1.0645111799240112,-0.08717919886112213,0.5786988139152527,0.16353735327720642,0.0,0.0,0.0,0.0,0.0,0.0,0.0,0.051899999380111694,0.0,0.0,0.0,0.0,0.0,0.0,0.0013000000035390258
577,19.233333141,-0.06984807550907135,1.7769546508789062,-1.0688221454620361,-0.2410997897386551,0.37336084246635437,0.053878314793109894,0.0,0.42441171407699585,1.839035987854004,-1.0645111799240112,-0.09344492852687836,0.580618679523468,0.15980234742164612,0.0,0.0,0.0,0.0,0.0,0.0,0.0,0.05220000073313713,0.0,0.0,0.0,0.0,0.0,0.0,0.0012000000569969416
578,19.266666474,-0.06984807550907135,1.7769546508789062,-1.0688221454620361,-0.2410997897386551,0.37336084246635437,0.053878314793109894,0.0,0.42441171407699585,1.839035987854004,-1.0645111799240112,-0.09344492852687836,0.580618679523468,0.15980234742164612,0.0,0.0,0.0,0.0,0.0,0.0,0.0,0.05220000073313713,0.0,0.0,0.0,0.0,0.0,0.0,0.0012000000569969416
579,19.299999807,-0.06984807550907135,1.794128656387329,-1.075559139251709,-0.24874432384967804,0.3548254370689392,0.05256931856274605,0.0,0.42441171407699585,1.8091036081314087,-1.0689269304275513,-0.09813986718654633,0.585383415222168,0.1573065221309662,0.0,0.0,0.0,0.0,0.0,0.0,0.0,0.05260000005364418,0.0,0.0,0.0,0.0,0.0,0.0,0.0013000000035390258
580,19.33333314,-0.06984807550907135,1.81327486038208,-1.0926110744476318,-0.2539803087711334,0.34231141209602356,0.05256931856274605,0.0,0.42212533950805664,1.7748078107833862,-1.0689269304275513,-0.10199704021215439,0.5900783538818359,0.152105450630188,0.0,0.0,0.0,0.0,0.0,0.0,0.0,0.052799999713897705,0.0,0.0,0.0,0.0,0.0,0.0,0.0013000000035390258
581,19.366666473,-0.06984807550907135,1.81327486038208,-1.0926110744476318,-0.2539803087711334,0.34231141209602356,0.05256931856274605,0.0,0.42212533950805664,1.7748078107833862,-1.0689269304275513,-0.10199704021215439,0.5900783538818359,0.152105450630188,0.0,0.0,0.0,0.0,0.0,0.0,0.0,0.052799999713897705,0.0,0.0,0.0,0.0,0.0,0.0,0.0013000000035390258
582,19.399999806,-0.06984807550907135,1.8367670774459839,-1.1132233142852783,-0.25902432203292847,0.32876765727996826,0.05021312087774277,0.0,0.42212533950805664,1.7498846054077148,-1.0751053094863892,-0.10199704021215439,0.5944417119026184,0.14966198801994324,0.0,0.0,0.0,0.0,0.0,0.0,0.0,0.05299999937415123,0.0,0.0,0.0,0.0,0.0,0.0,0.0013000000035390258
583,19.433333139,-0.06984807550907135,1.8682876825332642,-1.1391938924789429,-0.2641381323337555,0.32297319173812866,0.05244714394211769,0.0,0.4202578365802765,1.737370491027832,-1.0777407884597778,-0.09922196716070175,0.5944417119026184,0.14730578660964966,0.0,0.0,0.0,0.0,0.0,0.0,0.0,0.053199999034404755,0.0,0.0,0.0,0.0,0.0,0.0,0.0013000000035390258
584,19.466666472,-0.06984807550907135,1.8682876825332642,-1.1391938924789429,-0.2641381323337555,0.32297319173812866,0.05244714394211769,0.0,0.4202578365802765,1.737370491027832,-1.0777407884597778,-0.09922196716070175,0.5944417119026184,0.14730578660964966,0.0,0.0,0.0,0.0,0.0,0.0,0.0,0.053199999034404755,0.0,0.0,0.0,0.0,0.0,0.0,0.0013000000035390258
585,19.499999805,-0.07332128286361694,1.9010475873947144,-1.176002860069275,-0.2709449231624603,0.32335716485977173,0.05244714394211769,0.0,0.4182157814502716,1.7359219789505005,-1.0800795555114746,-0.09482374042272568,0.5992587804794312,0.1448972374200821,0.0,0.0,0.0,0.0,0.0,0.0,0.0,0.053300000727176666,0.0,0.0,0.0,0.0,0.0,0.0,0.0013000000035390258
586,19.533333138,-0.07883652299642563,1.9365824460983276,-1.2115726470947266,-0.27548277378082275,0.32997193932533264,0.05553637817502022,0.0,0.4170638918876648,1.7466033697128296,-1.0801494121551514,-0.09133307635784149,0.5993111729621887,0.14348351955413818,0.0,0.0,0.0,0.0,0.0,0.0,0.0,0.053300000727176666,0.0,0.0,0.0,0.0,0.0,0.0,0.0013000000035390258
587,19.566666471,-0.07883652299642563,1.9365824460983276,-1.2115726470947266,-0.27548277378082275,0.32997193932533264,0.05553637817502022,0.0,0.4170638918876648,1.7466033697128296,-1.0801494121551514,-0.09133307635784149,0.5993111729621887,0.14348351955413818,0.0,0.0,0.0,0.0,0.0,0.0,0.0,0.053300000727176666,0.0,0.0,0.0,0.0,0.0,0.0,0.0013000000035390258
588,19.599999804,-0.08342673629522324,1.9740720987319946,-1.2495335340499878,-0.28270843625068665,0.3383844494819641,0.0584685280919075,0.0,0.4170638918876648,1.7599899768829346,-1.0816328525543213,-0.08960520476102829,0.5993111729621887,0.14280283451080322,0.0,0.0,0.0,0.0,0.0,0.0,0.0,0.05350000038743019,0.0,0.0,0.0,0.0,0.0,0.0,0.0013000000035390258
589,19.633333137,-0.08911651372909546,2.0121726989746094,-1.2861855030059814,-0.28497734665870667,0.35185837745666504,0.060702551156282425,0.0,0.4158421456813812,1.7698686122894287,-1.0816328525543213,-0.0884183794260025,0.6015975475311279,0.14077825844287872,0.0,0.0,0.0,0.0,0.0,0.0,0.0,0.053700000047683716,0.0,0.0,0.0,0.0,0.0,0.0,0.0013000000035390258
590,19.66666647,-0.08911651372909546,2.0121726989746094,-1.2861855030059814,-0.28497734665870667,0.35185837745666504,0.060702551156282425,0.0,0.4158421456813812,1.7698686122894287,-1.0816328525543213,-0.0884183794260025,0.6015975475311279,0.14077825844287872,0.0,0.0,0.0,0.0,0.0,0.0,0.0,0.053700000047683716,0.0,0.0,0.0,0.0,0.0,0.0,0.0013000000035390258
591,19.699999803,-0.09257226437330246,2.0506222248077393,-1.3202892541885376,-0.28502970933914185,0.3648436367511749,0.06483898311853409,0.0,0.4158421456813812,1.7821033000946045,-1.0841984748840332,-0.08534660190343857,0.59690260887146,0.14077825844287872,0.0,0.0,0.0,0.0,0.0,0.0,0.0,0.053599998354911804,0.0,0.0,0.0,0.0,0.0,0.0,0.0013000000035390258
592,19.733333136,-0.09555677324533463,2.0885655879974365,-1.3474465608596802,-0.2903180718421936,0.37552502751350403,0.06658431142568588,0.0,0.4158421456813812,1.7898350954055786,-1.081563115119934,-0.08332201838493347,0.5978276133537292,0.13859659433364868,0.0,0.0,0.0,0.0,0.0,0.0,0.0,0.053599998354911804,0.0,0.0,0.0,0.0,0.0,0.0,0.0013000000035390258
593,19.766666469,-0.09555677324533463,2.0885655879974365,-1.3474465608596802,-0.2903180718421936,0.37552502751350403,0.06658431142568588,0.0,0.4158421456813812,1.7898350954055786,-1.081563115119934,-0.08332201838493347,0.5978276133537292,0.13859659433364868,0.0,0.0,0.0,0.0,0.0,0.0,0.0,0.053599998354911804,0.0,0.0,0.0,0.0,0.0,0.0,0.0013000000035390258
594,19.799999802,-0.09716247767210007,2.115635871887207,-1.3685650825500488,-0.29248228669166565,0.3833266496658325,0.06658431142568588,0.0,0.4158421456813812,1.7939367294311523,-1.081563115119934,-0.08332201838493347,0.5978276133537292,0.13859659433364868,0.0,0.0,0.0,0.0,0.0,0.0,0.0,0.05290000140666962,0.0,0.0,0.0,0.0,0.0,0.0,0.0013000000035390258
595,19.833333135,-0.09716247767210007,2.134014129638672,-1.3737660646438599,-0.29248228669166565,0.3830125033855438,0.06904522329568863,0.0,0.4158421456813812,1.7939367294311523,-1.081563115119934,-0.08332201838493347,0.5924694538116455,0.13859659433364868,0.0,0.0,0.0,0.0,0.0,0.0,0.0,0.051600001752376556,0.0,0.0,0.0,0.0,0.0,0.0,0.0013000000035390258
596,19.866666468,-0.09716247767210007,2.134014129638672,-1.3737660646438599,-0.29248228669166565,0.3830125033855438,0.06904522329568863,0.0,0.4158421456813812,1.7939367294311523,-1.081563115119934,-0.08332201838493347,0.5924694538116455,0.13859659433364868,0.0,0.0,0.0,0.0,0.0,0.0,0.0,0.051600001752376556,0.0,0.0,0.0,0.0,0.0,0.0,0.0013000000035390258
597,19.899999801,-0.09716247767210007,2.1455156803131104,-1.3759652376174927,-0.2954842448234558,0.38320448994636536,0.07007496803998947,0.0,0.4158421456813812,1.7979509830474854,-1.0796083211898804,-0.08332201838493347,0.5907241106033325,0.13648474216461182,0.0,0.0,0.0,0.0,0.0,0.0,0.0,0.0478999987244606,0.0,0.0,0.0,0.0,0.0,0.0,0.0013000000035390258
598,19.933333134,-0.09716247767210007,2.1529858112335205,-1.3719509840011597,-0.2954842448234558,0.3810577392578125,0.06993534415960312,0.0,0.4158421456813812,1.7993297576904297,-1.0800795555114746,-0.08032005280256271,0.5929058194160461,0.13648474216461182,0.0,0.0,0.0,0.0,0.0,0.0,0.0,0.042899999767541885,0.0,0.0,0.0,0.0,0.0,0.0,0.0013000000035390258
599,19.966666467,-0.09716247767210007,2.1529858112335205,-1.3719509840011597,-0.2954842448234558,0.3810577392578125,0.06993534415960312,0.0,0.4158421456813812,1.7993297576904297,-1.0800795555114746,-0.08032005280256271,0.5929058194160461,0.13648474216461182,0.0,0.0,0.0,0.0,0.0,0.0,0.0,0.042899999767541885,0.0,0.0,0.0,0.0,0.0,0.0,0.0013000000035390258
600,19.9999998,-0.09716247767210007,2.154853343963623,-1.3698740005493164,-0.2954842448234558,0.3810577392578125,0.06993534415960312,0.0,0.4158421456813812,1.8019652366638184,-1.0800795555114746,-0.08032005280256271,0.5891009569168091,0.13648474216461182,0.0,0.0,0.0,0.0,0.0,0.0,0.0,0.03579999879002571,0.0,0.0,0.0,0.0,0.0,0.0,0.0013000000035390258
601,20.033333133,-0.09716247767210007,2.154853343963623,-1.367186188697815,-0.29743900895118713,0.3810577392578125,0.06993534415960312,0.0,0.4158421456813812,1.8019652366638184,-1.0792243480682373,-0.08032005280256271,0.5880363583564758,0.13648474216461182,0.0,0.0,0.0,0.0,0.0,0.0,0.0,0.028999999165534973,0.0,0.0,0.0,0.0,0.0,0.0,0.0013000000035390258
602,20.066666466,-0.09716247767210007,2.154853343963623,-1.367186188697815,-0.29743900895118713,0.3810577392578125,0.06993534415960312,0.0,0.4158421456813812,1.8019652366638184,-1.0792243480682373,-0.08032005280256271,0.5880363583564758,0.13648474216461182,0.0,0.0,0.0,0.0,0.0,0.0,0.0,0.028999999165534973,0.0,0.0,0.0,0.0,0.0,0.0,0.0013000000035390258
603,20.099999799,-0.09508553892374039,2.154853343963623,-1.365458369255066,-0.29743900895118713,0.3833790123462677,0.06993534415960312,0.0,0.41774454712867737,1.8019652366638184,-1.0792243480682373,-0.08241444826126099,0.5897991061210632,0.13648474216461182,0.0,0.0,0.0,0.0,0.0,0.0,0.0,0.020999999716877937,0.0,0.0,0.0,0.0,0.0,0.0,0.0013000000035390258
604,20.133333132,-0.09347983449697495,2.154853343963623,-1.365458369255066,-0.29743900895118713,0.38554322719573975,0.06803293526172638,0.0,0.41774454712867737,1.7997137308120728,-1.0792243480682373,-0.08241444826126099,0.5897991061210632,0.13329079747200012,0.0,0.0,0.0,0.0,0.0,0.0,0.0,0.014399999752640724,0.0,0.0,0.0,0.0,0.0,0.0,0.0013000000035390258
605,20.166666465,-0.09347983449697495,2.154853343963623,-1.365458369255066,-0.29743900895118713,0.38554322719573975,0.06803293526172638,0.0,0.41774454712867737,1.7997137308120728,-1.0792243480682373,-0.08241444826126099,0.5897991061210632,0.13329079747200012,0.0,0.0,0.0,0.0,0.0,0.0,0.0,0.014399999752640724,0.0,0.0,0.0,0.0,0.0,0.0,0.0013000000035390258
606,20.199999798,-0.09286896884441376,2.1522703170776367,-1.365458369255066,-0.29743900895118713,0.39383354783058167,0.06803293526172638,0.0,0.41774454712867737,1.7960485219955444,-1.0792243480682373,-0.08414231985807419,0.591596782207489,0.13128367066383362,0.0,0.0,0.0,0.0,0.0,0.0,0.0,0.008500000461935997,0.0,0.0,0.0,0.0,0.0,0.0,0.0013000000035390258
607,20.233333131,-0.09286896884441376,2.1452364921569824,-1.3676224946975708,-0.29743900895118713,0.4098033010959625,0.06803293526172638,0.0,0.41774454712867737,1.7889275550842285,-1.0792243480682373,-0.08822639286518097,0.591596782207489,0.12772320210933685,0.0,0.0,0.0,0.0,0.0,0.0,0.0,0.004399999976158142,0.0,0.0,0.0,0.0,0.0,0.0,0.0013000000035390258
608,20.266666464,-0.09286896884441376,2.1452364921569824,-1.3676224946975708,-0.29743900895118713,0.4098033010959625,0.06803293526172638,0.0,0.41774454712867737,1.7889275550842285,-1.0792243480682373,-0.08822639286518097,0.591596782207489,0.12772320210933685,0.0,0.0,0.0,0.0,0.0,0.0,0.0,0.004399999976158142,0.0,0.0,0.0,0.0,0.0,0.0,0.0013000000035390258
609,20.299999797,-0.09121090918779373,2.135305643081665,-1.3676224946975708,-0.29743900895118713,0.42378339171409607,0.0700051560997963,0.0,0.41774454712867737,1.7805849313735962,-1.0774266719818115,-0.09499827027320862,0.5994507670402527,0.12772320210933685,0.0,0.0,0.0,0.0,0.0,0.0,0.0,0.0026000000070780516,0.0,0.0,0.0,0.0,0.0,0.0,0.0013000000035390258
610,20.33333313,-0.08897688239812851,2.120732069015503,-1.369455099105835,-0.29743900895118713,0.4431914687156677,0.07248352468013763,0.0,0.41774454712867737,1.7669538259506226,-1.0774266719818115,-0.10215412080287933,0.5975134968757629,0.12548917531967163,0.0,0.0,0.0,0.0,0.0,0.0,0.0,0.0017999999690800905,0.0,0.0,0.0,0.0,0.0,0.0,0.0013000000035390258
611,20.366666463,-0.08897688239812851,2.120732069015503,-1.369455099105835,-0.29743900895118713,0.4431914687156677,0.07248352468013763,0.0,0.41774454712867737,1.7669538259506226,-1.0774266719818115,-0.10215412080287933,0.5975134968757629,0.12548917531967163,0.0,0.0,0.0,0.0,0.0,0.0,0.0,0.0017999999690800905,0.0,0.0,0.0,0.0,0.0,0.0,0.0013000000035390258
612,20.399999796,-0.08897688239812851,2.095442295074463,-1.369455099105835,-0.29743900895118713,0.4524416923522949,0.07457792013883591,0.0,0.41549307107925415,1.750390648841858,-1.0774266719818115,-0.11016517877578735,0.5977927446365356,0.12337732315063477,0.0,0.0,0.0,0.0,0.0,0.0,0.0,0.001500000013038516,0.0,0.0,0.0,0.0,0.0,0.0,0.0013000000035390258
613,20.433333129,-0.08897688239812851,2.064654588699341,-1.3744816780090332,-0.29743900895118713,0.46329763531684875,0.08082620054483414,0.0,0.4116010069847107,1.7264622449874878,-1.0774266719818115,-0.11707668751478195,0.599555492401123,0.11899654567241669,0.0,0.0,0.0,0.0,0.0,0.0,0.0,0.001500000013038516,0.0,0.0,0.0,0.0,0.0,0.0,0.0013000000035390258
614,20.466666462,-0.08897688239812851,2.064654588699341,-1.3744816780090332,-0.29743900895118713,0.46329763531684875,0.08082620054483414,0.0,0.4116010069847107,1.7264622449874878,-1.0774266719818115,-0.11707668751478195,0.599555492401123,0.11899654567241669,0.0,0.0,0.0,0.0,0.0,0.0,0.0,0.001500000013038516,0.0,0.0,0.0,0.0,0.0,0.0,0.0013000000035390258
615,20.499999795,-0.08712683618068695,2.0301671028137207,-1.3767855167388916,-0.29743900895118713,0.47392669320106506,0.08597491681575775,0.0,0.40430551767349243,1.6990605592727661,-1.079433798789978,-0.12709487974643707,0.599555492401123,0.11915362626314163,0.0,0.0,0.0,0.0,0.0,0.0,0.0,0.001500000013038516,0.0,0.0,0.0,0.0,0.0,0.0,0.0013000000035390258
616,20.533333128,-0.08707447350025177,1.985922932624817,-1.378426194190979,-0.29939377307891846,0.4826708137989044,0.09147270768880844,0.0,0.39594539999961853,1.6666672229766846,-1.079433798789978,-0.13599605858325958,0.601300835609436,0.1140747219324112,0.0,0.0,0.0,0.0,0.0,0.0,0.0,0.001500000013038516,0.0,0.0,0.0,0.0,0.0,0.0,0.0013000000035390258
617,20.566666461,-0.08707447350025177,1.985922932624817,-1.378426194190979,-0.29939377307891846,0.4826708137989044,0.09147270768880844,0.0,0.39594539999961853,1.6666672229766846,-1.079433798789978,-0.13599605858325958,0.601300835609436,0.1140747219324112,0.0,0.0,0.0,0.0,0.0,0.0,0.0,0.001500000013038516,0.0,0.0,0.0,0.0,0.0,0.0,0.0013000000035390258
618,20.599999794,-0.08707447350025177,1.9395843744277954,-1.3803808689117432,-0.29939377307891846,0.49043750762939453,0.09672614932060242,0.0,0.3833266496658325,1.6287761926651,-1.0836749076843262,-0.14355333149433136,0.6070778965950012,0.11229448765516281,0.0,0.0,0.0,0.0,0.0,0.0,0.0,0.001500000013038516,0.0,0.0,0.0,0.0,0.0,0.0,0.0013000000035390258
619,20.633333127,-0.08707447350025177,1.8892666101455688,-1.3807474374771118,-0.29939377307891846,0.4885525703430176,0.10468485206365585,0.0,0.37198203802108765,1.5869580507278442,-1.0880731344223022,-0.15278612077236176,0.6091548204421997,0.11021754145622253,0.0,0.0,0.0,0.0,0.0,0.0,0.0,0.001500000013038516,0.0,0.0,0.0,0.0,0.0,0.0,0.0013000000035390258
620,20.66666646,-0.08707447350025177,1.8892666101455688,-1.3807474374771118,-0.29939377307891846,0.4885525703430176,0.10468485206365585,0.0,0.37198203802108765,1.5869580507278442,-1.0880731344223022,-0.15278612077236176,0.6091548204421997,0.11021754145622253,0.0,0.0,0.0,0.0,0.0,0.0,0.0,0.001500000013038516,0.0,0.0,0.0,0.0,0.0,0.0,0.0013000000035390258
621,20.699999793,-0.08707447350025177,1.8364180326461792,-1.3807474374771118,-0.3012089133262634,0.49267154932022095,0.110008105635643,0.0,0.35838592052459717,1.5407941341400146,-1.1003602743148804,-0.1578650325536728,0.6112666726112366,0.10852457582950592,0.0,0.0,0.0,0.0,0.0,0.0,0.0,0.001500000013038516,0.0,0.0,0.0,0.0,0.0,0.0,0.0013000000035390258
622,20.733333126,-0.08707447350025177,1.781317949295044,-1.3827545642852783,-0.3012089133262634,0.4976806342601776,0.1146506816148758,0.0,0.3456973731517792,1.485275149345398,-1.1164348125457764,-0.1650557816028595,0.622803270816803,0.10634291172027588,0.0,0.0,0.0,0.0,0.0,0.0,0.0,0.001500000013038516,0.0,0.0,0.0,0.0,0.0,0.0,0.0013000000035390258
623,20.766666459,-0.08707447350025177,1.781317949295044,-1.3827545642852783,-0.3012089133262634,0.4976806342601776,0.1146506816148758,0.0,0.3456973731517792,1.485275149345398,-1.1164348125457764,-0.1650557816028595,0.622803270816803,0.10634291172027588,0.0,0.0,0.0,0.0,0.0,0.0,0.0,0.001500000013038516,0.0,0.0,0.0,0.0,0.0,0.0,0.0013000000035390258
624,20.799999792,-0.08707447350025177,1.7131803035736084,-1.3827545642852783,-0.3012089133262634,0.5024453997612,0.11777481436729431,0.0,0.3315252959728241,1.4333691596984863,-1.137431025505066,-0.1696285456418991,0.6321582794189453,0.10351547598838806,0.0,0.0,0.0,0.0,0.0,0.0,0.0,0.001500000013038516,0.0,0.0,0.0,0.0,0.0,0.0,0.0013000000035390258
625,20.833333125,-0.08707447350025177,1.7131803035736084,-1.3827545642852783,-0.3012089133262634,0.5024453997612,0.11777481436729431,0.0,0.3315252959728241,1.4333691596984863,-1.137431025505066,-0.1696285456418991,0.6321582794189453,0.10351547598838806,0.0,0.0,0.0,0.0,0.0,0.0,0.0,0.001500000013038516,0.0,0.0,0.0,0.0,0.0,0.0,0.0013000000035390258
626,20.866666458,-0.08937831223011017,1.6517271995544434,-1.3827545642852783,-0.3012089133262634,0.506232738494873,0.12044516950845718,0.0,0.3225193917751312,1.3779723644256592,-1.1681838035583496,-0.17439329624176025,0.6513568758964539,0.0973544642329216,0.0,0.0,0.0,0.0,0.0,0.0,0.0,0.001500000013038516,0.0,0.0,0.0,0.0,0.0,0.0,0.0013000000035390258
627,20.899999791,-0.08937831223011017,1.589593529701233,-1.3827545642852783,-0.3012089133262634,0.5164080262184143,0.12295844405889511,0.0,0.31201252341270447,1.3164669275283813,-1.200332760810852,-0.17929767072200775,0.6689497828483582,0.09440486133098602,0.0,0.0,0.0,0.0,0.0,0.0,0.0,0.001500000013038516,0.0,0.0,0.0,0.0,0.0,0.0,0.0013000000035390258
628,20.933333124,-0.08937831223011017,1.589593529701233,-1.3827545642852783,-0.3012089133262634,0.5164080262184143,0.12295844405889511,0.0,0.31201252341270447,1.3164669275283813,-1.200332760810852,-0.17929767072200775,0.6689497828483582,0.09440486133098602,0.0,0.0,0.0,0.0,0.0,0.0,0.0,0.001500000013038516,0.0,0.0,0.0,0.0,0.0,0.0,0.0013000000035390258
629,20.966666457,-0.08937831223011017,1.525819182395935,-1.3847966194152832,-0.3012089133262634,0.5215567350387573,0.12449433654546738,0.0,0.3090977966785431,1.2621523141860962,-1.2392536401748657,-0.18308503925800323,0.6857573390007019,0.08883725851774216,0.0,0.0,0.0,0.0,0.0,0.0,0.0,0.001500000013038516,0.0,0.0,0.0,0.0,0.0,0.0,0.0013000000035390258
630,20.99999979,-0.08937831223011017,1.4597759246826172,-1.3869956731796265,-0.3012089133262634,0.5290791392326355,0.12514010071754456,0.0,0.30630528926849365,1.2113631963729858,-1.274247407913208,-0.18570303916931152,0.7054446339607239,0.08337438106536865,0.0,0.0,0.0,0.0,0.0,0.0,0.0,0.001500000013038516,0.0,0.0,0.0,0.0,0.0,0.0,0.0013000000035390258
631,21.033333123,-0.08937831223011017,1.4597759246826172,-1.3869956731796265,-0.3012089133262634,0.5290791392326355,0.12514010071754456,0.0,0.30630528926849365,1.2113631963729858,-1.274247407913208,-0.18570303916931152,0.7054446339607239,0.08337438106536865,0.0,0.0,0.0,0.0,0.0,0.0,0.0,0.001500000013038516,0.0,0.0,0.0,0.0,0.0,0.0,0.0013000000035390258
632,21.066666456,-0.08937831223011017,1.3941689729690552,-1.3869956731796265,-0.3029716908931732,0.5391496419906616,0.12716469168663025,0.0,0.30630528926849365,1.163279414176941,-1.309852123260498,-0.19134044647216797,0.7250446677207947,0.0809309184551239,0.0,0.0,0.0,0.0,0.0,0.0,0.0,0.001500000013038516,0.0,0.0,0.0,0.0,0.0,0.0,0.0013000000035390258
633,21.099999789,-0.08744099736213684,1.331982970237732,-1.3869956731796265,-0.30483919382095337,0.5452582836151123,0.12716469168663025,0.0,0.3038618266582489,1.1180927753448486,-1.343641757965088,-0.197553813457489,0.741433322429657,0.07675957679748535,0.0,0.0,0.0,0.0,0.0,0.0,0.0,0.001500000013038516,0.0,0.0,0.0,0.0,0.0,0.0,0.0013000000035390258
634,21.133333122,-0.08744099736213684,1.331982970237732,-1.3869956731796265,-0.30483919382095337,0.5452582836151123,0.12716469168663025,0.0,0.3038618266582489,1.1180927753448486,-1.343641757965088,-0.197553813457489,0.741433322429657,0.07675957679748535,0.0,0.0,0.0,0.0,0.0,0.0,0.0,0.001500000013038516,0.0,0.0,0.0,0.0,0.0,0.0,0.0013000000035390258
635,21.166666455,-0.08744099736213684,1.2622919082641602,-1.3892122507095337,-0.30778881907463074,0.5530948638916016,0.12445943057537079,0.0,0.2993239760398865,1.0765539407730103,-1.3744992017745972,-0.20551252365112305,0.7555356025695801,0.0740368664264679,0.0,0.0,0.0,0.0,0.0,0.0,0.0,0.001500000013038516,0.0,0.0,0.0,0.0,0.0,0.0,0.0013000000035390258
636,21.199999788,-0.08744099736213684,1.2050974369049072,-1.3910797834396362,-0.30778881907463074,0.5613328218460083,0.12398818880319595,0.0,0.2944195866584778,1.0304598808288574,-1.403331995010376,-0.2108706831932068,0.7698472738265991,0.06976080685853958,0.0,0.0,0.0,0.0,0.0,0.0,0.0,0.001500000013038516,0.0,0.0,0.0,0.0,0.0,0.0,0.0013000000035390258
637,21.233333121,-0.08744099736213684,1.2050974369049072,-1.3910797834396362,-0.30778881907463074,0.5613328218460083,0.12398818880319595,0.0,0.2944195866584778,1.0304598808288574,-1.403331995010376,-0.2108706831932068,0.7698472738265991,0.06976080685853958,0.0,0.0,0.0,0.0,0.0,0.0,0.0,0.001500000013038516,0.0,0.0,0.0,0.0,0.0,0.0,0.0013000000035390258
638,21.266666454,-0.08744099736213684,1.1499102115631104,-1.3910797834396362,-0.30778881907463074,0.5694834589958191,0.12398818880319595,0.0,0.2931804060935974,0.9915564656257629,-1.4301576614379883,-0.2151118367910385,0.7781550288200378,0.06490879505872726,0.0,0.0,0.0,0.0,0.0,0.0,0.0,0.001500000013038516,0.0,0.0,0.0,0.0,0.0,0.0,0.0013000000035390258
639,21.299999787,-0.08602727949619293,1.0963983535766602,-1.392877459526062,-0.3095515966415405,0.5771803855895996,0.12398818880319595,0.0,0.2889043390750885,0.9551838040351868,-1.4575244188308716,-0.21696187555789948,0.7908784747123718,0.05797983705997467,0.0,0.0,0.0,0.0,0.0,0.0,0.0,0.001500000013038516,0.0,0.0,0.0,0.0,0.0,0.0,0.0013000000035390258
640,21.33333312,-0.08602727949619293,1.0963983535766602,-1.392877459526062,-0.3095515966415405,0.5771803855895996,0.12398818880319595,0.0,0.2889043390750885,0.9551838040351868,-1.4575244188308716,-0.21696187555789948,0.7908784747123718,0.05797983705997467,0.0,0.0,0.0,0.0,0.0,0.0,0.0,0.001500000013038516,0.0,0.0,0.0,0.0,0.0,0.0,0.0013000000035390258
641,21.366666453,-0.08602727949619293,1.0444574356079102,-1.3933660984039307,-0.30771899223327637,0.584563136100769,0.12189379334449768,0.0,0.2848377227783203,0.9153903126716614,-1.4837567806243896,-0.21882937848567963,0.7992735505104065,0.05522221699357033,0.0,0.0,0.0,0.0,0.0,0.0,0.0,0.001500000013038516,0.0,0.0,0.0,0.0,0.0,0.0,0.0013000000035390258
642,21.399999786,-0.08272860944271088,0.9939650297164917,-1.3960365056991577,-0.3011914789676666,0.5926789045333862,0.12346459180116653,0.0,0.28036969900131226,0.8851611614227295,-1.5048577785491943,-0.21882937848567963,0.8119097352027893,0.04948008432984352,0.0,0.0,0.0,0.0,0.0,0.0,0.0,0.001500000013038516,0.0,0.0,0.0,0.0,0.0,0.0,0.0013000000035390258
643,21.433333119,-0.08272860944271088,0.9939650297164917,-1.3960365056991577,-0.3011914789676666,0.5926789045333862,0.12346459180116653,0.0,0.28036969900131226,0.8851611614227295,-1.5048577785491943,-0.21882937848567963,0.8119097352027893,0.04948008432984352,0.0,0.0,0.0,0.0,0.0,0.0,0.0,0.001500000013038516,0.0,0.0,0.0,0.0,0.0,0.0,0.0013000000035390258
644,21.466666452,-0.08103563636541367,0.9468934535980225,-1.3984450101852417,-0.29625219106674194,0.5998871326446533,0.12206833064556122,0.0,0.27883380651474,0.8582656383514404,-1.522241234779358,-0.21882937848567963,0.8207585215568542,0.04401720315217972,0.0,0.0,0.0,0.0,0.0,0.0,0.0,0.001500000013038516,0.0,0.0,0.0,0.0,0.0,0.0,0.0013000000035390258
645,21.499999785,-0.0742986649274826,0.8965581655502319,-1.4007140398025513,-0.2808409333229065,0.6194871664047241,0.12027063965797424,0.0,0.27883380651474,0.8582656383514404,-1.522241234779358,-0.21882937848567963,0.8207585215568542,0.04401720315217972,0.0,0.0,0.0,0.0,0.0,0.0,0.0,0.001500000013038516,0.0,0.0,0.0,0.0,0.0,0.0,0.0013000000035390258
646,21.533333118,-0.0742986649274826,0.8965581655502319,-1.4007140398025513,-0.2808409333229065,0.6194871664047241,0.12027063965797424,0.0,0.2781705856323242,0.835750937461853,-1.535209059715271,-0.21446606516838074,0.8312479853630066,0.0371580608189106,0.0,0.0,0.0,0.0,0.0,0.0,0.0,0.001500000013038516,0.0,0.0,0.0,0.0,0.0,0.0,0.0013000000035390258
647,21.566666451,-0.07190756499767303,0.8521569967269897,-1.4032970666885376,-0.26398104429244995,0.6306572556495667,0.11639600992202759,0.0,0.27639034390449524,0.8183150887489319,-1.5433248281478882,-0.2097187638282776,0.8380721807479858,0.03534291684627533,0.0,0.0,0.0,0.0,0.0,0.0,0.0,0.001500000013038516,0.0,0.0,0.0,0.0,0.0,0.0,0.0013000000035390258
648,21.599999784,-0.06791076064109802,0.818699061870575,-1.4062989950180054,-0.24733060598373413,0.6477440595626831,0.10810569673776627,0.0,0.27639034390449524,0.8056789040565491,-1.549381136894226,-0.2073974758386612,0.8455421924591064,0.028850292786955833,0.0,0.0,0.0,0.0,0.0,0.0,0.0,0.001500000013038516,0.0,0.0,0.0,0.0,0.0,0.0,0.0013000000035390258
649,21.733333116,-0.0642455667257309,0.7813664674758911,-1.4078348875045776,-0.21783454716205597,0.6834535002708435,0.09491100162267685,0.0,0.2728124260902405,0.8093615174293518,-1.553534984588623,-0.2073974758386612,0.854303777217865,0.02600540593266487,0.0,0.0,0.0,0.0,0.0,0.0,0.0,0.001500000013038516,0.0,0.0,0.0,0.0,0.0,0.0,0.0013000000035390258
650,21.766666449,-0.06178465485572815,0.7798829078674316,-1.4040824174880981,-0.20292943716049194,0.7027044892311096,0.08976228535175323,0.0,0.2728124260902405,0.8169886469841003,-1.553534984588623,-0.20214402675628662,0.8673588037490845,0.02600540593266487,0.0,0.0,0.0,0.0,0.0,0.0,0.0,0.001500000013038516,0.0,0.0,0.0,0.0,0.0,0.0,0.0013000000035390258
651,21.799999782,-0.05824163556098938,0.7856075763702393,-1.3923712968826294,-0.1881115883588791,0.7233865857124329,0.08154178410768509,0.0,0.2728124260902405,0.8169886469841003,-1.553534984588623,-0.20214402675628662,0.8673588037490845,0.02600540593266487,0.0,0.0,0.0,0.0,0.0,0.0,0.0,0.001500000013038516,0.0,0.0,0.0,0.0,0.0,0.0,0.0013000000035390258
652,21.833333115,-0.05824163556098938,0.7856075763702393,-1.3923712968826294,-0.1881115883588791,0.7233865857124329,0.08154178410768509,0.0,0.2728124260902405,0.8242666721343994,-1.5482990741729736,-0.19544197618961334,0.8788430690765381,0.023509584367275238,0.0,0.0,0.0,0.0,0.0,0.0,0.0,0.001500000013038516,0.0,0.0,0.0,0.0,0.0,0.0,0.0013000000035390258
653,21.866666448,-0.057334065437316895,0.7919431328773499,-1.378792643547058,-0.17205455899238586,0.747262716293335,0.07400196045637131,0.0,0.2728124260902405,0.8357334733009338,-1.5380713939666748,-0.1921432912349701,0.889978289604187,0.023509584367275238,0.0,0.0,0.0,0.0,0.0,0.0,0.0,0.001500000013038516,0.0,0.0,0.0,0.0,0.0,0.0,0.0013000000035390258
654,21.899999781,-0.05323254317045212,0.8031306862831116,-1.3605889081954956,-0.15603242814540863,0.7626914381980896,0.0656592845916748,0.0,0.2728124260902405,0.8357334733009338,-1.5380713939666748,-0.1921432912349701,0.889978289604187,0.023509584367275238,0.0,0.0,0.0,0.0,0.0,0.0,0.0,0.001500000013038516,0.0,0.0,0.0,0.0,0.0,0.0,0.0013000000035390258
655,21.933333114,-0.05323254317045212,0.8031306862831116,-1.3605889081954956,-0.15603242814540863,0.7626914381980896,0.0656592845916748,0.0,0.2728124260902405,0.8494517207145691,-1.5224506855010986,-0.18486528098583221,0.8974133729934692,0.025411993265151978,0.0,0.0,0.0,0.0,0.0,0.0,0.0,0.001500000013038516,0.0,0.0,0.0,0.0,0.0,0.0,0.0013000000035390258
656,21.966666447,-0.05345943570137024,0.8097978830337524,-1.338109016418457,-0.1419650763273239,0.7744026184082031,0.05595525726675987,0.0,0.2728124260902405,0.8655785918235779,-1.501716136932373,-0.18041469156742096,0.9027541279792786,0.02914699912071228,0.0,0.0,0.0,0.0,0.0,0.0,0.0,0.001500000013038516,0.0,0.0,0.0,0.0,0.0,0.0,0.0013000000035390258
657,21.99999978,-0.05345943570137024,0.8235335946083069,-1.308804988861084,-0.12629202008247375,0.7756068706512451,0.04804891347885132,0.0,0.2728124260902405,0.8655785918235779,-1.501716136932373,-0.18041469156742096,0.9027541279792786,0.02914699912071228,0.0,0.0,0.0,0.0,0.0,0.0,0.0,0.001500000013038516,0.0,0.0,0.0,0.0,0.0,0.0,0.0013000000035390258
658,22.033333113,-0.05345943570137024,0.8235335946083069,-1.308804988861084,-0.12629202008247375,0.7756068706512451,0.04804891347885132,0.0,0.2728124260902405,0.8829969763755798,-1.4769848585128784,-0.17289231717586517,0.8983733057975769,0.03707079216837883,0.0,0.0,0.0,0.0,0.0,0.0,0.0,0.001500000013038516,0.0,0.0,0.0,0.0,0.0,0.0,0.0013000000035390258
659,22.066666446,-0.05136504024267197,0.8371297121047974,-1.2802338600158691,-0.11016517877578735,0.7736870050430298,0.04096287861466408,0.0,0.2728124260902405,0.8988445401191711,-1.4458132982254028,-0.16824974119663239,0.8939052820205688,0.038641590625047684,0.0,0.0,0.0,0.0,0.0,0.0,0.0,0.001500000013038516,0.0,0.0,0.0,0.0,0.0,0.0,0.0013000000035390258
660,22.099999779,-0.05138249322772026,0.849748432636261,-1.2507902383804321,-0.09231046587228775,0.764384388923645,0.03335324302315712,0.0,0.2728124260902405,0.8988445401191711,-1.4458132982254028,-0.16824974119663239,0.8939052820205688,0.038641590625047684,0.0,0.0,0.0,0.0,0.0,0.0,0.0,0.001500000013038516,0.0,0.0,0.0,0.0,0.0,0.0,0.0013000000035390258
661,22.133333112,-0.05138249322772026,0.849748432636261,-1.2507902383804321,-0.09231046587228775,0.764384388923645,0.03335324302315712,0.0,0.2728124260902405,0.9157393574714661,-1.418847918510437,-0.16454964876174927,0.8796110153198242,0.04543092101812363,0.0,0.0,0.0,0.0,0.0,0.0,0.0,0.001500000013038516,0.0,0.0,0.0,0.0,0.0,0.0,0.0013000000035390258
662,22.166666445,-0.05138249322772026,0.8619657754898071,-1.221747875213623,-0.07618362456560135,0.7422710657119751,0.02419026382267475,0.0,0.2728124260902405,0.9351299405097961,-1.3931043148040771,-0.16177457571029663,0.8644266724586487,0.04974188283085823,0.0,0.0,0.0,0.0,0.0,0.0,0.0,0.001500000013038516,0.0,0.0,0.0,0.0,0.0,0.0,0.0013000000035390258
663,22.199999778,-0.04944517835974693,0.8781623840332031,-1.1950269937515259,-0.057211894541978836,0.7215714454650879,0.015690509229898453,0.0,0.2728124260902405,0.9351299405097961,-1.3931043148040771,-0.16177457571029663,0.8644266724586487,0.04974188283085823,0.0,0.0,0.0,0.0,0.0,0.0,0.0,0.001500000013038516,0.0,0.0,0.0,0.0,0.0,0.0,0.0013000000035390258
664,22.233333111,-0.04944517835974693,0.8781623840332031,-1.1950269937515259,-0.057211894541978836,0.7215714454650879,0.015690509229898453,0.0,0.2753605842590332,0.9568767547607422,-1.3707815408706665,-0.16451473534107208,0.854373574256897,0.05942846089601517,0.0,0.0,0.0,0.0,0.0,0.0,0.0,0.001500000013038516,0.0,0.0,0.0,0.0,0.0,0.0,0.0013000000035390258
665,22.266666444,-0.04942772537469864,0.899682343006134,-1.1738561391830444,-0.03733259439468384,0.6976081132888794,0.0,0.0,0.2753605842590332,0.984592616558075,-1.353258490562439,-0.16941910982131958,0.8430638313293457,0.06859143823385239,0.0,0.0,0.0,0.0,0.0,0.0,0.0,0.001500000013038516,0.0,0.0,0.0,0.0,0.0,0.0,0.0013000000035390258
666,22.299999777,-0.0475253164768219,0.9208531379699707,-1.1571184396743774,-0.023108160123229027,0.6773971915245056,-0.00563741335645318,0.0,0.2753605842590332,0.984592616558075,-1.353258490562439,-0.16941910982131958,0.8430638313293457,0.06859143823385239,0.0,0.0,0.0,0.0,0.0,0.0,0.0,0.001500000013038516,0.0,0.0,0.0,0.0,0.0,0.0,0.0013000000035390258
667,22.33333311,-0.0475253164768219,0.9208531379699707,-1.1571184396743774,-0.023108160123229027,0.6773971915245056,-0.00563741335645318,0.0,0.2735978066921234,1.0091668367385864,-1.342646837234497,-0.1762433499097824,0.8331329226493835,0.07742280513048172,0.0,0.0,0.0,0.0,0.0,0.0,0.0,0.001500000013038516,0.0,0.0,0.0,0.0,0.0,0.0,0.0013000000035390258
668,22.366666443,-0.047542769461870193,0.9464222192764282,-1.1460355520248413,-0.007557275705039501,0.6551791429519653,-0.014713125303387642,0.0,0.2735978066921234,1.040198802947998,-1.3315117359161377,-0.1854935884475708,0.8201127648353577,0.08997172117233276,0.0,0.0,0.0,0.0,0.0,0.0,0.0,0.001500000013038516,0.0,0.0,0.0,0.0,0.0,0.0,0.0013000000035390258
669,22.399999776,-0.04553563892841339,0.9748361706733704,-1.1381815671920776,0.008813912980258465,0.6355441808700562,-0.021816615015268326,0.0,0.2735978066921234,1.040198802947998,-1.3315117359161377,-0.1854935884475708,0.8201127648353577,0.08997172117233276,0.0,0.0,0.0,0.0,0.0,0.0,0.0,0.001500000013038516,0.0,0.0,0.0,0.0,0.0,0.0,0.0013000000035390258
670,22.433333109,-0.04553563892841339,0.9748361706733704,-1.1381815671920776,0.008813912980258465,0.6355441808700562,-0.021816615015268326,0.0,0.2735978066921234,1.0716147422790527,-1.3210222721099854,-0.19378390908241272,0.8008792400360107,0.10471975803375244,0.0,0.0,0.0,0.0,0.0,0.0,0.0,0.001500000013038516,0.0,0.0,0.0,0.0,0.0,0.0,0.0013000000035390258
671,22.466666442,-0.04553563892841339,1.0055365562438965,-1.122438669204712,0.015376350842416286,0.6096085906028748,-0.025656340643763542,0.0,0.27173030376434326,1.1052123308181763,-1.3002527952194214,-0.20744983851909637,0.779464066028595,0.12046262621879578,0.0,0.0,0.0,0.0,0.0,0.0,0.0,0.001500000013038516,0.0,0.0,0.0,0.0,0.0,0.0,0.0013000000035390258
672,22.499999775,-0.04553563892841339,1.0493792295455933,-1.0985451936721802,0.017994344234466553,0.5849296450614929,-0.028134707361459732,0.0,0.27173030376434326,1.1052123308181763,-1.3002527952194214,-0.20744983851909637,0.779464066028595,0.12046262621879578,0.0,0.0,0.0,0.0,0.0,0.0,0.0,0.001500000013038516,0.0,0.0,0.0,0.0,0.0,0.0,0.0013000000035390258
673,22.533333108,-0.04553563892841339,1.0493792295455933,-1.0985451936721802,0.017994344234466553,0.5849296450614929,-0.028134707361459732,0.0,0.2695311903953552,1.1445170640945435,-1.2775460481643677,-0.22024309635162354,0.7585026621818542,0.13730505108833313,0.0,0.0,0.0,0.0,0.0,0.0,0.0,0.001500000013038516,0.0,0.0,0.0,0.0,0.0,0.0,0.0013000000035390258
674,22.566666441,-0.047682393342256546,1.0944960117340088,-1.0768332481384277,0.020210912451148033,0.5561666488647461,-0.03309144079685211,0.0,0.26801276206970215,1.1855672597885132,-1.2612272500991821,-0.24066345393657684,0.7278895378112793,0.15484561026096344,0.0,0.0,0.0,0.0,0.0,0.0,0.0,0.001500000013038516,0.0,0.0,0.0,0.0,0.0,0.0,0.0013000000035390258
675,22.599999774,-0.047682393342256546,1.13971745967865,-1.0573903322219849,0.020210912451148033,0.5182231664657593,-0.035587262362241745,0.0,0.26801276206970215,1.1855672597885132,-1.2612272500991821,-0.24066345393657684,0.7278895378112793,0.15484561026096344,0.0,0.0,0.0,0.0,0.0,0.0,0.0,0.001500000013038516,0.0,0.0,0.0,0.0,0.0,0.0,0.0013000000035390258
676,22.633333107,-0.047682393342256546,1.13971745967865,-1.0573903322219849,0.020210912451148033,0.5182231664657593,-0.035587262362241745,0.0,0.26145032048225403,1.2277169227600098,-1.2493939399719238,-0.25672048330307007,0.7071550488471985,0.17179276049137115,0.0,0.0,0.0,0.0,0.0,0.0,0.0,0.001500000013038516,0.0,0.0,0.0,0.0,0.0,0.0,0.0013000000035390258
677,22.66666644,-0.047682393342256546,1.1922519207000732,-1.041019082069397,0.021764256060123444,0.47965139150619507,-0.03735004737973213,0.0,0.2569648325443268,1.27182137966156,-1.2445943355560303,-0.2745053768157959,0.6801548004150391,0.18989181518554688,0.0,0.0,0.0,0.0,0.0,0.0,0.0,0.001500000013038516,0.0,0.0,0.0,0.0,0.0,0.0,0.0013000000035390258
678,22.699999773,-0.047682393342256546,1.2430758476257324,-1.0285923480987549,0.021764256060123444,0.43732714653015137,-0.04029965400695801,0.0,0.2569648325443268,1.27182137966156,-1.2445943355560303,-0.2745053768157959,0.6801548004150391,0.18989181518554688,0.0,0.0,0.0,0.0,0.0,0.0,0.0,0.001500000013038516,0.0,0.0,0.0,0.0,0.0,0.0,0.0013000000035390258
679,22.733333106,-0.047682393342256546,1.2430758476257324,-1.0285923480987549,0.021764256060123444,0.43732714653015137,-0.04029965400695801,0.0,0.24822072684764862,1.3265200853347778,-1.2445943355560303,-0.2934247553348541,0.6538352370262146,0.21012018620967865,0.0,0.0,0.0,0.0,0.0,0.0,0.0,0.001500000013038516,0.0,0.0,0.0,0.0,0.0,0.0,0.0013000000035390258
680,22.766666439,-0.047682393342256546,1.2950866222381592,-1.015851378440857,0.021764256060123444,0.398668110370636,-0.04288274049758911,0.0,0.2408205270767212,1.3780770301818848,-1.2445943355560303,-0.30403634905815125,0.6247056722640991,0.22535690665245056,0.0,0.0,0.0,0.0,0.0,0.0,0.0,0.001500000013038516,0.0,0.0,0.0,0.0,0.0,0.0,0.0013000000035390258
681,22.799999772,-0.047682393342256546,1.3445143699645996,-1.0024298429489136,0.021764256060123444,0.3606897294521332,-0.04288274049758911,0.0,0.2408205270767212,1.3780770301818848,-1.2445943355560303,-0.30403634905815125,0.6247056722640991,0.22535690665245056,0.0,0.0,0.0,0.0,0.0,0.0,0.0,0.001500000013038516,0.0,0.0,0.0,0.0,0.0,0.0,0.0013000000035390258
682,22.833333105,-0.047682393342256546,1.3445143699645996,-1.0024298429489136,0.021764256060123444,0.3606897294521332,-0.04288274049758911,0.0,0.23842942714691162,1.426893949508667,-1.231818437576294,-0.30403634905815125,0.6014928221702576,0.232774555683136,0.0,0.0,0.0,0.0,0.0,0.0,0.0,0.001500000013038516,0.0,0.0,0.0,0.0,0.0,0.0,0.0013000000035390258
683,22.866666438,-0.047682393342256546,1.3917604684829712,-0.9898983836174011,0.021764256060123444,0.32395055890083313,-0.04459316283464432,0.0,0.23575907945632935,1.4756234884262085,-1.2180827856063843,-0.29768335819244385,0.5806884765625,0.2379232794046402,0.0,0.0,0.0,0.0,0.0,0.0,0.0,0.001500000013038516,0.0,0.0,0.0,0.0,0.0,0.0,0.0013000000035390258
684,22.899999771,-0.047682393342256546,1.438029170036316,-0.9785537719726562,0.021764256060123444,0.29129543900489807,-0.04459316283464432,0.0,0.23575907945632935,1.4756234884262085,-1.2180827856063843,-0.29768335819244385,0.5806884765625,0.2379232794046402,0.0,0.0,0.0,0.0,0.0,0.0,0.0,0.002199999988079071,0.0,0.0,0.0,0.0,0.0,0.0,0.0013000000035390258
685,22.933333104,-0.047682393342256546,1.438029170036316,-0.9785537719726562,0.021764256060123444,0.29129543900489807,-0.04459316283464432,0.0,0.23350760340690613,1.5221190452575684,-1.2098796367645264,-0.28876471519470215,0.5603379607200623,0.2379232794046402,0.0,0.0,0.0,0.0,0.0,0.0,0.0,0.002199999988079071,0.0,0.0,0.0,0.0,0.0,0.0,0.0013000000035390258
686,22.966666437,-0.045867253094911575,1.480824589729309,-0.9697921872138977,0.019512781873345375,0.2635621726512909,-0.04717624932527542,0.0,0.23190189898014069,1.5625758171081543,-1.2017464637756348,-0.27780404686927795,0.5545783638954163,0.23136085271835327,0.0,0.0,0.0,0.0,0.0,0.0,0.0,0.004399999976158142,0.0,0.0,0.0,0.0,0.0,0.0,0.0013000000035390258
687,22.99999977,-0.045867253094911575,1.521036982536316,-0.9619731307029724,0.01567305624485016,0.23895302414894104,-0.04988151043653488,0.0,0.23190189898014069,1.5625758171081543,-1.2017464637756348,-0.27780404686927795,0.5545783638954163,0.23136085271835327,0.0,0.0,0.0,0.0,0.0,0.0,0.0,0.007499999832361937,0.0,0.0,0.0,0.0,0.0,0.0,0.0013000000035390258
688,23.033333103,-0.045867253094911575,1.521036982536316,-0.9619731307029724,0.01567305624485016,0.23895302414894104,-0.04988151043653488,0.0,0.23190189898014069,1.598145604133606,-1.1977845430374146,-0.2663547098636627,0.5567251443862915,0.2237512171268463,0.0,0.0,0.0,0.0,0.0,0.0,0.0,0.007499999832361937,0.0,0.0,0.0,0.0,0.0,0.0,0.002099999925121665
689,23.066666436,-0.045867253094911575,1.5513708591461182,-0.9542762041091919,0.009197885170578957,0.22905701398849487,-0.04937536269426346,0.0,0.23122121393680573,1.6336805820465088,-1.195934534072876,-0.25595253705978394,0.556602954864502,0.21704915165901184,0.0,0.0,0.0,0.0,0.0,0.0,0.0,0.012199999764561653,0.0,0.0,0.0,0.0,0.0,0.0,0.004600000102072954
690,23.099999769,-0.045867253094911575,1.5804829597473145,-0.9500350952148438,0.0,0.22905701398849487,-0.05539675056934357,0.0,0.23122121393680573,1.6336805820465088,-1.195934534072876,-0.25595253705978394,0.556602954864502,0.21704915165901184,0.0,0.0,0.0,0.0,0.0,0.0,0.0,0.017100000753998756,0.0,0.0,0.0,0.0,0.0,0.0,0.004600000102072954
691,23.133333102,-0.045867253094911575,1.5804829597473145,-0.9500350952148438,0.0,0.22905701398849487,-0.05539675056934357,0.0,0.23122121393680573,1.6561603546142578,-1.1921122074127197,-0.2430545538663864,0.5747718214988708,0.2099980115890503,0.0,0.0,0.0,0.0,0.0,0.0,0.0,0.017100000753998756,0.0,0.0,0.0,0.0,0.0,0.0,0.009100000374019146
692,23.166666435,-0.0478045679628849,1.593834638595581,-0.947626531124115,-0.008360126987099648,0.24122194945812225,-0.05941100791096687,0.0,0.23122121393680573,1.6645379066467285,-1.188429594039917,-0.2333330661058426,0.5908986926078796,0.2079908847808838,0.0,0.0,0.0,0.0,0.0,0.0,0.0,0.021700000390410423,0.0,0.0,0.0,0.0,0.0,0.0,0.013500000350177288
693,23.199999768,-0.0478045679628849,1.5977965593338013,-0.9454099535942078,-0.020664697512984276,0.2716430425643921,-0.0659734457731247,0.0,0.23122121393680573,1.6645379066467285,-1.188429594039917,-0.2333330661058426,0.5908986926078796,0.2079908847808838,0.0,0.0,0.0,0.0,0.0,0.0,0.0,0.025699999183416367,0.0,0.0,0.0,0.0,0.0,0.0,0.013500000350177288
694,23.233333101,-0.0478045679628849,1.5977965593338013,-0.9454099535942078,-0.020664697512984276,0.2716430425643921,-0.0659734457731247,0.0,0.2333330661058426,1.6619898080825806,-1.1875394582748413,-0.22629939019680023,0.612436056137085,0.20607101917266846,0.0,0.0,0.0,0.0,0.0,0.0,0.0,0.025699999183416367,0.0,0.0,0.0,0.0,0.0,0.0,0.018300000578165054
695,23.266666434,-0.0478045679628849,1.5908676385879517,-0.943612277507782,-0.028937559574842453,0.3009820282459259,-0.07119198143482208,0.0,0.2353052943944931,1.6455662250518799,-1.1894593238830566,-0.22232003509998322,0.6301336884498596,0.20607101917266846,0.0,0.0,0.0,0.0,0.0,0.0,0.0,0.02979999966919422,0.0,0.0,0.0,0.0,0.0,0.0,0.02160000056028366
696,23.299999767,-0.0478045679628849,1.5748803615570068,-0.9368752837181091,-0.03497639670968056,0.3269176185131073,-0.0806516632437706,0.0,0.2353052943944931,1.6455662250518799,-1.1894593238830566,-0.22232003509998322,0.6301336884498596,0.20607101917266846,0.0,0.0,0.0,0.0,0.0,0.0,0.0,0.034699998795986176,0.0,0.0,0.0,0.0,0.0,0.0,0.02160000056028366
697,23.3333331,-0.0478045679628849,1.5748803615570068,-0.9368752837181091,-0.03497639670968056,0.3269176185131073,-0.0806516632437706,0.0,0.23719024658203125,1.6223359107971191,-1.1779401302337646,-0.2180265337228775,0.6538003087043762,0.20607101917266846,0.0,0.0,0.0,0.0,0.0,0.0,0.0,0.034699998795986176,0.0,0.0,0.0,0.0,0.0,0.0,0.025299999862909317
698,23.366666433,-0.0478045679628849,1.5599055290222168,-0.9286198616027832,-0.04398229718208313,0.36829936504364014,-0.08614945411682129,0.0,0.23891812562942505,1.599890947341919,-1.1625813245773315,-0.21205750107765198,0.674552321434021,0.20607101917266846,0.0,0.0,0.0,0.0,0.0,0.0,0.0,0.03999999910593033,0.0,0.0,0.0,0.0,0.0,0.0,0.029899999499320984
699,23.399999766,-0.049584802240133286,1.5416667461395264,-0.9148841500282288,-0.05218534544110298,0.40172243118286133,-0.09566149860620499,0.0,0.23891812562942505,1.599890947341919,-1.1625813245773315,-0.21205750107765198,0.674552321434021,0.20607101917266846,0.0,0.0,0.0,0.0,0.0,0.0,0.0,0.04399999976158142,0.0,0.0,0.0,0.0,0.0,0.0,0.029899999499320984
700,23.433333099,-0.049584802240133286,1.5416667461395264,-0.9148841500282288,-0.05218534544110298,0.40172243118286133,-0.09566149860620499,0.0,0.23891812562942505,1.5763988494873047,-1.1502243280410767,-0.21003292500972748,0.687415361404419,0.20153316855430603,0.0,0.0,0.0,0.0,0.0,0.0,0.0,0.04399999976158142,0.0,0.0,0.0,0.0,0.0,0.0,0.033799998462200165
701,23.466666432,-0.049584802240133286,1.5250163078308105,-0.9009040594100952,-0.06028367206454277,0.4302760064601898,-0.10468485206365585,0.0,0.23924973607063293,1.54498291015625,-1.140328288078308,-0.2042035162448883,0.6965957880020142,0.19743163883686066,0.0,0.0,0.0,0.0,0.0,0.0,0.0,0.04690000042319298,0.0,0.0,0.0,0.0,0.0,0.0,0.038600001484155655
702,23.499999765,-0.0515570268034935,1.514299988746643,-0.8835206031799316,-0.06761405616998672,0.452825665473938,-0.11159635335206985,0.0,0.23924973607063293,1.54498291015625,-1.140328288078308,-0.2042035162448883,0.6965957880020142,0.19743163883686066,0.0,0.0,0.0,0.0,0.0,0.0,0.0,0.048700001090765,0.0,0.0,0.0,0.0,0.0,0.0,0.038600001484155655
703,23.533333098,-0.0515570268034935,1.514299988746643,-0.8835206031799316,-0.06761405616998672,0.452825665473938,-0.11159635335206985,0.0,0.23924973607063293,1.51969313621521,-1.1328582763671875,-0.19924679398536682,0.7014827132225037,0.193557009100914,0.0,0.0,0.0,0.0,0.0,0.0,0.0,0.048700001090765,0.0,0.0,0.0,0.0,0.0,0.0,0.04190000146627426
704,23.566666431,-0.05777039751410484,1.5128862857818604,-0.8680744171142578,-0.07682939618825912,0.46584582328796387,-0.11381292343139648,0.0,0.23924973607063293,1.5022048950195312,-1.12804114818573,-0.1967160552740097,0.7096508741378784,0.18846064805984497,0.0,0.0,0.0,0.0,0.0,0.0,0.0,0.04919999837875366,0.0,0.0,0.0,0.0,0.0,0.0,0.04309999942779541
705,23.599999764,-0.0639488622546196,1.521804928779602,-0.8551589846611023,-0.08567821234464645,0.4720766544342041,-0.11381292343139648,0.0,0.23924973607063293,1.5022048950195312,-1.12804114818573,-0.1967160552740097,0.7096508741378784,0.18846064805984497,0.0,0.0,0.0,0.0,0.0,0.0,0.0,0.049300000071525574,0.0,0.0,0.0,0.0,0.0,0.0,0.04309999942779541
706,23.633333097,-0.0639488622546196,1.521804928779602,-0.8551589846611023,-0.08567821234464645,0.4720766544342041,-0.11381292343139648,0.0,0.23924973607063293,1.491139531135559,-1.1229448318481445,-0.19221310317516327,0.7153232097625732,0.1869073063135147,0.0,0.0,0.0,0.0,0.0,0.0,0.0,0.049300000071525574,0.0,0.0,0.0,0.0,0.0,0.0,0.043299999088048935
707,23.66666643,-0.07162830978631973,1.5375827550888062,-0.8478285670280457,-0.09428268671035767,0.45842817425727844,-0.11110766232013702,0.0,0.23924973607063293,1.4909998178482056,-1.1188433170318604,-0.19221310317516327,0.7169812321662903,0.18423695862293243,0.0,0.0,0.0,0.0,0.0,0.0,0.0,0.049400001764297485,0.0,0.0,0.0,0.0,0.0,0.0,0.043299999088048935
708,23.699999763,-0.07162830978631973,1.5375827550888062,-0.8478285670280457,-0.09428268671035767,0.45842817425727844,-0.11110766232013702,0.0,0.23924973607063293,1.4909998178482056,-1.1188433170318604,-0.19221310317516327,0.7169812321662903,0.18423695862293243,0.0,0.0,0.0,0.0,0.0,0.0,0.0,0.049400001764297485,0.0,0.0,0.0,0.0,0.0,0.0,0.043299999088048935
709,23.733333096,-0.08176867663860321,1.5612319707870483,-0.8461530804634094,-0.10421361029148102,0.44053855538368225,-0.10873401165008545,0.0,0.23924973607063293,1.5011576414108276,-1.112909197807312,-0.19221310317516327,0.7149392366409302,0.18423695862293243,0.0,0.0,0.0,0.0,0.0,0.0,0.0,0.049400001764297485,0.0,0.0,0.0,0.0,0.0,0.0,0.04320000112056732
710,23.766666429,-0.09347983449697495,1.5979187488555908,-0.8581609129905701,-0.11517427861690521,0.41608649492263794,-0.1002342626452446,0.0,0.23745204508304596,1.5178779363632202,-1.1081095933914185,-0.19221310317516327,0.7088131308555603,0.183730810880661,0.0,0.0,0.0,0.0,0.0,0.0,0.0,0.049400001764297485,0.0,0.0,0.0,0.0,0.0,0.0,0.042899999767541885
711,23.799999762,-0.09347983449697495,1.5979187488555908,-0.8581609129905701,-0.11517427861690521,0.41608649492263794,-0.1002342626452446,0.0,0.23745204508304596,1.5178779363632202,-1.1081095933914185,-0.19221310317516327,0.7088131308555603,0.183730810880661,0.0,0.0,0.0,0.0,0.0,0.0,0.0,0.049400001764297485,0.0,0.0,0.0,0.0,0.0,0.0,0.042899999767541885
712,23.833333095,-0.10316640883684158,1.6354433298110962,-0.8732929229736328,-0.12564624845981598,0.39215803146362305,-0.0912981703877449,0.0,0.2358987033367157,1.5345982313156128,-1.1034669876098633,-0.1903979629278183,0.7016049027442932,0.183730810880661,0.0,0.0,0.0,0.0,0.0,0.0,0.0,0.0494999997317791,0.0,0.0,0.0,0.0,0.0,0.0,0.04259999841451645
713,23.866666428,-0.1103222593665123,1.6812232732772827,-0.8882504105567932,-0.13081242144107819,0.376170814037323,-0.08602727949619293,0.0,0.2358987033367157,1.5515104532241821,-1.1019484996795654,-0.1903979629278183,0.6893876194953918,0.183730810880661,0.0,0.0,0.0,0.0,0.0,0.0,0.0,0.04989999905228615,0.0,0.0,0.0,0.0,0.0,0.0,0.042500000447034836
714,23.899999761,-0.1103222593665123,1.6812232732772827,-0.8882504105567932,-0.13081242144107819,0.376170814037323,-0.08602727949619293,0.0,0.2358987033367157,1.5515104532241821,-1.1019484996795654,-0.1903979629278183,0.6893876194953918,0.183730810880661,0.0,0.0,0.0,0.0,0.0,0.0,0.0,0.04989999905228615,0.0,0.0,0.0,0.0,0.0,0.0,0.042500000447034836
715,23.933333094,-0.11339404433965683,1.7205281257629395,-0.9079551696777344,-0.13468705117702484,0.35583773255348206,-0.08190830051898956,0.0,0.2335599660873413,1.565350890159607,-1.1019484996795654,-0.1903979629278183,0.6871885061264038,0.1817411333322525,0.0,0.0,0.0,0.0,0.0,0.0,0.0,0.050200000405311584,0.0,0.0,0.0,0.0,0.0,0.0,0.042399998754262924
716,23.966666427,-0.11592476814985275,1.7565866708755493,-0.9248674511909485,-0.1368338167667389,0.3433935344219208,-0.07923794537782669,0.0,0.2335599660873413,1.5780220031738281,-1.1062943935394287,-0.1903979629278183,0.6820048689842224,0.1817411333322525,0.0,0.0,0.0,0.0,0.0,0.0,0.0,0.050200000405311584,0.0,0.0,0.0,0.0,0.0,0.0,0.0421999990940094
717,23.99999976,-0.11592476814985275,1.7565866708755493,-0.9248674511909485,-0.1368338167667389,0.3433935344219208,-0.07923794537782669,0.0,0.2335599660873413,1.5780220031738281,-1.1062943935394287,-0.1903979629278183,0.6820048689842224,0.1817411333322525,0.0,0.0,0.0,0.0,0.0,0.0,0.0,0.050200000405311584,0.0,0.0,0.0,0.0,0.0,0.0,0.0421999990940094
718,24.033333093,-0.11709413677453995,1.7901318073272705,-0.9415876865386963,-0.14184290170669556,0.3363947570323944,-0.07445574551820755,0.0,0.23310618102550507,1.5858933925628662,-1.106486439704895,-0.1903979629278183,0.6743079423904419,0.18123498558998108,0.0,0.0,0.0,0.0,0.0,0.0,0.0,0.05000000074505806,0.0,0.0,0.0,0.0,0.0,0.0,0.042100001126527786
719,24.066666426,-0.12164945155382156,1.8181967735290527,-0.9565625786781311,-0.14618878066539764,0.3337942063808441,-0.069708451628685,0.0,0.2312561273574829,1.596400260925293,-1.106486439704895,-0.1903979629278183,0.6689497828483582,0.18123498558998108,0.0,0.0,0.0,0.0,0.0,0.0,0.0,0.04859999939799309,0.0,0.0,0.0,0.0,0.0,0.0,0.04170000180602074
720,24.099999759,-0.12164945155382156,1.8181967735290527,-0.9565625786781311,-0.14618878066539764,0.3337942063808441,-0.069708451628685,0.0,0.2312561273574829,1.596400260925293,-1.106486439704895,-0.1903979629278183,0.6689497828483582,0.18123498558998108,0.0,0.0,0.0,0.0,0.0,0.0,0.0,0.04859999939799309,0.0,0.0,0.0,0.0,0.0,0.0,0.04170000180602074
721,24.133333092,-0.12498302757740021,1.841392159461975,-0.9718517065048218,-0.15334463119506836,0.33592352271080017,-0.06579891592264175,0.0,0.2312561273574829,1.6005192995071411,-1.1046013832092285,-0.18823376297950745,0.6672044396400452,0.18123498558998108,0.0,0.0,0.0,0.0,0.0,0.0,0.0,0.045499999076128006,0.0,0.0,0.0,0.0,0.0,0.0,0.0414000004529953
722,24.166666425,-0.12725195288658142,1.862074375152588,-0.9860586524009705,-0.1584235429763794,0.338105171918869,-0.06199409440159798,0.0,0.23080234229564667,1.6032943725585938,-1.1023674011230469,-0.18823376297950745,0.6609387397766113,0.18123498558998108,0.0,0.0,0.0,0.0,0.0,0.0,0.0,0.04129999876022339,0.0,0.0,0.0,0.0,0.0,0.0,0.04129999876022339
723,24.199999758,-0.12725195288658142,1.862074375152588,-0.9860586524009705,-0.1584235429763794,0.338105171918869,-0.06199409440159798,0.0,0.23080234229564667,1.6032943725585938,-1.1023674011230469,-0.18823376297950745,0.6609387397766113,0.18123498558998108,0.0,0.0,0.0,0.0,0.0,0.0,0.0,0.04129999876022339,0.0,0.0,0.0,0.0,0.0,0.0,0.04129999876022339
724,24.233333091,-0.13138838112354279,1.877974271774292,-1.0005972385406494,-0.16084954142570496,0.3425033986568451,-0.059952061623334885,0.0,0.23080234229564667,1.6058076620101929,-1.0999064445495605,-0.18823376297950745,0.653189480304718,0.1834864616394043,0.0,0.0,0.0,0.0,0.0,0.0,0.0,0.03629999980330467,0.0,0.0,0.0,0.0,0.0,0.0,0.0414000004529953
725,24.266666424,-0.13533282279968262,1.893350601196289,-1.010632872581482,-0.16084954142570496,0.3451388478279114,-0.059952061623334885,0.0,0.22909191250801086,1.6123526096343994,-1.095263957977295,-0.18823376297950745,0.6550918817520142,0.1834864616394043,0.0,0.0,0.0,0.0,0.0,0.0,0.0,0.03229999914765358,0.0,0.0,0.0,0.0,0.0,0.0,0.041200000792741776
726,24.299999757,-0.13533282279968262,1.893350601196289,-1.010632872581482,-0.16084954142570496,0.3451388478279114,-0.059952061623334885,0.0,0.22909191250801086,1.6123526096343994,-1.095263957977295,-0.18823376297950745,0.6550918817520142,0.1834864616394043,0.0,0.0,0.0,0.0,0.0,0.0,0.0,0.03229999914765358,0.0,0.0,0.0,0.0,0.0,0.0,0.041200000792741776
727,24.33333309,-0.13533282279968262,1.9025485515594482,-1.0195165872573853,-0.1632930040359497,0.3473903238773346,-0.05532693862915039,0.0,0.22909191250801086,1.6144295930862427,-1.0884571075439453,-0.18823376297950745,0.6461383700370789,0.1834864616394043,0.0,0.0,0.0,0.0,0.0,0.0,0.0,0.028599999845027924,0.0,0.0,0.0,0.0,0.0,0.0,0.04100000113248825
728,24.366666423,-0.13782864809036255,1.911449670791626,-1.0275276899337769,-0.1632930040359497,0.3499559760093689,-0.055745817720890045,0.0,0.22909191250801086,1.618775486946106,-1.0841461420059204,-0.18823376297950745,0.6359281539916992,0.1834864616394043,0.0,0.0,0.0,0.0,0.0,0.0,0.0,0.024299999698996544,0.0,0.0,0.0,0.0,0.0,0.0,0.04100000113248825
729,24.399999756,-0.13782864809036255,1.911449670791626,-1.0275276899337769,-0.1632930040359497,0.3499559760093689,-0.055745817720890045,0.0,0.22909191250801086,1.618775486946106,-1.0841461420059204,-0.18823376297950745,0.6359281539916992,0.1834864616394043,0.0,0.0,0.0,0.0,0.0,0.0,0.0,0.024299999698996544,0.0,0.0,0.0,0.0,0.0,0.0,0.04100000113248825
730,24.433333089,-0.13782864809036255,1.915481448173523,-1.0287668704986572,-0.16526523232460022,0.3499559760093689,-0.055745817720890045,0.0,0.22909191250801086,1.6254076957702637,-1.0765016078948975,-0.18823376297950745,0.6336767077445984,0.18139207363128662,0.0,0.0,0.0,0.0,0.0,0.0,0.0,0.019600000232458115,0.0,0.0,0.0,0.0,0.0,0.0,0.04100000113248825
731,24.466666422,-0.13580407202243805,1.915481448173523,-1.0287668704986572,-0.16526523232460022,0.3521899878978729,-0.055745817720890045,0.0,0.22909191250801086,1.6344659328460693,-1.0693632364273071,-0.1863837093114853,0.6218782663345337,0.18139207363128662,0.0,0.0,0.0,0.0,0.0,0.0,0.0,0.014700000174343586,0.0,0.0,0.0,0.0,0.0,0.0,0.04089999943971634
732,24.499999755,-0.13580407202243805,1.915481448173523,-1.0287668704986572,-0.16526523232460022,0.3521899878978729,-0.055745817720890045,0.0,0.22909191250801086,1.6344659328460693,-1.0693632364273071,-0.1863837093114853,0.6218782663345337,0.18139207363128662,0.0,0.0,0.0,0.0,0.0,0.0,0.0,0.014700000174343586,0.0,0.0,0.0,0.0,0.0,0.0,0.04089999943971634
733,24.533333088,-0.1359611451625824,1.915481448173523,-1.0270215272903442,-0.16526523232460022,0.3521899878978729,-0.055745817720890045,0.0,0.22909191250801086,1.6428784132003784,-1.0614569187164307,-0.1863837093114853,0.6134308576583862,0.18139207363128662,0.0,0.0,0.0,0.0,0.0,0.0,0.0,0.010999999940395355,0.0,0.0,0.0,0.0,0.0,0.0,0.0406000018119812
734,24.566666421,-0.13379694521427155,1.913421869277954,-1.0270215272903442,-0.16325810551643372,0.35672783851623535,-0.05825909227132797,0.0,0.2286730408668518,1.6584467887878418,-1.0500249862670898,-0.18392279744148254,0.6029763221740723,0.18139207363128662,0.0,0.0,0.0,0.0,0.0,0.0,0.0,0.007400000002235174,0.0,0.0,0.0,0.0,0.0,0.0,0.04050000011920929
735,24.599999754,-0.13379694521427155,1.913421869277954,-1.0270215272903442,-0.16325810551643372,0.35672783851623535,-0.05825909227132797,0.0,0.2286730408668518,1.6584467887878418,-1.0500249862670898,-0.18392279744148254,0.6029763221740723,0.18139207363128662,0.0,0.0,0.0,0.0,0.0,0.0,0.0,0.007400000002235174,0.0,0.0,0.0,0.0,0.0,0.0,0.04050000011920929
736,24.633333087,-0.13226105272769928,1.906999111175537,-1.0247700214385986,-0.1607099175453186,0.35672783851623535,-0.05825909227132797,0.0,0.22678808867931366,1.674207091331482,-1.0404431819915771,-0.1809033751487732,0.594476580619812,0.18416714668273926,0.0,0.0,0.0,0.0,0.0,0.0,0.0,0.004900000058114529,0.0,0.0,0.0,0.0,0.0,0.0,0.04039999842643738
737,24.66666642,-0.13226105272769928,1.8971030712127686,-1.020930290222168,-0.1589645892381668,0.3598345220088959,-0.05825909227132797,0.0,0.22457151114940643,1.6903862953186035,-1.0302329063415527,-0.1809208244085312,0.5772327184677124,0.18554595112800598,0.0,0.0,0.0,0.0,0.0,0.0,0.0,0.003700000001117587,0.0,0.0,0.0,0.0,0.0,0.0,0.04039999842643738
738,24.699999753,-0.13226105272769928,1.8971030712127686,-1.020930290222168,-0.1589645892381668,0.3598345220088959,-0.05825909227132797,0.0,0.22457151114940643,1.6903862953186035,-1.0302329063415527,-0.1809208244085312,0.5772327184677124,0.18554595112800598,0.0,0.0,0.0,0.0,0.0,0.0,0.0,0.003700000001117587,0.0,0.0,0.0,0.0,0.0,0.0,0.04039999842643738
739,24.733333086,-0.13152800500392914,1.8835593461990356,-1.0193943977355957,-0.15664330124855042,0.3598345220088959,-0.060615286231040955,0.0,0.22450169920921326,1.7056753635406494,-1.0256950855255127,-0.17795376479625702,0.5691344141960144,0.18554595112800598,0.0,0.0,0.0,0.0,0.0,0.0,0.0,0.0034000000450760126,0.0,0.0,0.0,0.0,0.0,0.0,0.04039999842643738
740,24.766666419,-0.12995721399784088,1.8700504302978516,-1.0188184976577759,-0.1520530879497528,0.36252233386039734,-0.06195918843150139,0.0,0.22006855905056,1.7225875854492188,-1.0256950855255127,-0.1799783557653427,0.5525014400482178,0.18648843467235565,0.0,0.0,0.0,0.0,0.0,0.0,0.0,0.003000000026077032,0.0,0.0,0.0,0.0,0.0,0.0,0.04039999842643738
741,24.799999752,-0.12995721399784088,1.8700504302978516,-1.0188184976577759,-0.1520530879497528,0.36252233386039734,-0.06195918843150139,0.0,0.22006855905056,1.7225875854492188,-1.0256950855255127,-0.1799783557653427,0.5525014400482178,0.18648843467235565,0.0,0.0,0.0,0.0,0.0,0.0,0.0,0.003000000026077032,0.0,0.0,0.0,0.0,0.0,0.0,0.04039999842643738
742,24.833333085,-0.12995721399784088,1.852824091911316,-1.0171254873275757,-0.14967943727970123,0.3643200397491455,-0.06290166825056076,0.0,0.2145707756280899,1.7375102043151855,-1.0277894735336304,-0.1799783557653427,0.5429545044898987,0.1949707269668579,0.0,0.0,0.0,0.0,0.0,0.0,0.0,0.003000000026077032,0.0,0.0,0.0,0.0,0.0,0.0,0.04039999842643738
743,24.866666418,-0.12995721399784088,1.852824091911316,-1.0171254873275757,-0.14967943727970123,0.3643200397491455,-0.06290166825056076,0.0,0.2001543641090393,1.752240777015686,-1.0322749614715576,-0.1843242198228836,0.5309466123580933,0.20446531474590302,0.0,0.0,0.0,0.0,0.0,0.0,0.0,0.003000000026077032,0.0,0.0,0.0,0.0,0.0,0.0,0.0406000018119812
744,24.899999751,-0.12995721399784088,1.8320895433425903,-1.0148216485977173,-0.14711380004882812,0.3669205605983734,-0.06443755328655243,0.0,0.2001543641090393,1.752240777015686,-1.0322749614715576,-0.1843242198228836,0.5309466123580933,0.20446531474590302,0.0,0.0,0.0,0.0,0.0,0.0,0.0,0.003000000026077032,0.0,0.0,0.0,0.0,0.0,0.0,0.0406000018119812
745,24.933333084,-0.12995721399784088,1.811163067817688,-1.0129542350769043,-0.1448623239994049,0.3669205605983734,-0.06443755328655243,0.0,0.18226473033428192,1.7621192932128906,-1.0326589345932007,-0.1843067705631256,0.5275781154632568,0.2174505740404129,0.0,0.0,0.0,0.0,0.0,0.0,0.0,0.003000000026077032,0.0,0.0,0.0,0.0,0.0,0.0,0.041099999099969864
746,24.966666417,-0.12995721399784088,1.811163067817688,-1.0129542350769043,-0.1448623239994049,0.3669205605983734,-0.06443755328655243,0.0,0.1598197966814041,1.7745635509490967,-1.0326589345932007,-0.1843067705631256,0.5190609097480774,0.23457224667072296,0.0,0.0,0.0,0.0,0.0,0.0,0.0,0.003000000026077032,0.0,0.0,0.0,0.0,0.0,0.0,0.04149999842047691
747,24.99999975,-0.12995721399784088,1.790027141571045,-1.0111390352249146,-0.1448623239994049,0.37147587537765503,-0.06443755328655243,0.0,0.1598197966814041,1.7745635509490967,-1.0326589345932007,-0.1843067705631256,0.5190609097480774,0.23457224667072296,0.0,0.0,0.0,0.0,0.0,0.0,0.0,0.003000000026077032,0.0,0.0,0.0,0.0,0.0,0.0,0.04149999842047691
748,25.033333083,-0.12995721399784088,1.772085189819336,-1.0111390352249146,-0.1448623239994049,0.3741985857486725,-0.06443755328655243,0.0,0.1261873096227646,1.7836741209030151,-1.0326589345932007,-0.18619172275066376,0.5113465785980225,0.24790656566619873,0.0,0.0,0.0,0.0,0.0,0.0,0.0,0.003000000026077032,0.0,0.0,0.0,0.0,0.0,0.0,0.04179999977350235
749,25.066666416,-0.12995721399784088,1.772085189819336,-1.0111390352249146,-0.1448623239994049,0.3741985857486725,-0.06443755328655243,0.0,0.09442231059074402,1.7927498817443848,-1.0346660614013672,-0.18619172275066376,0.5088856220245361,0.25904175639152527,0.0,0.0,0.0,0.0,0.0,0.0,0.0,0.003000000026077032,0.0,0.0,0.0,0.0,0.0,0.0,0.04179999977350235
750,25.099999749,-0.12995721399784088,1.760164499282837,-1.0111390352249146,-0.1448623239994049,0.3741985857486725,-0.06443755328655243,0.0,0.09442231059074402,1.7927498817443848,-1.0346660614013672,-0.18619172275066376,0.5088856220245361,0.25904175639152527,0.0,0.0,0.0,0.0,0.0,0.0,0.0,0.003000000026077032,0.0,0.0,0.0,0.0,0.0,0.0,0.04179999977350235
751,25.133333082,-0.12995721399784088,1.7581923007965088,-1.0128843784332275,-0.1448623239994049,0.3765024244785309,-0.06443755328655243,0.0,0.06867870688438416,1.8081262111663818,-1.043445110321045,-0.18025760352611542,0.497785359621048,0.25904175639152527,0.0,0.0,0.0,0.0,0.0,0.0,0.0,0.003000000026077032,0.0,0.0,0.0,0.0,0.0,0.0,0.041999999433755875
752,25.166666415,-0.12995721399784088,1.7581923007965088,-1.0128843784332275,-0.1448623239994049,0.3765024244785309,-0.06443755328655243,0.0,0.05400048568844795,1.8247592449188232,-1.0515782833099365,-0.17001251876354218,0.49209558963775635,0.25247931480407715,0.0,0.0,0.0,0.0,0.0,0.0,0.0,0.003000000026077032,0.0,0.0,0.0,0.0,0.0,0.0,0.0421999990940094
753,25.199999748,-0.12995721399784088,1.7600598335266113,-1.0128843784332275,-0.1477246731519699,0.38210493326187134,-0.062343161553144455,0.0,0.05400048568844795,1.8247592449188232,-1.0515782833099365,-0.17001251876354218,0.49209558963775635,0.25247931480407715,0.0,0.0,0.0,0.0,0.0,0.0,0.0,0.003000000026077032,0.0,0.0,0.0,0.0,0.0,0.0,0.0421999990940094
754,25.233333081,-0.12995721399784088,1.764580249786377,-1.0128843784332275,-0.15079644322395325,0.3837280869483948,-0.062343161553144455,0.0,0.05002113804221153,1.8470295667648315,-1.0627484321594238,-0.15385077893733978,0.48921579122543335,0.24068090319633484,0.0,0.0,0.0,0.0,0.0,0.0,0.0,0.003000000026077032,0.0,0.0,0.0,0.0,0.0,0.0,0.042399998754262924
755,25.266666414,-0.12995721399784088,1.764580249786377,-1.0128843784332275,-0.15079644322395325,0.3837280869483948,-0.062343161553144455,0.0,0.05811946466565132,1.87235426902771,-1.0742501020431519,-0.1362229436635971,0.4870690405368805,0.22718951106071472,0.0,0.0,0.0,0.0,0.0,0.0,0.0,0.003000000026077032,0.0,0.0,0.0,0.0,0.0,0.0,0.042399998754262924
756,25.299999747,-0.12927654385566711,1.7715615034103394,-1.0148741006851196,-0.15086625516414642,0.3837280869483948,-0.062343161553144455,0.0,0.05811946466565132,1.87235426902771,-1.0742501020431519,-0.1362229436635971,0.4870690405368805,0.22718951106071472,0.0,0.0,0.0,0.0,0.0,0.0,0.0,0.002899999963119626,0.0,0.0,0.0,0.0,0.0,0.0,0.042399998754262924
757,25.33333308,-0.12927654385566711,1.7775131464004517,-1.016793966293335,-0.1529082953929901,0.38899898529052734,-0.0601964071393013,0.0,0.07478735595941544,1.9014140367507935,-1.0885443687438965,-0.1111949235200882,0.4870690405368805,0.20980602502822876,0.0,0.0,0.0,0.0,0.0,0.0,0.0,0.002899999963119626,0.0,0.0,0.0,0.0,0.0,0.0,0.0414000004529953
758,25.366666413,-0.12927654385566711,1.7775131464004517,-1.016793966293335,-0.1529082953929901,0.38899898529052734,-0.0601964071393013,0.0,0.09007643908262253,1.9252203702926636,-1.1014249324798584,-0.0886976346373558,0.48485246300697327,0.18997909128665924,0.0,0.0,0.0,0.0,0.0,0.0,0.0,0.002899999963119626,0.0,0.0,0.0,0.0,0.0,0.0,0.03819999843835831
759,25.399999746,-0.12927654385566711,1.781544804573059,-1.016793966293335,-0.1529082953929901,0.38866737484931946,-0.059899698942899704,0.0,0.09007643908262253,1.9252203702926636,-1.1014249324798584,-0.0886976346373558,0.48485246300697327,0.18997909128665924,0.0,0.0,0.0,0.0,0.0,0.0,0.0,0.002899999963119626,0.0,0.0,0.0,0.0,0.0,0.0,0.03819999843835831
760,25.433333079,-0.12927654385566711,1.784494400024414,-1.0209128856658936,-0.1529082953929901,0.38866737484931946,-0.059899698942899704,0.0,0.09817477315664291,1.9454138278961182,-1.1102737188339233,-0.06339035928249359,0.4830547869205475,0.17041394114494324,0.0,0.0,0.0,0.0,0.0,0.0,0.0,0.002899999963119626,0.0,0.0,0.0,0.0,0.0,0.0,0.03370000049471855
761,25.466666412,-0.12927654385566711,1.784494400024414,-1.0209128856658936,-0.1529082953929901,0.38866737484931946,-0.059899698942899704,0.0,0.09997245669364929,1.9598826169967651,-1.1145846843719482,-0.04769985005259514,0.48000043630599976,0.15449655055999756,0.0,0.0,0.0,0.0,0.0,0.0,0.0,0.002899999963119626,0.0,0.0,0.0,0.0,0.0,0.0,0.02669999934732914
762,25.499999745,-0.12927654385566711,1.7912489175796509,-1.022780418395996,-0.1529082953929901,0.38866737484931946,-0.059899698942899704,0.0,0.09997245669364929,1.9598826169967651,-1.1145846843719482,-0.04769985005259514,0.48000043630599976,0.15449655055999756,0.0,0.0,0.0,0.0,0.0,0.0,0.0,0.002899999963119626,0.0,0.0,0.0,0.0,0.0,0.0,0.02669999934732914
763,25.533333078,-0.12927654385566711,1.7937970161437988,-1.0223615169525146,-0.1529082953929901,0.3914424479007721,-0.059899698942899704,0.0,0.1019621342420578,1.9644030332565308,-1.1194018125534058,-0.037000980228185654,0.4776093363761902,0.1474803239107132,0.0,0.0,0.0,0.0,0.0,0.0,0.0,0.002899999963119626,0.0,0.0,0.0,0.0,0.0,0.0,0.019300000742077827
764,25.566666411,-0.12927654385566711,1.7937970161437988,-1.0223615169525146,-0.1529082953929901,0.3914424479007721,-0.059899698942899704,0.0,0.1019621342420578,1.9644030332565308,-1.1194018125534058,-0.037000980228185654,0.4776093363761902,0.1474803239107132,0.0,0.0,0.0,0.0,0.0,0.0,0.0,0.002899999963119626,0.0,0.0,0.0,0.0,0.0,0.0,0.019300000742077827
765,25.599999744,-0.12927654385566711,1.7937970161437988,-1.023216724395752,-0.1529082953929901,0.3914424479007721,-0.059899698942899704,0.0,0.10442304611206055,1.9644030332565308,-1.1209551095962524,-0.03717551380395889,0.4776093363761902,0.14241886138916016,0.0,0.0,0.0,0.0,0.0,0.0,0.0,0.002899999963119626,0.0,0.0,0.0,0.0,0.0,0.0,0.01269999984651804
766,25.633333077,-0.12927654385566711,1.7937970161437988,-1.024944543838501,-0.1529082953929901,0.3914424479007721,-0.059899698942899704,0.0,0.10695377737283707,1.959934949874878,-1.1209551095962524,-0.039095375686883926,0.4755498468875885,0.13529792428016663,0.0,0.0,0.0,0.0,0.0,0.0,0.0,0.002899999963119626,0.0,0.0,0.0,0.0,0.0,0.0,0.007300000172108412
767,25.66666641,-0.12927654385566711,1.7937970161437988,-1.024944543838501,-0.1529082953929901,0.3914424479007721,-0.059899698942899704,0.0,0.10695377737283707,1.959934949874878,-1.1209551095962524,-0.039095375686883926,0.4755498468875885,0.13529792428016663,0.0,0.0,0.0,0.0,0.0,0.0,0.0,0.002899999963119626,0.0,0.0,0.0,0.0,0.0,0.0,0.007300000172108412
768,25.699999743,-0.12927654385566711,1.791318655014038,-1.024944543838501,-0.1506219208240509,0.39992475509643555,-0.061854470521211624,0.0,0.10850711911916733,1.9463213682174683,-1.1209551095962524,-0.042900193482637405,0.47771406173706055,0.13041099905967712,0.0,0.0,0.0,0.0,0.0,0.0,0.0,0.002899999963119626,0.0,0.0,0.0,0.0,0.0,0.0,0.005100000184029341
769,25.733333076,-0.12927654385566711,1.7792409658432007,-1.024944543838501,-0.14753268659114838,0.39992475509643555,-0.061906829476356506,0.0,0.1091528907418251,1.928571343421936,-1.1209551095962524,-0.0486772321164608,0.4829674959182739,0.12740904092788696,0.0,0.0,0.0,0.0,0.0,0.0,0.0,0.002899999963119626,0.0,0.0,0.0,0.0,0.0,0.0,0.005100000184029341
770,25.766666409,-0.12927654385566711,1.7792409658432007,-1.024944543838501,-0.14753268659114838,0.39992475509643555,-0.061906829476356506,0.0,0.1091528907418251,1.928571343421936,-1.1209551095962524,-0.0486772321164608,0.4829674959182739,0.12740904092788696,0.0,0.0,0.0,0.0,0.0,0.0,0.0,0.002899999963119626,0.0,0.0,0.0,0.0,0.0,0.0,0.005100000184029341
771,25.799999742,-0.12927654385566711,1.7622065544128418,-1.0227105617523193,-0.14590953290462494,0.40256020426750183,-0.06375687569379807,0.0,0.1091528907418251,1.9008032083511353,-1.1209551095962524,-0.050300389528274536,0.4895823001861572,0.11335913836956024,0.0,0.0,0.0,0.0,0.0,0.0,0.0,0.002899999963119626,0.0,0.0,0.0,0.0,0.0,0.0,0.005100000184029341
772,25.833333075,-0.12927654385566711,1.7407914400100708,-1.020790696144104,-0.14590953290462494,0.40256020426750183,-0.06375687569379807,0.0,0.1091528907418251,1.8659664392471313,-1.118947982788086,-0.050823986530303955,0.49898964166641235,0.10187486559152603,0.0,0.0,0.0,0.0,0.0,0.0,0.0,0.002899999963119626,0.0,0.0,0.0,0.0,0.0,0.0,0.005100000184029341
773,25.866666408,-0.12927654385566711,1.7407914400100708,-1.020790696144104,-0.14590953290462494,0.40256020426750183,-0.06375687569379807,0.0,0.1091528907418251,1.8659664392471313,-1.118947982788086,-0.050823986530303955,0.49898964166641235,0.10187486559152603,0.0,0.0,0.0,0.0,0.0,0.0,0.0,0.002899999963119626,0.0,0.0,0.0,0.0,0.0,0.0,0.005100000184029341
774,25.899999741,-0.12765337526798248,1.7137038707733154,-1.020790696144104,-0.14590953290462494,0.40224602818489075,-0.06375687569379807,0.0,0.1091528907418251,1.8284592628479004,-1.118947982788086,-0.050823986530303955,0.505709171295166,0.09026842564344406,0.0,0.0,0.0,0.0,0.0,0.0,0.0,0.002899999963119626,0.0,0.0,0.0,0.0,0.0,0.0,0.005100000184029341
775,25.933333074,-0.12765337526798248,1.674433946609497,-1.020790696144104,-0.14590953290462494,0.4021413028240204,-0.06553710997104645,0.0,0.10709340125322342,1.7854194641113281,-1.118947982788086,-0.04885176569223404,0.5121843218803406,0.0809483677148819,0.0,0.0,0.0,0.0,0.0,0.0,0.0,0.002899999963119626,0.0,0.0,0.0,0.0,0.0,0.0,0.005100000184029341
776,25.966666407,-0.12765337526798248,1.674433946609497,-1.020790696144104,-0.14590953290462494,0.4021413028240204,-0.06553710997104645,0.0,0.10709340125322342,1.7854194641113281,-1.118947982788086,-0.04885176569223404,0.5121843218803406,0.0809483677148819,0.0,0.0,0.0,0.0,0.0,0.0,0.0,0.002899999963119626,0.0,0.0,0.0,0.0,0.0,0.0,0.005100000184029341
777,25.99999974,-0.12765337526798248,1.6351466178894043,-1.0227454900741577,-0.15102334320545197,0.3971671164035797,-0.06553710997104645,0.0,0.10560987144708633,1.7375799417495728,-1.1214962005615234,-0.041835542768239975,0.5244016051292419,0.0696909949183464,0.0,0.0,0.0,0.0,0.0,0.0,0.0,0.002899999963119626,0.0,0.0,0.0,0.0,0.0,0.0,0.005100000184029341
778,26.033333073,-0.12765337526798248,1.5905534029006958,-1.0248398780822754,-0.15100589394569397,0.3962595462799072,-0.06553710997104645,0.0,0.10318386554718018,1.6861799955368042,-1.128966212272644,-0.039531707763671875,0.5322381258010864,0.06260496377944946,0.0,0.0,0.0,0.0,0.0,0.0,0.0,0.002899999963119626,0.0,0.0,0.0,0.0,0.0,0.0,0.005100000184029341
779,26.066666406,-0.12765337526798248,1.5905534029006958,-1.0248398780822754,-0.15100589394569397,0.3962595462799072,-0.06553710997104645,0.0,0.10318386554718018,1.6861799955368042,-1.128966212272644,-0.039531707763671875,0.5322381258010864,0.06260496377944946,0.0,0.0,0.0,0.0,0.0,0.0,0.0,0.002899999963119626,0.0,0.0,0.0,0.0,0.0,0.0,0.005100000184029341
780,26.099999739,-0.12765337526798248,1.5434993505477905,-1.029220700263977,-0.1555786430835724,0.3920533061027527,-0.06791076064109802,0.0,0.10094984620809555,1.6314115524291992,-1.1453722715377808,-0.03728023171424866,0.5429195761680603,0.05797983705997467,0.0,0.0,0.0,0.0,0.0,0.0,0.0,0.002899999963119626,0.0,0.0,0.0,0.0,0.0,0.0,0.005100000184029341
781,26.133333072,-0.12765337526798248,1.488242268562317,-1.037528395652771,-0.15852825343608856,0.39440950751304626,-0.06791076064109802,0.0,0.09670869261026382,1.5774635076522827,-1.1597188711166382,-0.03256784379482269,0.5584180951118469,0.053127821534872055,0.0,0.0,0.0,0.0,0.0,0.0,0.0,0.002899999963119626,0.0,0.0,0.0,0.0,0.0,0.0,0.005100000184029341
782,26.166666405,-0.12765337526798248,1.488242268562317,-1.037528395652771,-0.15852825343608856,0.39440950751304626,-0.06791076064109802,0.0,0.09670869261026382,1.5774635076522827,-1.1597188711166382,-0.03256784379482269,0.5584180951118469,0.053127821534872055,0.0,0.0,0.0,0.0,0.0,0.0,0.0,0.002899999963119626,0.0,0.0,0.0,0.0,0.0,0.0,0.005100000184029341
783,26.199999738,-0.1256113499403,1.4388319253921509,-1.0447889566421509,-0.16076228022575378,0.3968704044818878,-0.06791076064109802,0.0,0.09466665983200073,1.5157136917114258,-1.180558204650879,-0.02790781483054161,0.5721712708473206,0.04618141055107117,0.0,0.0,0.0,0.0,0.0,0.0,0.0,0.003000000026077032,0.0,0.0,0.0,0.0,0.0,0.0,0.005100000184029341
784,26.233333071,-0.12547172605991364,1.3866815567016602,-1.0591880083084106,-0.1636246144771576,0.40140828490257263,-0.06791076064109802,0.0,0.09466665983200073,1.462481141090393,-1.203579068183899,-0.02382374368607998,0.5883679389953613,0.04194026067852974,0.0,0.0,0.0,0.0,0.0,0.0,0.0,0.003000000026077032,0.0,0.0,0.0,0.0,0.0,0.0,0.005100000184029341
785,26.266666404,-0.12547172605991364,1.3866815567016602,-1.0591880083084106,-0.1636246144771576,0.40140828490257263,-0.06791076064109802,0.0,0.09466665983200073,1.462481141090393,-1.203579068183899,-0.02382374368607998,0.5883679389953613,0.04194026067852974,0.0,0.0,0.0,0.0,0.0,0.0,0.0,0.003000000026077032,0.0,0.0,0.0,0.0,0.0,0.0,0.005100000184029341
786,26.299999737,-0.12547172605991364,1.3362590074539185,-1.072365164756775,-0.1636246144771576,0.4077787399291992,-0.06791076064109802,0.0,0.09269443899393082,1.4099642038345337,-1.2308236360549927,-0.02094395086169243,0.6025574803352356,0.03640756756067276,0.0,0.0,0.0,0.0,0.0,0.0,0.0,0.003000000026077032,0.0,0.0,0.0,0.0,0.0,0.0,0.005100000184029341
787,26.33333307,-0.12547172605991364,1.2842656373977661,-1.0866245031356812,-0.1636246144771576,0.41662755608558655,-0.06791076064109802,0.0,0.09269443899393082,1.3574821949005127,-1.2554327249526978,-0.015358897857367992,0.6206216216087341,0.03078760765492916,0.0,0.0,0.0,0.0,0.0,0.0,0.0,0.003000000026077032,0.0,0.0,0.0,0.0,0.0,0.0,0.005100000184029341
788,26.366666403,-0.12547172605991364,1.2842656373977661,-1.0866245031356812,-0.1636246144771576,0.41662755608558655,-0.06791076064109802,0.0,0.09269443899393082,1.3574821949005127,-1.2554327249526978,-0.015358897857367992,0.6206216216087341,0.03078760765492916,0.0,0.0,0.0,0.0,0.0,0.0,0.0,0.003000000026077032,0.0,0.0,0.0,0.0,0.0,0.0,0.005100000184029341
789,26.399999736,-0.12547172605991364,1.2342619895935059,-1.0986149311065674,-0.1636246144771576,0.42580798268318176,-0.06791076064109802,0.0,0.09269443899393082,1.3076530694961548,-1.2778079509735107,-0.013316862285137177,0.6348286271095276,0.02874557301402092,0.0,0.0,0.0,0.0,0.0,0.0,0.0,0.003000000026077032,0.0,0.0,0.0,0.0,0.0,0.0,0.005100000184029341
790,26.433333069,-0.12547172605991364,1.1833332777023315,-1.1160682439804077,-0.16119861602783203,0.4442211985588074,-0.06791076064109802,0.0,0.09269443899393082,1.2555898427963257,-1.2970240116119385,-0.007731808815151453,0.6554933190345764,0.02413790300488472,0.0,0.0,0.0,0.0,0.0,0.0,0.0,0.003000000026077032,0.0,0.0,0.0,0.0,0.0,0.0,0.005100000184029341
791,26.466666402,-0.12547172605991364,1.1833332777023315,-1.1160682439804077,-0.16119861602783203,0.4442211985588074,-0.06791076064109802,0.0,0.09269443899393082,1.2555898427963257,-1.2970240116119385,-0.007731808815151453,0.6554933190345764,0.02413790300488472,0.0,0.0,0.0,0.0,0.0,0.0,0.0,0.003000000026077032,0.0,0.0,0.0,0.0,0.0,0.0,0.005100000184029341
792,26.499999735,-0.12547172605991364,1.1300134658813477,-1.132317304611206,-0.1587027907371521,0.4619362950325012,-0.06600835174322128,0.0,0.09662142395973206,1.1981335878372192,-1.3083511590957642,0.0,0.67060786485672,0.022287854924798012,0.0,0.0,0.0,0.0,0.0,0.0,0.0,0.003000000026077032,0.0,0.0,0.0,0.0,0.0,0.0,0.005100000184029341
793,26.533333068,-0.12547172605991364,1.0821739435195923,-1.1499799489974976,-0.15166911482810974,0.4841019809246063,-0.06600835174322128,0.0,0.09634217619895935,1.14867103099823,-1.3114055395126343,0.0,0.6879040598869324,0.020141098648309708,0.0,0.0,0.0,0.0,0.0,0.0,0.0,0.003000000026077032,0.0,0.0,0.0,0.0,0.0,0.0,0.005100000184029341
794,26.566666401,-0.12547172605991364,1.0821739435195923,-1.1499799489974976,-0.15166911482810974,0.4841019809246063,-0.06600835174322128,0.0,0.09634217619895935,1.14867103099823,-1.3114055395126343,0.0,0.6879040598869324,0.020141098648309708,0.0,0.0,0.0,0.0,0.0,0.0,0.0,0.003000000026077032,0.0,0.0,0.0,0.0,0.0,0.0,0.005100000184029341
795,26.599999734,-0.12547172605991364,1.0343693494796753,-1.1696498394012451,-0.14405947923660278,0.506389856338501,-0.06600835174322128,0.0,0.09866346418857574,1.0899057388305664,-1.3114055395126343,0.0,0.7078880667686462,0.018325956538319588,0.0,0.0,0.0,0.0,0.0,0.0,0.0,0.003000000026077032,0.0,0.0,0.0,0.0,0.0,0.0,0.005100000184029341
796,26.633333067,-0.12547172605991364,0.9860935807228088,-1.1861780881881714,-0.13489650189876556,0.5323952436447144,-0.06600835174322128,0.0,0.10065313428640366,1.0370397567749023,-1.3129937648773193,0.009651671163737774,0.7225139737129211,0.013962633907794952,0.0,0.0,0.0,0.0,0.0,0.0,0.0,0.003000000026077032,0.0,0.0,0.0,0.0,0.0,0.0,0.005100000184029341
797,26.6666664,-0.12547172605991364,0.9860935807228088,-1.1861780881881714,-0.13489650189876556,0.5323952436447144,-0.06600835174322128,0.0,0.10065313428640366,1.0370397567749023,-1.3129937648773193,0.009651671163737774,0.7225139737129211,0.013962633907794952,0.0,0.0,0.0,0.0,0.0,0.0,0.0,0.003000000026077032,0.0,0.0,0.0,0.0,0.0,0.0,0.005100000184029341
798,26.699999733,-0.12313298135995865,0.938306450843811,-1.1982383728027344,-0.12747885286808014,0.5540722012519836,-0.06600835174322128,0.0,0.10243337601423264,0.982690155506134,-1.3136918544769287,0.013404129073023796,0.7391818165779114,0.010018190369009972,0.0,0.0,0.0,0.0,0.0,0.0,0.0,0.003000000026077032,0.0,0.0,0.0,0.0,0.0,0.0,0.005100000184029341
799,26.733333066,-0.12313298135995865,0.8902750015258789,-1.2054640054702759,-0.11414453387260437,0.5829050540924072,-0.06600835174322128,0.0,0.10243337601423264,0.9285500645637512,-1.3153325319290161,0.013404129073023796,0.7607715725898743,0.0057072266936302185,0.0,0.0,0.0,0.0,0.0,0.0,0.0,0.003000000026077032,0.0,0.0,0.0,0.0,0.0,0.0,0.005100000184029341
800,26.766666399,-0.12313298135995865,0.8902750015258789,-1.2054640054702759,-0.11414453387260437,0.5829050540924072,-0.06600835174322128,0.0,0.10243337601423264,0.9285500645637512,-1.3153325319290161,0.013404129073023796,0.7607715725898743,0.0057072266936302185,0.0,0.0,0.0,0.0,0.0,0.0,0.0,0.003000000026077032,0.0,0.0,0.0,0.0,0.0,0.0,0.005100000184029341
801,26.799999732,-0.1209862232208252,0.8369028568267822,-1.2073664665222168,-0.10335839539766312,0.6030287146568298,-0.06600835174322128,0.0,0.10243337601423264,0.8753000497817993,-1.3153325319290161,0.01516691129654646,0.7818551659584045,0.0,0.0,0.0,0.0,0.0,0.0,0.0,0.0,0.003000000026077032,0.0,0.0,0.0,0.0,0.0,0.0,0.005100000184029341
802,26.833333065,-0.1209862232208252,0.7940549850463867,-1.2079946994781494,-0.09039060026407242,0.6246010065078735,-0.06600835174322128,0.0,0.10243337601423264,0.8259246945381165,-1.3177410364151,0.01516691129654646,0.804684042930603,0.0,0.0,0.0,0.0,0.0,0.0,0.0,0.0,0.003000000026077032,0.0,0.0,0.0,0.0,0.0,0.0,0.005100000184029341
803,26.866666398,-0.1209862232208252,0.7940549850463867,-1.2079946994781494,-0.09039060026407242,0.6246010065078735,-0.06600835174322128,0.0,0.10243337601423264,0.8259246945381165,-1.3177410364151,0.01516691129654646,0.804684042930603,0.0,0.0,0.0,0.0,0.0,0.0,0.0,0.0,0.003000000026077032,0.0,0.0,0.0,0.0,0.0,0.0,0.005100000184029341
804,26.899999731,-0.1209862232208252,0.7546629309654236,-1.206092357635498,-0.08171631395816803,0.645300567150116,-0.06600835174322128,0.0,0.10419615358114243,0.7801272869110107,-1.3184566497802734,0.017243852838873863,0.8280365467071533,0.0,0.0,0.0,0.0,0.0,0.0,0.0,0.0,0.003000000026077032,0.0,0.0,0.0,0.0,0.0,0.0,0.005100000184029341
805,26.933333064,-0.1209862232208252,0.7253413796424866,-1.2012228965759277,-0.06766641139984131,0.6598566174507141,-0.06600835174322128,0.0,0.10419615358114243,0.7377681136131287,-1.3166065216064453,0.020001472905278206,0.8539546728134155,-0.005393067374825478,0.0,0.0,0.0,0.0,0.0,0.0,0.0,0.003000000026077032,0.0,0.0,0.0,0.0,0.0,0.0,0.005100000184029341
806,26.966666397,-0.1209862232208252,0.7253413796424866,-1.2012228965759277,-0.06766641139984131,0.6598566174507141,-0.06600835174322128,0.0,0.10419615358114243,0.7377681136131287,-1.3166065216064453,0.020001472905278206,0.8539546728134155,-0.005393067374825478,0.0,0.0,0.0,0.0,0.0,0.0,0.0,0.003000000026077032,0.0,0.0,0.0,0.0,0.0,0.0,0.005100000184029341
807,26.99999973,-0.1209862232208252,0.7083069682121277,-1.1861956119537354,-0.05864306166768074,0.6803467869758606,-0.06600835174322128,0.0,0.10232865065336227,0.7152010202407837,-1.3083337545394897,0.028012534603476524,0.8814087510108948,-0.009965830482542515,0.0,0.0,0.0,0.0,0.0,0.0,0.0,0.003000000026077032,0.0,0.0,0.0,0.0,0.0,0.0,0.005100000184029341
808,27.033333063,-0.1209862232208252,0.7034375071525574,-1.1668224334716797,-0.05152212083339691,0.6978873610496521,-0.06600835174322128,0.0,0.10232865065336227,0.7056540846824646,-1.287791132926941,0.037227872759103775,0.9087580442428589,-0.014119713567197323,0.0,0.0,0.0,0.0,0.0,0.0,0.0,0.003000000026077032,0.0,0.0,0.0,0.0,0.0,0.0,0.005100000184029341
809,27.066666396,-0.1209862232208252,0.7034375071525574,-1.1668224334716797,-0.05152212083339691,0.6978873610496521,-0.06600835174322128,0.0,0.10232865065336227,0.7056540846824646,-1.287791132926941,0.037227872759103775,0.9087580442428589,-0.014119713567197323,0.0,0.0,0.0,0.0,0.0,0.0,0.0,0.003000000026077032,0.0,0.0,0.0,0.0,0.0,0.0,0.005100000184029341
810,27.099999729,-0.12454669177532196,0.7120070457458496,-1.1360348463058472,-0.04162610322237015,0.7107155323028564,-0.0682598277926445,0.0,0.10232865065336227,0.7048512101173401,-1.2630947828292847,0.04885176569223404,0.9250070452690125,-0.01638864167034626,0.0,0.0,0.0,0.0,0.0,0.0,0.0,0.003000000026077032,0.0,0.0,0.0,0.0,0.0,0.0,0.005100000184029341
811,27.133333062,-0.12454669177532196,0.7313802242279053,-1.10139000415802,-0.03614576905965805,0.7154104709625244,-0.07482226192951202,0.0,0.10232865065336227,0.7157595157623291,-1.2283626794815063,0.056269414722919464,0.9318313002586365,-0.01638864167034626,0.0,0.0,0.0,0.0,0.0,0.0,0.0,0.003000000026077032,0.0,0.0,0.0,0.0,0.0,0.0,0.005100000184029341
812,27.166666395,-0.12454669177532196,0.7313802242279053,-1.10139000415802,-0.03614576905965805,0.7154104709625244,-0.07482226192951202,0.0,0.10232865065336227,0.7157595157623291,-1.2283626794815063,0.056269414722919464,0.9318313002586365,-0.01638864167034626,0.0,0.0,0.0,0.0,0.0,0.0,0.0,0.003000000026077032,0.0,0.0,0.0,0.0,0.0,0.0,0.005100000184029341
813,27.199999728,-0.1270076036453247,0.7627263069152832,-1.0612998008728027,-0.03614576905965805,0.7087432742118835,-0.07972664386034012,0.0,0.0999550074338913,0.7406479120254517,-1.1866668462753296,0.06728244572877884,0.924675464630127,-0.01638864167034626,0.0,0.0,0.0,0.0,0.0,0.0,0.0,0.003000000026077032,0.0,0.0,0.0,0.0,0.0,0.0,0.005100000184029341
814,27.233333061,-0.1293114423751831,0.8067086338996887,-1.0149787664413452,-0.03614576905965805,0.697642982006073,-0.08173377066850662,0.0,0.09871581941843033,0.7734950184822083,-1.13835608959198,0.07798130810260773,0.902771532535553,-0.01638864167034626,0.0,0.0,0.0,0.0,0.0,0.0,0.0,0.003000000026077032,0.0,0.0,0.0,0.0,0.0,0.0,0.005100000184029341
815,27.266666394,-0.1293114423751831,0.8067086338996887,-1.0149787664413452,-0.03614576905965805,0.697642982006073,-0.08173377066850662,0.0,0.09871581941843033,0.7734950184822083,-1.13835608959198,0.07798130810260773,0.902771532535553,-0.01638864167034626,0.0,0.0,0.0,0.0,0.0,0.0,0.0,0.003000000026077032,0.0,0.0,0.0,0.0,0.0,0.0,0.005100000184029341
816,27.299999727,-0.13098695874214172,0.8462403416633606,-0.9651496410369873,-0.038955748081207275,0.6783047318458557,-0.0840899646282196,0.0,0.09871581941843033,0.8034972548484802,-1.0829592943191528,0.08614945411682129,0.8720014095306396,-0.013037609867751598,0.0,0.0,0.0,0.0,0.0,0.0,0.0,0.003000000026077032,0.0,0.0,0.0,0.0,0.0,0.0,0.005100000184029341
817,27.33333306,-0.13098695874214172,0.888232946395874,-0.9039933085441589,-0.038955748081207275,0.6522470116615295,-0.08609709143638611,0.0,0.09627236425876617,0.8329758644104004,-1.0227978229522705,0.09368927776813507,0.8339183330535889,-0.008255407214164734,0.0,0.0,0.0,0.0,0.0,0.0,0.0,0.003000000026077032,0.0,0.0,0.0,0.0,0.0,0.0,0.005100000184029341
818,27.366666393,-0.13098695874214172,0.888232946395874,-0.9039933085441589,-0.038955748081207275,0.6522470116615295,-0.08609709143638611,0.0,0.09627236425876617,0.8329758644104004,-1.0227978229522705,0.09368927776813507,0.8339183330535889,-0.008255407214164734,0.0,0.0,0.0,0.0,0.0,0.0,0.0,0.003000000026077032,0.0,0.0,0.0,0.0,0.0,0.0,0.005100000184029341
819,27.399999726,-0.13288937509059906,0.9314473271369934,-0.850813090801239,-0.04098033159971237,0.621529221534729,-0.09060004353523254,0.0,0.09627236425876617,0.8678998947143555,-0.9506808519363403,0.0990823432803154,0.7667231559753418,0.0,0.0,0.0,0.0,0.0,0.0,0.0,0.0,0.0031999999191612005,0.0,0.0,0.0,0.0,0.0,0.0,0.005100000184029341
820,27.433333059,-0.13288937509059906,0.9795311093330383,-0.8004778027534485,-0.04239404574036598,0.5807234048843384,-0.09283406287431717,0.0,0.09627236425876617,0.907326877117157,-0.8858069777488708,0.10131636261940002,0.7158817052841187,0.0,0.0,0.0,0.0,0.0,0.0,0.0,0.0,0.0031999999191612005,0.0,0.0,0.0,0.0,0.0,0.0,0.005100000184029341
821,27.466666392,-0.13288937509059906,0.9795311093330383,-0.8004778027534485,-0.04239404574036598,0.5807234048843384,-0.09283406287431717,0.0,0.09627236425876617,0.907326877117157,-0.8858069777488708,0.10131636261940002,0.7158817052841187,0.0,0.0,0.0,0.0,0.0,0.0,0.0,0.0,0.0031999999191612005,0.0,0.0,0.0,0.0,0.0,0.0,0.005100000184029341
822,27.499999725,-0.13501867651939392,1.0312801599502563,-0.7528303265571594,-0.04239404574036598,0.5389576554298401,-0.09742427617311478,0.0,0.09627236425876617,0.9530370235443115,-0.8248775005340576,0.10630800575017929,0.655074417591095,0.0,0.0,0.0,0.0,0.0,0.0,0.0,0.0,0.0031999999191612005,0.0,0.0,0.0,0.0,0.0,0.0,0.005100000184029341
823,27.533333058,-0.1350535750389099,1.0925236940383911,-0.7131415605545044,-0.04054399952292442,0.49296826124191284,-0.10173524171113968,0.0,0.09627236425876617,1.0039483308792114,-0.7699345350265503,0.10836749523878098,0.6027494668960571,0.0,0.0,0.0,0.0,0.0,0.0,0.0,0.0,0.0031999999191612005,0.0,0.0,0.0,0.0,0.0,0.0,0.005100000184029341
824,27.566666391,-0.1350535750389099,1.0925236940383911,-0.7131415605545044,-0.04054399952292442,0.49296826124191284,-0.10173524171113968,0.0,0.09627236425876617,1.0039483308792114,-0.7699345350265503,0.10836749523878098,0.6027494668960571,0.0,0.0,0.0,0.0,0.0,0.0,0.0,0.0,0.0031999999191612005,0.0,0.0,0.0,0.0,0.0,0.0,0.005100000184029341
825,27.599999724,-0.1350535750389099,1.1461926698684692,-0.682580828666687,-0.04054399952292442,0.4467868208885193,-0.10444050282239914,0.0,0.09627236425876617,1.0677226781845093,-0.7248526811599731,0.11337658762931824,0.5446997880935669,0.0,0.0,0.0,0.0,0.0,0.0,0.0,0.0,0.0031999999191612005,0.0,0.0,0.0,0.0,0.0,0.0,0.005100000184029341
826,27.633333057,-0.1350535750389099,1.203579068183899,-0.6628236770629883,-0.03794345632195473,0.40025636553764343,-0.10444050282239914,0.0,0.09627236425876617,1.1292455196380615,-0.6905569434165955,0.11337658762931824,0.49382346868515015,0.0,0.0,0.0,0.0,0.0,0.0,0.0,0.0,0.0031999999191612005,0.0,0.0,0.0,0.0,0.0,0.0,0.005100000184029341
827,27.66666639,-0.1350535750389099,1.203579068183899,-0.6628236770629883,-0.03794345632195473,0.40025636553764343,-0.10444050282239914,0.0,0.09627236425876617,1.1292455196380615,-0.6905569434165955,0.11337658762931824,0.49382346868515015,0.0,0.0,0.0,0.0,0.0,0.0,0.0,0.0,0.0031999999191612005,0.0,0.0,0.0,0.0,0.0,0.0,0.005100000184029341
828,27.699999723,-0.1350535750389099,1.2590805292129517,-0.6558598279953003,-0.03794345632195473,0.35817646980285645,-0.10444050282239914,0.0,0.09627236425876617,1.2000534534454346,-0.6709743738174438,0.11337658762931824,0.4513421356678009,0.0,0.0,0.0,0.0,0.0,0.0,0.0,0.0,0.0031999999191612005,0.0,0.0,0.0,0.0,0.0,0.0,0.005100000184029341
829,27.733333056,-0.1350535750389099,1.3233784437179565,-0.6603453159332275,-0.03609341010451317,0.3108082413673401,-0.10444050282239914,0.0,0.09627236425876617,1.2000534534454346,-0.6709743738174438,0.11337658762931824,0.4513421356678009,0.0,0.0,0.0,0.0,0.0,0.0,0.0,0.0,0.0031999999191612005,0.0,0.0,0.0,0.0,0.0,0.0,0.005100000184029341
830,27.766666389,-0.1350535750389099,1.3233784437179565,-0.6603453159332275,-0.03609341010451317,0.3108082413673401,-0.10444050282239914,0.0,0.09627236425876617,1.265293836593628,-0.6654067635536194,0.1111949235200882,0.41833797097206116,0.0,0.0,0.0,0.0,0.0,0.0,0.0,0.0,0.0031999999191612005,0.0,0.0,0.0,0.0,0.0,0.0,0.005100000184029341
831,27.799999722,-0.13311626017093658,1.3796827793121338,-0.6812194585800171,-0.03609341010451317,0.27813565731048584,-0.10182251036167145,0.0,0.09627236425876617,1.3302899599075317,-0.6701889634132385,0.10464993864297867,0.3952298164367676,-0.008011061698198318,0.0,0.0,0.0,0.0,0.0,0.0,0.0,0.0031999999191612005,0.0,0.0,0.0,0.0,0.0,0.0,0.005100000184029341
832,27.833333055,-0.13311626017093658,1.4376276731491089,-0.7123910188674927,-0.03609341010451317,0.25195571780204773,-0.10182251036167145,0.0,0.09627236425876617,1.3302899599075317,-0.6701889634132385,0.10464993864297867,0.3952298164367676,-0.008011061698198318,0.0,0.0,0.0,0.0,0.0,0.0,0.0,0.0031999999191612005,0.0,0.0,0.0,0.0,0.0,0.0,0.005100000184029341
833,27.866666388,-0.13311626017093658,1.4376276731491089,-0.7123910188674927,-0.03609341010451317,0.25195571780204773,-0.10182251036167145,0.0,0.09627236425876617,1.3968567848205566,-0.6877644658088684,0.09943141043186188,0.39243727922439575,-0.01226966455578804,0.0,0.0,0.0,0.0,0.0,0.0,0.0,0.0031999999191612005,0.0,0.0,0.0,0.0,0.0,0.0,0.005100000184029341
834,27.899999721,-0.1287703961133957,1.495590090751648,-0.755151629447937,-0.03609341010451317,0.23636993765830994,-0.10182251036167145,0.0,0.09627236425876617,1.462795376777649,-0.7169986963272095,0.09201376140117645,0.3949680030345917,-0.01417207345366478,0.0,0.0,0.0,0.0,0.0,0.0,0.0,0.003700000001117587,0.0,0.0,0.0,0.0,0.0,0.0,0.005200000014156103
835,27.933333054,-0.12650147080421448,1.5523656606674194,-0.8093440532684326,-0.0385892279446125,0.23516567051410675,-0.10182251036167145,0.0,0.09627236425876617,1.5255573987960815,-0.7593404054641724,0.08197811245918274,0.41320669651031494,-0.01661553420126438,0.0,0.0,0.0,0.0,0.0,0.0,0.0,0.005400000140070915,0.0,0.0,0.0,0.0,0.0,0.0,0.007300000172108412
836,27.966666387,-0.12650147080421448,1.5523656606674194,-0.8093440532684326,-0.0385892279446125,0.23516567051410675,-0.10182251036167145,0.0,0.09627236425876617,1.5255573987960815,-0.7593404054641724,0.08197811245918274,0.41320669651031494,-0.01661553420126438,0.0,0.0,0.0,0.0,0.0,0.0,0.0,0.005400000140070915,0.0,0.0,0.0,0.0,0.0,0.0,0.007300000172108412
837,27.99999972,-0.1218239814043045,1.6113927364349365,-0.8672017455101013,-0.04167846217751503,0.24068090319633484,-0.10674433410167694,0.0,0.09627236425876617,1.5923511981964111,-0.8123984336853027,0.07501424849033356,0.433138370513916,-0.02134537696838379,0.0,0.0,0.0,0.0,0.0,0.0,0.0,0.01119999960064888,0.0,0.0,0.0,0.0,0.0,0.0,0.013199999928474426
838,28.033333053,-0.11761774122714996,1.6547292470932007,-0.9190903902053833,-0.049323003739118576,0.2644522786140442,-0.11208504438400269,0.0,0.09627236425876617,1.6412029266357422,-0.8767836093902588,0.07180284708738327,0.4532968997955322,-0.025534167885780334,0.0,0.0,0.0,0.0,0.0,0.0,0.0,0.02319999970495701,0.0,0.0,0.0,0.0,0.0,0.0,0.024299999698996544
839,28.066666386,-0.11761774122714996,1.6547292470932007,-0.9190903902053833,-0.049323003739118576,0.2644522786140442,-0.11208504438400269,0.0,0.09627236425876617,1.6412029266357422,-0.8767836093902588,0.07180284708738327,0.4532968997955322,-0.025534167885780334,0.0,0.0,0.0,0.0,0.0,0.0,0.0,0.02319999970495701,0.0,0.0,0.0,0.0,0.0,0.0,0.024299999698996544
840,28.099999719,-0.1108982190489769,1.6882569789886475,-0.9685879349708557,-0.05340707674622536,0.2943672239780426,-0.11667525768280029,0.0,0.09627236425876617,1.6774708032608032,-0.948691189289093,0.07180284708738327,0.47628289461135864,-0.028134707361459732,0.0,0.0,0.0,0.0,0.0,0.0,0.0,0.0364999994635582,0.0,0.0,0.0,0.0,0.0,0.0,0.03840000182390213
841,28.133333052,-0.10643018037080765,1.7081712484359741,-1.0013651847839355,-0.06174974888563156,0.32159435749053955,-0.12323769927024841,0.0,0.09627236425876617,1.7015738487243652,-1.0161830186843872,0.07180284708738327,0.505709171295166,-0.028134707361459732,0.0,0.0,0.0,0.0,0.0,0.0,0.0,0.04569999873638153,0.0,0.0,0.0,0.0,0.0,0.0,0.04529999941587448
842,28.166666385,-0.10643018037080765,1.7081712484359741,-1.0013651847839355,-0.06174974888563156,0.32159435749053955,-0.12323769927024841,0.0,0.09627236425876617,1.7015738487243652,-1.0161830186843872,0.07180284708738327,0.505709171295166,-0.028134707361459732,0.0,0.0,0.0,0.0,0.0,0.0,0.0,0.04569999873638153,0.0,0.0,0.0,0.0,0.0,0.0,0.04529999941587448
843,28.199999718,-0.1048419252038002,1.7149430513381958,-1.0219252109527588,-0.06459463387727737,0.35349899530410767,-0.12562879920005798,0.0,0.09627236425876617,1.713302493095398,-1.0610206127166748,0.07180284708738327,0.5372821688652039,-0.02981022372841835,0.0,0.0,0.0,0.0,0.0,0.0,0.0,0.0494999997317791,0.0,0.0,0.0,0.0,0.0,0.0,0.047600001096725464
844,28.233333051,-0.10245082527399063,1.7149430513381958,-1.030198097229004,-0.07421139627695084,0.39294344186782837,-0.12562879920005798,0.0,0.09627236425876617,1.7159030437469482,-1.0950719118118286,0.06921976059675217,0.5705132484436035,-0.027035150676965714,0.0,0.0,0.0,0.0,0.0,0.0,0.0,0.0502999983727932,0.0,0.0,0.0,0.0,0.0,0.0,0.04769999906420708
845,28.266666384,-0.10245082527399063,1.7149430513381958,-1.030198097229004,-0.07421139627695084,0.39294344186782837,-0.12562879920005798,0.0,0.09627236425876617,1.7159030437469482,-1.0950719118118286,0.06921976059675217,0.5705132484436035,-0.027035150676965714,0.0,0.0,0.0,0.0,0.0,0.0,0.0,0.0502999983727932,0.0,0.0,0.0,0.0,0.0,0.0,0.04769999906420708
846,28.299999717,-0.10004227608442307,1.6987813711166382,-1.0275276899337769,-0.07504915446043015,0.43045055866241455,-0.12562879920005798,0.0,0.09824458509683609,1.7053087949752808,-1.1177088022232056,0.06665412336587906,0.5996776819229126,-0.027035150676965714,0.0,0.0,0.0,0.0,0.0,0.0,0.0,0.0502999983727932,0.0,0.0,0.0,0.0,0.0,0.0,0.0471000000834465
847,28.33333305,-0.0962025448679924,1.666021466255188,-1.0133905410766602,-0.08079129457473755,0.4605574905872345,-0.12562879920005798,0.0,0.09824458509683609,1.6781864166259766,-1.1263656616210938,0.06665412336587906,0.6262590289115906,-0.027035150676965714,0.0,0.0,0.0,0.0,0.0,0.0,0.0,0.0502999983727932,0.0,0.0,0.0,0.0,0.0,0.0,0.046300001442432404
848,28.366666383,-0.0962025448679924,1.666021466255188,-1.0133905410766602,-0.08079129457473755,0.4605574905872345,-0.12562879920005798,0.0,0.09824458509683609,1.6781864166259766,-1.1263656616210938,0.06665412336587906,0.6262590289115906,-0.027035150676965714,0.0,0.0,0.0,0.0,0.0,0.0,0.0,0.0502999983727932,0.0,0.0,0.0,0.0,0.0,0.0,0.046300001442432404
849,28.399999716,-0.09470156580209732,1.6256868839263916,-0.9863902926445007,-0.07998844236135483,0.48745301365852356,-0.13067279756069183,0.0,0.09824458509683609,1.6422500610351562,-1.1278666257858276,0.06665412336587906,0.646295428276062,-0.023369958624243736,0.0,0.0,0.0,0.0,0.0,0.0,0.0,0.0502999983727932,0.0,0.0,0.0,0.0,0.0,0.0,0.04569999873638153
850,28.433333049,-0.08955284208059311,1.5760847330093384,-0.9414306282997131,-0.07810348272323608,0.5106658935546875,-0.13487903773784637,0.0,0.09824458509683609,1.5917751789093018,-1.1121761798858643,0.06665412336587906,0.6557376384735107,-0.021467549726366997,0.0,0.0,0.0,0.0,0.0,0.0,0.0,0.0502999983727932,0.0,0.0,0.0,0.0,0.0,0.0,0.045099999755620956
851,28.466666382,-0.08955284208059311,1.5760847330093384,-0.9414306282997131,-0.07810348272323608,0.5106658935546875,-0.13487903773784637,0.0,0.09824458509683609,1.5917751789093018,-1.1121761798858643,0.06665412336587906,0.6557376384735107,-0.021467549726366997,0.0,0.0,0.0,0.0,0.0,0.0,0.0,0.0502999983727932,0.0,0.0,0.0,0.0,0.0,0.0,0.045099999755620956
852,28.499999715,-0.08251916617155075,1.527040958404541,-0.8924566507339478,-0.07033676654100418,0.5197590589523315,-0.14238396286964417,0.0,0.09824458509683609,1.521578073501587,-1.0854551792144775,0.073164202272892,0.6576226353645325,-0.017331119626760483,0.0,0.0,0.0,0.0,0.0,0.0,0.0,0.05050000175833702,0.0,0.0,0.0,0.0,0.0,0.0,0.04470000043511391
853,28.533333048,-0.07312929630279541,1.500669002532959,-0.8357858061790466,-0.06834709644317627,0.5245935916900635,-0.14435617625713348,0.0,0.09824458509683609,1.4535276889801025,-1.040094017982483,0.07791149616241455,0.6576226353645325,-0.017331119626760483,0.0,0.0,0.0,0.0,0.0,0.0,0.0,0.05050000175833702,0.0,0.0,0.0,0.0,0.0,0.0,0.04439999908208847
854,28.566666381,-0.07312929630279541,1.500669002532959,-0.8357858061790466,-0.06834709644317627,0.5245935916900635,-0.14435617625713348,0.0,0.09824458509683609,1.4535276889801025,-1.040094017982483,0.07791149616241455,0.6576226353645325,-0.017331119626760483,0.0,0.0,0.0,0.0,0.0,0.0,0.0,0.05050000175833702,0.0,0.0,0.0,0.0,0.0,0.0,0.04439999908208847
855,28.599999714,-0.06578145921230316,1.4854496717453003,-0.7916988134384155,-0.0630587488412857,0.5194448828697205,-0.14611896872520447,0.0,0.10018189996480942,1.395844578742981,-0.9888686537742615,0.07782423496246338,0.6585127115249634,-0.015568336471915245,0.0,0.0,0.0,0.0,0.0,0.0,0.0,0.05079999938607216,0.0,0.0,0.0,0.0,0.0,0.0,0.04399999976158142
856,28.633333047,-0.06201154738664627,1.4805454015731812,-0.7552563548088074,-0.06082472577691078,0.5014680027961731,-0.14611896872520447,0.0,0.10018189996480942,1.395844578742981,-0.9888686537742615,0.07782423496246338,0.6585127115249634,-0.015568336471915245,0.0,0.0,0.0,0.0,0.0,0.0,0.0,0.05139999836683273,0.0,0.0,0.0,0.0,0.0,0.0,0.04399999976158142
857,28.66666638,-0.06201154738664627,1.4805454015731812,-0.7552563548088074,-0.06082472577691078,0.5014680027961731,-0.14611896872520447,0.0,0.10018189996480942,1.3503262996673584,-0.9259146451950073,0.07993607968091965,0.6618462800979614,-0.01589994877576828,0.0,0.0,0.0,0.0,0.0,0.0,0.0,0.05139999836683273,0.0,0.0,0.0,0.0,0.0,0.0,0.043800000101327896
858,28.699999713,-0.05939355492591858,1.487107753753662,-0.725899875164032,-0.053284902125597,0.4908389449119568,-0.14611896872520447,0.0,0.10018189996480942,1.3173919916152954,-0.8617039322853088,0.07993607968091965,0.6706427931785583,-0.01589994877576828,0.0,0.0,0.0,0.0,0.0,0.0,0.0,0.051600001752376556,0.0,0.0,0.0,0.0,0.0,0.0,0.043699998408555984
859,28.733333046,-0.05735151842236519,1.510687232017517,-0.7104886174201965,-0.0446455217897892,0.47364744544029236,-0.14365805685520172,0.0,0.10018189996480942,1.3173919916152954,-0.8617039322853088,0.07993607968091965,0.6706427931785583,-0.01589994877576828,0.0,0.0,0.0,0.0,0.0,0.0,0.0,0.05169999971985817,0.0,0.0,0.0,0.0,0.0,0.0,0.043699998408555984
860,28.766666379,-0.05735151842236519,1.510687232017517,-0.7104886174201965,-0.0446455217897892,0.47364744544029236,-0.14365805685520172,0.0,0.10018189996480942,1.2945630550384521,-0.8210552334785461,0.08250171691179276,0.6695082783699036,-0.01589994877576828,0.0,0.0,0.0,0.0,0.0,0.0,0.0,0.05169999971985817,0.0,0.0,0.0,0.0,0.0,0.0,0.043699998408555984
861,28.799999712,-0.05251695588231087,1.5423997640609741,-0.7057762145996094,-0.03433062508702278,0.4579918384552002,-0.1417207419872284,0.0,0.09787806123495102,1.281891942024231,-0.7784517407417297,0.08429940044879913,0.673417866230011,-0.01589994877576828,0.0,0.0,0.0,0.0,0.0,0.0,0.0,0.051899999380111694,0.0,0.0,0.0,0.0,0.0,0.0,0.043699998408555984
862,28.833333045,-0.04764748737215996,1.5820188522338867,-0.7129321098327637,-0.023579398170113564,0.4495618939399719,-0.1417207419872284,0.0,0.09787806123495102,1.281891942024231,-0.7784517407417297,0.08429940044879913,0.673417866230011,-0.01589994877576828,0.0,0.0,0.0,0.0,0.0,0.0,0.0,0.05220000073313713,0.0,0.0,0.0,0.0,0.0,0.0,0.043699998408555984
863,28.866666378,-0.04764748737215996,1.5820188522338867,-0.7129321098327637,-0.023579398170113564,0.4495618939399719,-0.1417207419872284,0.0,0.09787806123495102,1.2863949537277222,-0.7519053220748901,0.08429940044879913,0.6820921301841736,-0.01589994877576828,0.0,0.0,0.0,0.0,0.0,0.0,0.0,0.05220000073313713,0.0,0.0,0.0,0.0,0.0,0.0,0.043699998408555984
864,28.899999711,-0.038606684654951096,1.6169428825378418,-0.7306646108627319,-0.013316862285137177,0.44223153591156006,-0.1417207419872284,0.0,0.09787806123495102,1.300392508506775,-0.7375412583351135,0.08635888993740082,0.6843435764312744,-0.01797689124941826,0.0,0.0,0.0,0.0,0.0,0.0,0.0,0.05260000005364418,0.0,0.0,0.0,0.0,0.0,0.0,0.043699998408555984
865,28.933333044,-0.031695179641246796,1.645129919052124,-0.745377779006958,-0.00898844562470913,0.43357470631599426,-0.1417207419872284,0.0,0.09787806123495102,1.300392508506775,-0.7375412583351135,0.08635888993740082,0.6843435764312744,-0.01797689124941826,0.0,0.0,0.0,0.0,0.0,0.0,0.0,0.052799999713897705,0.0,0.0,0.0,0.0,0.0,0.0,0.043699998408555984
866,28.966666377,-0.031695179641246796,1.645129919052124,-0.745377779006958,-0.00898844562470913,0.43357470631599426,-0.1417207419872284,0.0,0.09660397469997406,1.3265724182128906,-0.7370874285697937,0.09122835844755173,0.6898763179779053,-0.01797689124941826,0.0,0.0,0.0,0.0,0.0,0.0,0.0,0.052799999713897705,0.0,0.0,0.0,0.0,0.0,0.0,0.04360000044107437
867,28.99999971,-0.024155355989933014,1.6738405227661133,-0.7546280026435852,-0.00898844562470913,0.43900266289711,-0.14030702412128448,0.0,0.09567894786596298,1.3579883575439453,-0.7478561401367188,0.09121090918779373,0.6938033103942871,-0.01797689124941826,0.0,0.0,0.0,0.0,0.0,0.0,0.0,0.052799999713897705,0.0,0.0,0.0,0.0,0.0,0.0,0.04340000078082085
868,29.033333043,-0.01958259381353855,1.6983275413513184,-0.7641924023628235,-0.010821041651070118,0.4409225285053253,-0.13613568246364594,0.0,0.09567894786596298,1.3579883575439453,-0.7478561401367188,0.09121090918779373,0.6938033103942871,-0.01797689124941826,0.0,0.0,0.0,0.0,0.0,0.0,0.0,0.05260000005364418,0.0,0.0,0.0,0.0,0.0,0.0,0.04340000078082085
869,29.066666376,-0.01958259381353855,1.6983275413513184,-0.7641924023628235,-0.010821041651070118,0.4409225285053253,-0.13613568246364594,0.0,0.09567894786596298,1.381899356842041,-0.7714704275131226,0.09318313002586365,0.6988472938537598,-0.01797689124941826,0.0,0.0,0.0,0.0,0.0,0.0,0.0,0.05260000005364418,0.0,0.0,0.0,0.0,0.0,0.0,0.04320000112056732
870,29.099999709,-0.009669124148786068,1.7172818183898926,-0.7699519991874695,-0.0131772356107831,0.43676865100860596,-0.1362054944038391,0.0,0.09567894786596298,1.3999111652374268,-0.8069180846214294,0.0956440418958664,0.7033677101135254,-0.01797689124941826,0.0,0.0,0.0,0.0,0.0,0.0,0.0,0.051100000739097595,0.0,0.0,0.0,0.0,0.0,0.0,0.042899999767541885
871,29.133333042,-0.0014660765882581472,1.7243852615356445,-0.7720114588737488,-0.01539380382746458,0.43676865100860596,-0.13430309295654297,0.0,0.09567894786596298,1.3999111652374268,-0.8069180846214294,0.0956440418958664,0.7033677101135254,-0.01797689124941826,0.0,0.0,0.0,0.0,0.0,0.0,0.0,0.04839999973773956,0.0,0.0,0.0,0.0,0.0,0.0,0.042899999767541885
872,29.166666375,-0.0014660765882581472,1.7243852615356445,-0.7720114588737488,-0.01539380382746458,0.43676865100860596,-0.13430309295654297,0.0,0.09567894786596298,1.4107496738433838,-0.8454549312591553,0.0988030880689621,0.7033677101135254,-0.01797689124941826,0.0,0.0,0.0,0.0,0.0,0.0,0.0,0.04839999973773956,0.0,0.0,0.0,0.0,0.0,0.0,0.04259999841451645
873,29.199999708,0.00898844562470913,1.7297608852386475,-0.7720114588737488,-0.015097098425030708,0.43244022130966187,-0.13430309295654297,0.0,0.09567894786596298,1.4161601066589355,-0.866346538066864,0.10074040293693542,0.7123561501502991,-0.02015855349600315,0.0,0.0,0.0,0.0,0.0,0.0,0.0,0.045899998396635056,0.0,0.0,0.0,0.0,0.0,0.0,0.042500000447034836
874,29.233333041,0.014590952545404434,1.7350667715072632,-0.7720114588737488,-0.012810716405510902,0.4306250810623169,-0.13430309295654297,0.0,0.09567894786596298,1.4161601066589355,-0.866346538066864,0.10074040293693542,0.7123561501502991,-0.02015855349600315,0.0,0.0,0.0,0.0,0.0,0.0,0.0,0.044599998742341995,0.0,0.0,0.0,0.0,0.0,0.0,0.042500000447034836
875,29.266666374,0.014590952545404434,1.7350667715072632,-0.7720114588737488,-0.012810716405510902,0.4306250810623169,-0.13430309295654297,0.0,0.09567894786596298,1.4202791452407837,-0.8738688826560974,0.10332348942756653,0.714310884475708,-0.02015855349600315,0.0,0.0,0.0,0.0,0.0,0.0,0.0,0.044599998742341995,0.0,0.0,0.0,0.0,0.0,0.0,0.0421999990940094
876,29.299999707,0.022165682166814804,1.741943359375,-0.7720114588737488,-0.012810716405510902,0.4306250810623169,-0.13430309295654297,0.0,0.09567894786596298,1.420977234840393,-0.8724377155303955,0.10461503267288208,0.7168067097663879,-0.02263692021369934,0.0,0.0,0.0,0.0,0.0,0.0,0.0,0.04430000111460686,0.0,0.0,0.0,0.0,0.0,0.0,0.041999999433755875
877,29.33333304,0.026825711131095886,1.746620774269104,-0.7720114588737488,-0.008726646192371845,0.42931610345840454,-0.13430309295654297,0.0,0.09567894786596298,1.420977234840393,-0.8724377155303955,0.10461503267288208,0.7168067097663879,-0.02263692021369934,0.0,0.0,0.0,0.0,0.0,0.0,0.0,0.04360000044107437,0.0,0.0,0.0,0.0,0.0,0.0,0.041999999433755875
878,29.366666373,0.026825711131095886,1.746620774269104,-0.7720114588737488,-0.008726646192371845,0.42931610345840454,-0.13430309295654297,0.0,0.09567894786596298,1.420977234840393,-0.8677427768707275,0.10735519975423813,0.7213620543479919,-0.02263692021369934,0.0,0.0,0.0,0.0,0.0,0.0,0.0,0.04360000044107437,0.0,0.0,0.0,0.0,0.0,0.0,0.04170000180602074
879,29.399999706,0.03150319308042526,1.7531483173370361,-0.7720114588737488,-0.00617846567183733,0.42842596769332886,-0.13718287646770477,0.0,0.09567894786596298,1.420977234840393,-0.8587368726730347,0.11112511157989502,0.7174873948097229,-0.02263692021369934,0.0,0.0,0.0,0.0,0.0,0.0,0.0,0.0430000014603138,0.0,0.0,0.0,0.0,0.0,0.0,0.04129999876022339
880,29.433333039,0.03159045800566673,1.7575116157531738,-0.7700567245483398,0.0,0.4210955798625946,-0.13721778988838196,0.0,0.09567894786596298,1.420977234840393,-0.8587368726730347,0.11112511157989502,0.7174873948097229,-0.02263692021369934,0.0,0.0,0.0,0.0,0.0,0.0,0.0,0.04149999842047691,0.0,0.0,0.0,0.0,0.0,0.0,0.04129999876022339
881,29.466666372,0.03159045800566673,1.7575116157531738,-0.7700567245483398,0.0,0.4210955798625946,-0.13721778988838196,0.0,0.09567894786596298,1.4145021438598633,-0.8451233506202698,0.11337658762931824,0.7192152738571167,-0.02263692021369934,0.0,0.0,0.0,0.0,0.0,0.0,0.0,0.04149999842047691,0.0,0.0,0.0,0.0,0.0,0.0,0.041200000792741776
882,29.499999705,0.03159045800566673,1.7621018886566162,-0.7681543231010437,0.0,0.4162435829639435,-0.14079570770263672,0.0,0.09567894786596298,1.4145021438598633,-0.8451233506202698,0.11337658762931824,0.7192152738571167,-0.02263692021369934,0.0,0.0,0.0,0.0,0.0,0.0,0.0,0.03830000013113022,0.0,0.0,0.0,0.0,0.0,0.0,0.041200000792741776
883,29.533333038,0.03159045800566673,1.7621018886566162,-0.7681543231010437,0.0,0.4162435829639435,-0.14079570770263672,0.0,0.09567894786596298,1.410522699356079,-0.8269718885421753,0.11337658762931824,0.7192152738571167,-0.027471482753753662,0.0,0.0,0.0,0.0,0.0,0.0,0.0,0.03830000013113022,0.0,0.0,0.0,0.0,0.0,0.0,0.04100000113248825
884,29.566666371,0.03358013555407524,1.764039158821106,-0.7681543231010437,0.006300638429820538,0.41374775767326355,-0.14079570770263672,0.0,0.09567894786596298,1.4060896635055542,-0.8098851442337036,0.1152091845870018,0.7192152738571167,-0.027471482753753662,0.0,0.0,0.0,0.0,0.0,0.0,0.0,0.034299999475479126,0.0,0.0,0.0,0.0,0.0,0.0,0.040699999779462814
885,29.599999704,0.03358013555407524,1.7660812139511108,-0.7664089798927307,0.008255407214164734,0.4072202146053314,-0.14079570770263672,0.0,0.09396852552890778,1.4038032293319702,-0.7913497090339661,0.1152091845870018,0.7168416380882263,-0.030089477077126503,0.0,0.0,0.0,0.0,0.0,0.0,0.0,0.029100000858306885,0.0,0.0,0.0,0.0,0.0,0.0,0.04050000011920929
886,29.633333037,0.03358013555407524,1.7660812139511108,-0.7664089798927307,0.008255407214164734,0.4072202146053314,-0.14079570770263672,0.0,0.09396852552890778,1.4038032293319702,-0.7913497090339661,0.1152091845870018,0.7168416380882263,-0.030089477077126503,0.0,0.0,0.0,0.0,0.0,0.0,0.0,0.029100000858306885,0.0,0.0,0.0,0.0,0.0,0.0,0.04050000011920929
887,29.66666637,0.03358013555407524,1.7679661512374878,-0.7645065784454346,0.013124875724315643,0.3982841372489929,-0.14353588223457336,0.0,0.09396852552890778,1.4038032293319702,-0.7679623365402222,0.1180889755487442,0.7108202576637268,-0.030089477077126503,0.0,0.0,0.0,0.0,0.0,0.0,0.0,0.023000000044703484,0.0,0.0,0.0,0.0,0.0,0.0,0.04050000011920929
888,29.699999703,0.03358013555407524,1.7679661512374878,-0.7645065784454346,0.015009831637144089,0.3920009434223175,-0.1457698941230774,0.0,0.09396852552890778,1.4072939157485962,-0.7457442879676819,0.1180889755487442,0.7024251818656921,-0.027925267815589905,0.0,0.0,0.0,0.0,0.0,0.0,0.0,0.015300000086426735,0.0,0.0,0.0,0.0,0.0,0.0,0.04050000011920929
889,29.733333036,0.03358013555407524,1.7679661512374878,-0.7645065784454346,0.015009831637144089,0.3920009434223175,-0.1457698941230774,0.0,0.09396852552890778,1.4072939157485962,-0.7457442879676819,0.1180889755487442,0.7024251818656921,-0.027925267815589905,0.0,0.0,0.0,0.0,0.0,0.0,0.0,0.015300000086426735,0.0,0.0,0.0,0.0,0.0,0.0,0.04050000011920929
890,29.766666369,0.03358013555407524,1.76950204372406,-0.7645065784454346,0.016842426732182503,0.3879343271255493,-0.1457698941230774,0.0,0.09396852552890778,1.414851188659668,-0.719546914100647,0.1180889755487442,0.6929306387901306,-0.0253421813249588,0.0,0.0,0.0,0.0,0.0,0.0,0.0,0.00930000003427267,0.0,0.0,0.0,0.0,0.0,0.0,0.04039999842643738
891,29.799999702,0.03176499158143997,1.7717535495758057,-0.7645065784454346,0.019861847162246704,0.3879343271255493,-0.14758503437042236,0.0,0.09396852552890778,1.4218499660491943,-0.698637843132019,0.1180889755487442,0.6720390319824219,-0.019861847162246704,0.0,0.0,0.0,0.0,0.0,0.0,0.0,0.006099999882280827,0.0,0.0,0.0,0.0,0.0,0.0,0.040300000458955765
892,29.833333035,0.03176499158143997,1.7717535495758057,-0.7645065784454346,0.019861847162246704,0.3879343271255493,-0.14758503437042236,0.0,0.09396852552890778,1.4218499660491943,-0.698637843132019,0.1180889755487442,0.6720390319824219,-0.019861847162246704,0.0,0.0,0.0,0.0,0.0,0.0,0.0,0.006099999882280827,0.0,0.0,0.0,0.0,0.0,0.0,0.040300000458955765
893,29.866666368,0.03176499158143997,1.7717535495758057,-0.7668627500534058,0.019896753132343292,0.3897320330142975,-0.14988887310028076,0.0,0.09396852552890778,1.4302798509597778,-0.6782698631286621,0.1180889755487442,0.6596471667289734,-0.017034413293004036,0.0,0.0,0.0,0.0,0.0,0.0,0.0,0.00430000014603138,0.0,0.0,0.0,0.0,0.0,0.0,0.04019999876618385
894,29.899999701,0.029932396486401558,1.7697813510894775,-0.7668627500534058,0.021711895242333412,0.3934844732284546,-0.14988887310028076,0.0,0.09396852552890778,1.4302798509597778,-0.6782698631286621,0.1180889755487442,0.6596471667289734,-0.017034413293004036,0.0,0.0,0.0,0.0,0.0,0.0,0.0,0.0032999999821186066,0.0,0.0,0.0,0.0,0.0,0.0,0.04019999876618385
895,29.933333034,0.029932396486401558,1.7697813510894775,-0.7668627500534058,0.021711895242333412,0.3934844732284546,-0.14988887310028076,0.0,0.09396852552890778,1.440542459487915,-0.6603453159332275,0.1235518604516983,0.6442359089851379,-0.012915436178445816,0.0,0.0,0.0,0.0,0.0,0.0,0.0,0.0032999999821186066,0.0,0.0,0.0,0.0,0.0,0.0,0.040300000458955765
896,29.966666367,0.029932396486401558,1.7591696977615356,-0.7686255574226379,0.023684117943048477,0.4000469148159027,-0.1526814103126526,0.0,0.09396852552890778,1.4519394636154175,-0.6450562477111816,0.12938125431537628,0.6316695809364319,-0.008412486873567104,0.0,0.0,0.0,0.0,0.0,0.0,0.0,0.00279999990016222,0.0,0.0,0.0,0.0,0.0,0.0,0.04050000011920929
897,29.9999997,0.027960173785686493,1.7495180368423462,-0.7689571380615234,0.02551671303808689,0.4076041877269745,-0.15533430874347687,0.0,0.09396852552890778,1.4579782485961914,-0.634322464466095,0.13760176301002502,0.6224542260169983,-0.008429939858615398,0.0,0.0,0.0,0.0,0.0,0.0,0.0,0.0026000000070780516,0.0,0.0,0.0,0.0,0.0,0.0,0.041099999099969864
898,30.033333033,0.027960173785686493,1.7495180368423462,-0.7689571380615234,0.02551671303808689,0.4076041877269745,-0.15533430874347687,0.0,0.09396852552890778,1.4579782485961914,-0.634322464466095,0.13760176301002502,0.6224542260169983,-0.008429939858615398,0.0,0.0,0.0,0.0,0.0,0.0,0.0,0.0026000000070780516,0.0,0.0,0.0,0.0,0.0,0.0,0.041099999099969864
899,30.066666366,0.027960173785686493,1.7362186908721924,-0.771278440952301,0.02750638872385025,0.41922807693481445,-0.15776030719280243,0.0,0.0959058403968811,1.4670190811157227,-0.6218782663345337,0.14941763877868652,0.6174975037574768,-0.010646508075296879,0.0,0.0,0.0,0.0,0.0,0.0,0.0,0.0026000000070780516,0.0,0.0,0.0,0.0,0.0,0.0,0.0421999990940094
900,30.099999699,0.027960173785686493,1.7193238735198975,-0.771278440952301,0.02750638872385025,0.44202208518981934,-0.15776030719280243,0.0,0.09972811490297318,1.4691483974456787,-0.6101845502853394,0.16346754133701324,0.6110572218894958,-0.01310742273926735,0.0,0.0,0.0,0.0,0.0,0.0,0.0,0.0026000000070780516,0.0,0.0,0.0,0.0,0.0,0.0,0.0430000014603138
901,30.133333032,0.027960173785686493,1.7193238735198975,-0.771278440952301,0.02750638872385025,0.44202208518981934,-0.15776030719280243,0.0,0.09972811490297318,1.4691483974456787,-0.6101845502853394,0.16346754133701324,0.6110572218894958,-0.01310742273926735,0.0,0.0,0.0,0.0,0.0,0.0,0.0,0.0026000000070780516,0.0,0.0,0.0,0.0,0.0,0.0,0.0430000014603138
902,30.166666365,0.027960173785686493,1.7014167308807373,-0.771278440952301,0.02546435408294201,0.44652503728866577,-0.15776030719280243,0.0,0.10218902677297592,1.4749253988265991,-0.6052801609039307,0.17376497387886047,0.6013531684875488,-0.013753194361925125,0.0,0.0,0.0,0.0,0.0,0.0,0.0,0.0026000000070780516,0.0,0.0,0.0,0.0,0.0,0.0,0.04360000044107437
903,30.199999698,0.027960173785686493,1.6793034076690674,-0.7753974199295044,0.024155355989933014,0.455670565366745,-0.15776030719280243,0.0,0.10733775049448013,1.4857988357543945,-0.5971818566322327,0.18914133310317993,0.59440678358078,-0.01572541706264019,0.0,0.0,0.0,0.0,0.0,0.0,0.0,0.0024999999441206455,0.0,0.0,0.0,0.0,0.0,0.0,0.04399999976158142
904,30.233333031,0.027960173785686493,1.6793034076690674,-0.7753974199295044,0.024155355989933014,0.455670565366745,-0.15776030719280243,0.0,0.10733775049448013,1.4857988357543945,-0.5971818566322327,0.18914133310317993,0.59440678358078,-0.01572541706264019,0.0,0.0,0.0,0.0,0.0,0.0,0.0,0.0024999999441206455,0.0,0.0,0.0,0.0,0.0,0.0,0.04399999976158142
905,30.266666364,0.02981022372841835,1.6572076082229614,-0.7751879692077637,0.02321287989616394,0.47019168734550476,-0.1555437445640564,0.0,0.1114741787314415,1.4928499460220337,-0.5931676030158997,0.20210912823677063,0.5833239555358887,-0.021293016150593758,0.0,0.0,0.0,0.0,0.0,0.0,0.0,0.002400000113993883,0.0,0.0,0.0,0.0,0.0,0.0,0.04410000145435333
906,30.299999697,0.02981022372841835,1.637101411819458,-0.7751879692077637,0.021589722484350204,0.478132963180542,-0.1555437445640564,0.0,0.11590731889009476,1.504299283027649,-0.5908288359642029,0.2180265337228775,0.5758888125419617,-0.0253421813249588,0.0,0.0,0.0,0.0,0.0,0.0,0.0,0.002199999988079071,0.0,0.0,0.0,0.0,0.0,0.0,0.04410000145435333
907,30.33333303,0.02981022372841835,1.637101411819458,-0.7751879692077637,0.021589722484350204,0.478132963180542,-0.1555437445640564,0.0,0.11590731889009476,1.504299283027649,-0.5908288359642029,0.2180265337228775,0.5758888125419617,-0.0253421813249588,0.0,0.0,0.0,0.0,0.0,0.0,0.0,0.002199999988079071,0.0,0.0,0.0,0.0,0.0,0.0,0.04410000145435333
908,30.366666363,0.02981022372841835,1.6195608377456665,-0.7751879692077637,0.019460421055555344,0.48548078536987305,-0.15334463119506836,0.0,0.12405800074338913,1.5129910707473755,-0.5882981419563293,0.23204152286052704,0.5718222260475159,-0.030665434896945953,0.0,0.0,0.0,0.0,0.0,0.0,0.0,0.002199999988079071,0.0,0.0,0.0,0.0,0.0,0.0,0.04410000145435333
909,30.399999696,0.02981022372841835,1.606942057609558,-0.7751879692077637,0.017296213656663895,0.497104674577713,-0.1509535312652588,0.0,0.12866567075252533,1.5225030183792114,-0.5861338973045349,0.2471560686826706,0.5653994083404541,-0.04181808978319168,0.0,0.0,0.0,0.0,0.0,0.0,0.0,0.002199999988079071,0.0,0.0,0.0,0.0,0.0,0.0,0.04360000044107437
910,30.433333029,0.02981022372841835,1.606942057609558,-0.7751879692077637,0.017296213656663895,0.497104674577713,-0.1509535312652588,0.0,0.12866567075252533,1.5225030183792114,-0.5861338973045349,0.2471560686826706,0.5653994083404541,-0.04181808978319168,0.0,0.0,0.0,0.0,0.0,0.0,0.0,0.002199999988079071,0.0,0.0,0.0,0.0,0.0,0.0,0.04360000044107437
911,30.466666362,0.031817350536584854,1.5961560010910034,-0.7751879692077637,0.015358897857367992,0.503963828086853,-0.1509535312652588,0.0,0.13629275560379028,1.5303395986557007,-0.5819975137710571,0.2577327787876129,0.5633050203323364,-0.04178318381309509,0.0,0.0,0.0,0.0,0.0,0.0,0.0,0.002199999988079071,0.0,0.0,0.0,0.0,0.0,0.0,0.04280000180006027
912,30.499999695,0.031817350536584854,1.5894887447357178,-0.7730063199996948,0.015358897857367992,0.5101597309112549,-0.1509535312652588,0.0,0.13629275560379028,1.5303395986557007,-0.5819975137710571,0.2577327787876129,0.5633050203323364,-0.04178318381309509,0.0,0.0,0.0,0.0,0.0,0.0,0.0,0.002199999988079071,0.0,0.0,0.0,0.0,0.0,0.0,0.04280000180006027
913,30.533333028,0.031817350536584854,1.5894887447357178,-0.7730063199996948,0.015358897857367992,0.5101597309112549,-0.1509535312652588,0.0,0.14219197630882263,1.5409512519836426,-0.5762902498245239,0.2647489905357361,0.5532169938087463,-0.04530874639749527,0.0,0.0,0.0,0.0,0.0,0.0,0.0,0.002199999988079071,0.0,0.0,0.0,0.0,0.0,0.0,0.042500000447034836
914,30.566666361,0.031817350536584854,1.5870453119277954,-0.7711213827133179,0.012932890094816685,0.5142612457275391,-0.1509535312652588,0.0,0.146328404545784,1.548752784729004,-0.5705481171607971,0.26996752619743347,0.546829104423523,-0.04530874639749527,0.0,0.0,0.0,0.0,0.0,0.0,0.0,0.002199999988079071,0.0,0.0,0.0,0.0,0.0,0.0,0.042399998754262924
915,30.599999694,0.031817350536584854,1.5865566730499268,-0.7692887783050537,0.010716321878135204,0.5176472067832947,-0.14885912835597992,0.0,0.146328404545784,1.548752784729004,-0.5705481171607971,0.26996752619743347,0.546829104423523,-0.04530874639749527,0.0,0.0,0.0,0.0,0.0,0.0,0.0,0.002199999988079071,0.0,0.0,0.0,0.0,0.0,0.0,0.042399998754262924
916,30.633333027,0.031817350536584854,1.5865566730499268,-0.7692887783050537,0.010716321878135204,0.5176472067832947,-0.14885912835597992,0.0,0.14967943727970123,1.5615460872650146,-0.5676857829093933,0.2760063707828522,0.5348736047744751,-0.04789183288812637,0.0,0.0,0.0,0.0,0.0,0.0,0.0,0.002199999988079071,0.0,0.0,0.0,0.0,0.0,0.0,0.04170000180602074
917,30.66666636,0.031817350536584854,1.5865566730499268,-0.7692887783050537,0.010925761424005032,0.5176472067832947,-0.14885912835597992,0.0,0.15203562378883362,1.569888710975647,-0.5676857829093933,0.2833367586135864,0.5277177691459656,-0.05230751633644104,0.0,0.0,0.0,0.0,0.0,0.0,0.0,0.002199999988079071,0.0,0.0,0.0,0.0,0.0,0.0,0.03909999877214432
918,30.699999693,0.031817350536584854,1.5884416103363037,-0.7670722007751465,0.008674286305904388,0.5172457695007324,-0.14885912835597992,0.0,0.15203562378883362,1.569888710975647,-0.5676857829093933,0.2833367586135864,0.5277177691459656,-0.05230751633644104,0.0,0.0,0.0,0.0,0.0,0.0,0.0,0.002199999988079071,0.0,0.0,0.0,0.0,0.0,0.0,0.03909999877214432
919,30.733333026,0.031817350536584854,1.5884416103363037,-0.7670722007751465,0.008674286305904388,0.5172457695007324,-0.14885912835597992,0.0,0.15203562378883362,1.5800116062164307,-0.5659928321838379,0.2896897494792938,0.5211378335952759,-0.054332099854946136,0.0,0.0,0.0,0.0,0.0,0.0,0.0,0.002199999988079071,0.0,0.0,0.0,0.0,0.0,0.0,0.03350000083446503
920,30.766666359,0.031817350536584854,1.5885114669799805,-0.7670722007751465,0.008674286305904388,0.5149593949317932,-0.14885912835597992,0.0,0.15203562378883362,1.5862250328063965,-0.563497006893158,0.2981196939945221,0.5126206278800964,-0.06637486815452576,0.0,0.0,0.0,0.0,0.0,0.0,0.0,0.002199999988079071,0.0,0.0,0.0,0.0,0.0,0.0,0.021299999207258224
921,30.799999692,0.031817350536584854,1.5885114669799805,-0.7670722007751465,0.0,0.5204048156738281,-0.14885912835597992,0.0,0.15203562378883362,1.5862250328063965,-0.563497006893158,0.2981196939945221,0.5126206278800964,-0.06637486815452576,0.0,0.0,0.0,0.0,0.0,0.0,0.0,0.002199999988079071,0.0,0.0,0.0,0.0,0.0,0.0,0.021299999207258224
922,30.833333025,0.031817350536584854,1.5885114669799805,-0.7670722007751465,0.0,0.5204048156738281,-0.14885912835597992,0.0,0.15203562378883362,1.5867661237716675,-0.563497006893158,0.30314624309539795,0.5106658935546875,-0.07393214851617813,0.0,0.0,0.0,0.0,0.0,0.0,0.0,0.002199999988079071,0.0,0.0,0.0,0.0,0.0,0.0,0.010900000110268593
923,30.866666358,0.031817350536584854,1.5849684476852417,-0.7670722007751465,0.0,0.5259026288986206,-0.1469043642282486,0.0,0.14987142384052277,1.5843225717544556,-0.563497006893158,0.30644491314888,0.5147150754928589,-0.08326965570449829,0.0,0.0,0.0,0.0,0.0,0.0,0.0,0.002199999988079071,0.0,0.0,0.0,0.0,0.0,0.0,0.00430000014603138
924,30.899999691,0.031817350536584854,1.5732747316360474,-0.7670722007751465,-0.008203047327697277,0.5366014838218689,-0.1442863643169403,0.0,0.14987142384052277,1.5843225717544556,-0.563497006893158,0.30644491314888,0.5147150754928589,-0.08326965570449829,0.0,0.0,0.0,0.0,0.0,0.0,0.0,0.002199999988079071,0.0,0.0,0.0,0.0,0.0,0.0,0.00430000014603138
925,30.933333024,0.031817350536584854,1.5732747316360474,-0.7670722007751465,-0.008203047327697277,0.5366014838218689,-0.1442863643169403,0.0,0.14786429703235626,1.5744091272354126,-0.563497006893158,0.30801570415496826,0.532220721244812,-0.0950680822134018,0.0,0.0,0.0,0.0,0.0,0.0,0.0,0.002199999988079071,0.0,0.0,0.0,0.0,0.0,0.0,0.002899999963119626
926,30.966666357,0.031817350536584854,1.5566591024398804,-0.7670722007751465,-0.016283921897411346,0.5445078015327454,-0.14194762706756592,0.0,0.14786429703235626,1.5548789501190186,-0.5695707201957703,0.30801570415496826,0.5484871864318848,-0.10501646250486374,0.0,0.0,0.0,0.0,0.0,0.0,0.0,0.002199999988079071,0.0,0.0,0.0,0.0,0.0,0.0,0.002300000051036477
927,30.99999969,0.031817350536584854,1.5338826179504395,-0.7670722007751465,-0.03145083412528038,0.5603379607200623,-0.13528047502040863,0.0,0.14786429703235626,1.5548789501190186,-0.5695707201957703,0.30801570415496826,0.5484871864318848,-0.10501646250486374,0.0,0.0,0.0,0.0,0.0,0.0,0.0,0.002199999988079071,0.0,0.0,0.0,0.0,0.0,0.0,0.002300000051036477
928,31.033333023,0.031817350536584854,1.5338826179504395,-0.7670722007751465,-0.03145083412528038,0.5603379607200623,-0.13528047502040863,0.0,0.14590953290462494,1.5251384973526,-0.5815611481666565,0.3038443624973297,0.562886118888855,-0.10936233401298523,0.0,0.0,0.0,0.0,0.0,0.0,0.0,0.002199999988079071,0.0,0.0,0.0,0.0,0.0,0.0,0.0020000000949949026
929,31.066666356,0.031817350536584854,1.503461480140686,-0.7670722007751465,-0.04850269854068756,0.5739515423774719,-0.13236576318740845,0.0,0.14590953290462494,1.4880154132843018,-0.5983687043190002,0.3015230894088745,0.5865702629089355,-0.10936233401298523,0.0,0.0,0.0,0.0,0.0,0.0,0.0,0.002199999988079071,0.0,0.0,0.0,0.0,0.0,0.0,0.0020000000949949026
930,31.099999689,0.031817350536584854,1.4606660604476929,-0.769009530544281,-0.06260496377944946,0.5880537629127502,-0.12772320210933685,0.0,0.14590953290462494,1.4880154132843018,-0.5983687043190002,0.3015230894088745,0.5865702629089355,-0.10936233401298523,0.0,0.0,0.0,0.0,0.0,0.0,0.0,0.002199999988079071,0.0,0.0,0.0,0.0,0.0,0.0,0.0020000000949949026
931,31.133333022,0.031817350536584854,1.4606660604476929,-0.769009530544281,-0.06260496377944946,0.5880537629127502,-0.12772320210933685,0.0,0.14590953290462494,1.4364060163497925,-0.6201154589653015,0.29853856563568115,0.6099750995635986,-0.10740756243467331,0.0,0.0,0.0,0.0,0.0,0.0,0.0,0.002199999988079071,0.0,0.0,0.0,0.0,0.0,0.0,0.0020000000949949026
932,31.166666355,0.031817350536584854,1.4180799722671509,-0.7690618634223938,-0.08124507963657379,0.5962742567062378,-0.12772320210933685,0.0,0.14590953290462494,1.3846395015716553,-0.6477789282798767,0.29052749276161194,0.6370452046394348,-0.1025380939245224,0.0,0.0,0.0,0.0,0.0,0.0,0.0,0.002199999988079071,0.0,0.0,0.0,0.0,0.0,0.0,0.0020000000949949026
933,31.199999688,0.031817350536584854,1.3707118034362793,-0.7765668034553528,-0.09169960021972656,0.6086486577987671,-0.12772320210933685,0.0,0.14590953290462494,1.3846395015716553,-0.6477789282798767,0.29052749276161194,0.6370452046394348,-0.1025380939245224,0.0,0.0,0.0,0.0,0.0,0.0,0.0,0.002199999988079071,0.0,0.0,0.0,0.0,0.0,0.0,0.0020000000949949026
934,31.233333021,0.031817350536584854,1.3707118034362793,-0.7765668034553528,-0.09169960021972656,0.6086486577987671,-0.12772320210933685,0.0,0.14411184191703796,1.3295046091079712,-0.6793519854545593,0.2860420048236847,0.6670648455619812,-0.09737192094326019,0.0,0.0,0.0,0.0,0.0,0.0,0.0,0.002199999988079071,0.0,0.0,0.0,0.0,0.0,0.0,0.0020000000949949026
935,31.266666354,0.031817350536584854,1.3193292617797852,-0.7895520329475403,-0.10478956997394562,0.6177592873573303,-0.129625603556633,0.0,0.14217452704906464,1.2726417779922485,-0.7208384275436401,0.2768266797065735,0.699999213218689,-0.09248499572277069,0.0,0.0,0.0,0.0,0.0,0.0,0.0,0.002199999988079071,0.0,0.0,0.0,0.0,0.0,0.0,0.0020000000949949026
936,31.299999687,0.031817350536584854,1.2668297290802002,-0.8075463771820068,-0.10992083698511124,0.6288072466850281,-0.1347568780183792,0.0,0.14217452704906464,1.2726417779922485,-0.7208384275436401,0.2768266797065735,0.699999213218689,-0.09248499572277069,0.0,0.0,0.0,0.0,0.0,0.0,0.0,0.002199999988079071,0.0,0.0,0.0,0.0,0.0,0.0,0.0020000000949949026
937,31.33333302,0.031817350536584854,1.2668297290802002,-0.8075463771820068,-0.10992083698511124,0.6288072466850281,-0.1347568780183792,0.0,0.14020229876041412,1.2165817022323608,-0.7607191801071167,0.26604053378105164,0.7302457690238953,-0.08600982278585434,0.0,0.0,0.0,0.0,0.0,0.0,0.0,0.002199999988079071,0.0,0.0,0.0,0.0,0.0,0.0,0.0020000000949949026
938,31.366666353,0.031817350536584854,1.2134226560592651,-0.8314399719238281,-0.11215485632419586,0.6411815881729126,-0.1419825404882431,0.0,0.14020229876041412,1.1631572246551514,-0.8021184206008911,0.2566681206226349,0.7543312907218933,-0.08292059600353241,0.0,0.0,0.0,0.0,0.0,0.0,0.0,0.002199999988079071,0.0,0.0,0.0,0.0,0.0,0.0,0.0020000000949949026
939,31.399999686,0.031817350536584854,1.1619703769683838,-0.8614770770072937,-0.11215485632419586,0.6559296250343323,-0.14971433579921722,0.0,0.14020229876041412,1.1631572246551514,-0.8021184206008911,0.2566681206226349,0.7543312907218933,-0.08292059600353241,0.0,0.0,0.0,0.0,0.0,0.0,0.0,0.002199999988079071,0.0,0.0,0.0,0.0,0.0,0.0,0.0020000000949949026
940,31.433333019,0.031817350536584854,1.1619703769683838,-0.8614770770072937,-0.11215485632419586,0.6559296250343323,-0.14971433579921722,0.0,0.13836970925331116,1.1126298904418945,-0.8451058864593506,0.24209462106227875,0.7792546153068542,-0.07417649030685425,0.0,0.0,0.0,0.0,0.0,0.0,0.0,0.002199999988079071,0.0,0.0,0.0,0.0,0.0,0.0,0.0020000000949949026
941,31.466666352,0.031817350536584854,1.10592782497406,-0.8953713774681091,-0.11215485632419586,0.6695606708526611,-0.15402530133724213,0.0,0.13618804514408112,1.0585945844650269,-0.8937132954597473,0.23177972435951233,0.80066978931427,-0.06928957253694534,0.0,0.0,0.0,0.0,0.0,0.0,0.0,0.002199999988079071,0.0,0.0,0.0,0.0,0.0,0.0,0.0020000000949949026
942,31.499999685,0.031817350536584854,1.10592782497406,-0.8953713774681091,-0.11215485632419586,0.6695606708526611,-0.15402530133724213,0.0,0.13618804514408112,1.0585945844650269,-0.8937132954597473,0.23177972435951233,0.80066978931427,-0.06928957253694534,0.0,0.0,0.0,0.0,0.0,0.0,0.0,0.002199999988079071,0.0,0.0,0.0,0.0,0.0,0.0,0.0020000000949949026
943,31.533333018,0.031817350536584854,1.0587691068649292,-0.9405055642127991,-0.11215485632419586,0.6827728152275085,-0.16615533828735352,0.0,0.1339540183544159,1.0176142454147339,-0.9432283043861389,0.22172662615776062,0.8248251676559448,-0.06564183533191681,0.0,0.0,0.0,0.0,0.0,0.0,0.0,0.002199999988079071,0.0,0.0,0.0,0.0,0.0,0.0,0.0020000000949949026
944,31.566666351,0.03331833705306053,1.0090795755386353,-0.9824633002281189,-0.11215485632419586,0.6947457790374756,-0.17374752461910248,0.0,0.1339540183544159,0.9823411107063293,-0.993074893951416,0.2151292860507965,0.8429940342903137,-0.06501351296901703,0.0,0.0,0.0,0.0,0.0,0.0,0.0,0.002199999988079071,0.0,0.0,0.0,0.0,0.0,0.0,0.0020000000949949026
945,31.599999684,0.03331833705306053,1.0090795755386353,-0.9824633002281189,-0.11215485632419586,0.6947457790374756,-0.17374752461910248,0.0,0.1339540183544159,0.9823411107063293,-0.993074893951416,0.2151292860507965,0.8429940342903137,-0.06501351296901703,0.0,0.0,0.0,0.0,0.0,0.0,0.0,0.002199999988079071,0.0,0.0,0.0,0.0,0.0,0.0,0.0020000000949949026
946,31.633333017,0.03331833705306053,0.9708045125007629,-1.0278418064117432,-0.10623819380998611,0.7074517607688904,-0.1791405975818634,0.0,0.1319294422864914,0.9491449594497681,-1.052782654762268,0.20755454897880554,0.8703957200050354,-0.06183701381087303,0.0,0.0,0.0,0.0,0.0,0.0,0.0,0.002199999988079071,0.0,0.0,0.0,0.0,0.0,0.0,0.0020000000949949026
947,31.66666635,0.03331833705306053,0.9363865852355957,-1.0741454362869263,-0.10217157751321793,0.7184473276138306,-0.18364354968070984,0.0,0.1319294422864914,0.9267174601554871,-1.10580575466156,0.20315632224082947,0.8860862255096436,-0.06023131310939789,0.0,0.0,0.0,0.0,0.0,0.0,0.0,0.002199999988079071,0.0,0.0,0.0,0.0,0.0,0.0,0.0020000000949949026
948,31.699999683,0.03331833705306053,0.9363865852355957,-1.0741454362869263,-0.10217157751321793,0.7184473276138306,-0.18364354968070984,0.0,0.1319294422864914,0.9267174601554871,-1.10580575466156,0.20315632224082947,0.8860862255096436,-0.06023131310939789,0.0,0.0,0.0,0.0,0.0,0.0,0.0,0.002199999988079071,0.0,0.0,0.0,0.0,0.0,0.0,0.0020000000949949026
949,31.733333016,0.03331833705306053,0.9069254398345947,-1.1288615465164185,-0.09471901506185532,0.731659471988678,-0.18671531975269318,0.0,0.1319294422864914,0.9094735980033875,-1.1672762632369995,0.2005034238100052,0.9042376279830933,-0.05766567960381508,0.0,0.0,0.0,0.0,0.0,0.0,0.0,0.002199999988079071,0.0,0.0,0.0,0.0,0.0,0.0,0.0020000000949949026
950,31.766666349,0.03331833705306053,0.8829097151756287,-1.1790047883987427,-0.09039060026407242,0.7485542893409729,-0.18942058086395264,0.0,0.1301841139793396,0.895057201385498,-1.22272527217865,0.19793778657913208,0.9222145080566406,-0.05539675056934357,0.0,0.0,0.0,0.0,0.0,0.0,0.0,0.002199999988079071,0.0,0.0,0.0,0.0,0.0,0.0,0.0020000000949949026
951,31.799999682,0.03331833705306053,0.8829097151756287,-1.1790047883987427,-0.09039060026407242,0.7485542893409729,-0.18942058086395264,0.0,0.1301841139793396,0.895057201385498,-1.22272527217865,0.19793778657913208,0.9222145080566406,-0.05539675056934357,0.0,0.0,0.0,0.0,0.0,0.0,0.0,0.002199999988079071,0.0,0.0,0.0,0.0,0.0,0.0,0.0020000000949949026
952,31.833333015,0.03331833705306053,0.8628384470939636,-1.2303698062896729,-0.0786270797252655,0.7680321335792542,-0.18942058086395264,0.0,0.1301841139793396,0.8821068406105042,-1.2778602838516235,0.19793778657913208,0.9342747330665588,-0.053354714065790176,0.0,0.0,0.0,0.0,0.0,0.0,0.0,0.002199999988079071,0.0,0.0,0.0,0.0,0.0,0.0,0.0020000000949949026
953,31.866666348,0.031101766973733902,0.8463973999023438,-1.2822061777114868,-0.06529276818037033,0.7822914719581604,-0.1917942315340042,0.0,0.12833406031131744,0.8649328351020813,-1.333815574645996,0.19793778657913208,0.9464048147201538,-0.051225412636995316,0.0,0.0,0.0,0.0,0.0,0.0,0.0,0.002199999988079071,0.0,0.0,0.0,0.0,0.0,0.0,0.0020000000949949026
954,31.899999681,0.031101766973733902,0.8463973999023438,-1.2822061777114868,-0.06529276818037033,0.7822914719581604,-0.1917942315340042,0.0,0.12833406031131744,0.8649328351020813,-1.333815574645996,0.19793778657913208,0.9464048147201538,-0.051225412636995316,0.0,0.0,0.0,0.0,0.0,0.0,0.0,0.002199999988079071,0.0,0.0,0.0,0.0,0.0,0.0,0.0020000000949949026
955,31.933333014,0.02626720443367958,0.8264831900596619,-1.333728313446045,-0.05063199996948242,0.7964460849761963,-0.19376645982265472,0.0,0.12833406031131744,0.847549319267273,-1.3885490894317627,0.19793778657913208,0.958988606929779,-0.04858996719121933,0.0,0.0,0.0,0.0,0.0,0.0,0.0,0.002199999988079071,0.0,0.0,0.0,0.0,0.0,0.0,0.0020000000949949026
956,31.966666347,0.0184306763112545,0.8067958950996399,-1.3829989433288574,-0.030595621094107628,0.8056789040565491,-0.1961400955915451,0.0,0.12833406031131744,0.847549319267273,-1.3885490894317627,0.19793778657913208,0.958988606929779,-0.04858996719121933,0.0,0.0,0.0,0.0,0.0,0.0,0.0,0.002199999988079071,0.0,0.0,0.0,0.0,0.0,0.0,0.0020000000949949026
957,31.99999968,0.0184306763112545,0.8067958950996399,-1.3829989433288574,-0.030595621094107628,0.8056789040565491,-0.1961400955915451,0.0,0.12833406031131744,0.8277398347854614,-1.4422528743743896,0.19793778657913208,0.96542888879776,-0.04858996719121933,0.0,0.0,0.0,0.0,0.0,0.0,0.0,0.002199999988079071,0.0,0.0,0.0,0.0,0.0,0.0,0.0020000000949949026
958,32.033333013,0.008272860199213028,0.7849269509315491,-1.4351319074630737,-0.006649704650044441,0.814073920249939,-0.20350539684295654,0.0,0.12833406031131744,0.8067086338996887,-1.5040549039840698,0.1927192509174347,0.977157473564148,-0.04511675983667374,0.0,0.0,0.0,0.0,0.0,0.0,0.0,0.002199999988079071,0.0,0.0,0.0,0.0,0.0,0.0,0.0020000000949949026
959,32.066666346,-0.006021386012434959,0.7617664337158203,-1.4742273092269897,0.019373154267668724,0.8171631693840027,-0.20980602502822876,0.0,0.12833406031131744,0.8067086338996887,-1.5040549039840698,0.1927192509174347,0.977157473564148,-0.04511675983667374,0.0,0.0,0.0,0.0,0.0,0.0,0.0,0.002199999988079071,0.0,0.0,0.0,0.0,0.0,0.0,0.0020000000949949026
960,32.099999679,-0.006021386012434959,0.7617664337158203,-1.4742273092269897,0.019373154267668724,0.8171631693840027,-0.20980602502822876,0.0,0.12833406031131744,0.7841066122055054,-1.5539888143539429,0.18643607199192047,0.9769306182861328,-0.04511675983667374,0.0,0.0,0.0,0.0,0.0,0.0,0.0,0.002199999988079071,0.0,0.0,0.0,0.0,0.0,0.0,0.0020000000949949026
961,32.133333012,-0.019722221419215202,0.7405606508255005,-1.5055384635925293,0.053529247641563416,0.8194320797920227,-0.21704915165901184,0.0,0.12833406031131744,0.7637037038803101,-1.5981106758117676,0.17294467985630035,0.9758659601211548,-0.04511675983667374,0.0,0.0,0.0,0.0,0.0,0.0,0.0,0.002199999988079071,0.0,0.0,0.0,0.0,0.0,0.0,0.0019000000320374966
962,32.166666345,-0.03241076320409775,0.726440966129303,-1.5285069942474365,0.08211774379014969,0.8209156394004822,-0.21928316354751587,0.0,0.12833406031131744,0.7637037038803101,-1.5981106758117676,0.17294467985630035,0.9758659601211548,-0.04511675983667374,0.0,0.0,0.0,0.0,0.0,0.0,0.0,0.002199999988079071,0.0,0.0,0.0,0.0,0.0,0.0,0.0019000000320374966
963,32.199999678,-0.03241076320409775,0.726440966129303,-1.5285069942474365,0.08211774379014969,0.8209156394004822,-0.21928316354751587,0.0,0.13065534830093384,0.7490603923797607,-1.6346055269241333,0.15990707278251648,0.9738239049911499,-0.04677482321858406,0.0,0.0,0.0,0.0,0.0,0.0,0.0,0.002199999988079071,0.0,0.0,0.0,0.0,0.0,0.0,0.0019000000320374966
964,32.233333011,-0.04141666367650032,0.721746027469635,-1.5410559177398682,0.10864674299955368,0.8299214839935303,-0.2215171903371811,0.0,0.13294172286987305,0.7471579909324646,-1.6594241857528687,0.14262831211090088,0.9717993140220642,-0.04878195375204086,0.0,0.0,0.0,0.0,0.0,0.0,0.0,0.002199999988079071,0.0,0.0,0.0,0.0,0.0,0.0,0.0017999999690800905
965,32.266666344,-0.04698426276445389,0.7360926270484924,-1.5414748191833496,0.1328020989894867,0.8411614298820496,-0.2215171903371811,0.0,0.13294172286987305,0.7471579909324646,-1.6594241857528687,0.14262831211090088,0.9717993140220642,-0.04878195375204086,0.0,0.0,0.0,0.0,0.0,0.0,0.0,0.002199999988079071,0.0,0.0,0.0,0.0,0.0,0.0,0.0017999999690800905
966,32.299999677,-0.04698426276445389,0.7360926270484924,-1.5414748191833496,0.1328020989894867,0.8411614298820496,-0.2215171903371811,0.0,0.13294172286987305,0.7589738965034485,-1.670960783958435,0.12515756487846375,0.9717993140220642,-0.05159193277359009,0.0,0.0,0.0,0.0,0.0,0.0,0.0,0.002199999988079071,0.0,0.0,0.0,0.0,0.0,0.0,0.0017999999690800905
967,32.33333301,-0.05199335888028145,0.7563035488128662,-1.539066195487976,0.15156438946723938,0.8520871996879578,-0.22331488132476807,0.0,0.13294172286987305,0.7756243348121643,-1.6733518838882446,0.10897836089134216,0.9717993140220642,-0.05159193277359009,0.0,0.0,0.0,0.0,0.0,0.0,0.0,0.002199999988079071,0.0,0.0,0.0,0.0,0.0,0.0,0.0017999999690800905
968,32.366666343,-0.056496307253837585,0.7784692049026489,-1.5293971300125122,0.16423548758029938,0.8629082441329956,-0.22331488132476807,0.0,0.13294172286987305,0.7756243348121643,-1.6733518838882446,0.10897836089134216,0.9717993140220642,-0.05159193277359009,0.0,0.0,0.0,0.0,0.0,0.0,0.0,0.002199999988079071,0.0,0.0,0.0,0.0,0.0,0.0,0.0017999999690800905
969,32.399999676,-0.056496307253837585,0.7784692049026489,-1.5293971300125122,0.16423548758029938,0.8629082441329956,-0.22331488132476807,0.0,0.13294172286987305,0.7956432700157166,-1.660663366317749,0.0944746732711792,0.9717993140220642,-0.053965579718351364,0.0,0.0,0.0,0.0,0.0,0.0,0.0,0.002199999988079071,0.0,0.0,0.0,0.0,0.0,0.0,0.0017999999690800905
970,32.433333009,-0.06333799660205841,0.8031830787658691,-1.520077109336853,0.17479471862316132,0.8766614198684692,-0.22331488132476807,0.0,0.13294172286987305,0.8173726201057434,-1.6412029266357422,0.08311258256435394,0.9717993140220642,-0.053965579718351364,0.0,0.0,0.0,0.0,0.0,0.0,0.0,0.002199999988079071,0.0,0.0,0.0,0.0,0.0,0.0,0.0017999999690800905
971,32.466666342,-0.07285004109144211,0.8344419002532959,-1.5038106441497803,0.17936748266220093,0.8812341690063477,-0.22331488132476807,0.0,0.13294172286987305,0.8173726201057434,-1.6412029266357422,0.08311258256435394,0.9717993140220642,-0.053965579718351364,0.0,0.0,0.0,0.0,0.0,0.0,0.0,0.002199999988079071,0.0,0.0,0.0,0.0,0.0,0.0,0.0017999999690800905
972,32.499999675,-0.07285004109144211,0.8344419002532959,-1.5038106441497803,0.17936748266220093,0.8812341690063477,-0.22331488132476807,0.0,0.13294172286987305,0.8430289626121521,-1.6199272871017456,0.07492698729038239,0.9717993140220642,-0.053965579718351364,0.0,0.0,0.0,0.0,0.0,0.0,0.0,0.002199999988079071,0.0,0.0,0.0,0.0,0.0,0.0,0.0017999999690800905
973,32.533333008,-0.07983136177062988,0.866486132144928,-1.4832156896591187,0.18425440788269043,0.8858593106269836,-0.2206445187330246,0.0,0.13294172286987305,0.8713556528091431,-1.5946201086044312,0.06506587564945221,0.9647831320762634,-0.053965579718351364,0.0,0.0,0.0,0.0,0.0,0.0,0.0,0.002199999988079071,0.0,0.0,0.0,0.0,0.0,0.0,0.0017999999690800905
974,32.566666341,-0.08686503767967224,0.9014625549316406,-1.457943320274353,0.19015362858772278,0.879750669002533,-0.22078415751457214,0.0,0.13294172286987305,0.8713556528091431,-1.5946201086044312,0.06506587564945221,0.9647831320762634,-0.053965579718351364,0.0,0.0,0.0,0.0,0.0,0.0,0.0,0.002199999988079071,0.0,0.0,0.0,0.0,0.0,0.0,0.0017999999690800905
975,32.599999674,-0.08686503767967224,0.9014625549316406,-1.457943320274353,0.19015362858772278,0.879750669002533,-0.22078415751457214,0.0,0.13294172286987305,0.9062098264694214,-1.5657871961593628,0.05780530348420143,0.9486737251281738,-0.05169665068387985,0.0,0.0,0.0,0.0,0.0,0.0,0.0,0.002199999988079071,0.0,0.0,0.0,0.0,0.0,0.0,0.0017000000225380063
976,32.633333007,-0.09154251962900162,0.9399994015693665,-1.4262306690216064,0.19907225668430328,0.8664687275886536,-0.22390829026699066,0.0,0.13294172286987305,0.9404532313346863,-1.5304268598556519,0.05023057758808136,0.9244660139083862,-0.04871213808655739,0.0,0.0,0.0,0.0,0.0,0.0,0.0,0.002199999988079071,0.0,0.0,0.0,0.0,0.0,0.0,0.0017999999690800905
977,32.66666634,-0.09154251962900162,0.9399994015693665,-1.4262306690216064,0.19907225668430328,0.8664687275886536,-0.22390829026699066,0.0,0.13294172286987305,0.9404532313346863,-1.5304268598556519,0.05023057758808136,0.9244660139083862,-0.04871213808655739,0.0,0.0,0.0,0.0,0.0,0.0,0.0,0.002199999988079071,0.0,0.0,0.0,0.0,0.0,0.0,0.0017999999690800905
978,32.699999673,-0.09545205533504486,0.9858317971229553,-1.3914811611175537,0.2065073549747467,0.8482823967933655,-0.22891739010810852,0.0,0.13116149604320526,0.9794089794158936,-1.4904937744140625,0.04616395756602287,0.8998568654060364,-0.04656538367271423,0.0,0.0,0.0,0.0,0.0,0.0,0.0,0.002199999988079071,0.0,0.0,0.0,0.0,0.0,0.0,0.0017999999690800905
979,32.733333006,-0.09772098809480667,1.034037709236145,-1.351670265197754,0.2177821844816208,0.8190481066703796,-0.24036674201488495,0.0,0.13116149604320526,1.0246304273605347,-1.4404202699661255,0.041032690554857254,0.8636587262153625,-0.04202752932906151,0.0,0.0,0.0,0.0,0.0,0.0,0.0,0.002199999988079071,0.0,0.0,0.0,0.0,0.0,0.0,0.0015999999595806003
980,32.766666339,-0.09772098809480667,1.034037709236145,-1.351670265197754,0.2177821844816208,0.8190481066703796,-0.24036674201488495,0.0,0.13116149604320526,1.0246304273605347,-1.4404202699661255,0.041032690554857254,0.8636587262153625,-0.04202752932906151,0.0,0.0,0.0,0.0,0.0,0.0,0.0,0.002199999988079071,0.0,0.0,0.0,0.0,0.0,0.0,0.0015999999595806003
981,32.799999672,-0.09772098809480667,1.0846349000930786,-1.3025566339492798,0.2312910258769989,0.7859042882919312,-0.25368359684944153,0.0,0.13116149604320526,1.074494481086731,-1.39394211769104,0.03565707802772522,0.8255581855773926,-0.03942698612809181,0.0,0.0,0.0,0.0,0.0,0.0,0.0,0.002199999988079071,0.0,0.0,0.0,0.0,0.0,0.0,0.0017000000225380063
982,32.833333005,-0.09567894786596298,1.1421434879302979,-1.2579460144042969,0.24705135822296143,0.7414507865905762,-0.2702293395996094,0.0,0.1290147453546524,1.1388448476791382,-1.3496108055114746,0.028291787952184677,0.7801447510719299,-0.03473205119371414,0.0,0.0,0.0,0.0,0.0,0.0,0.0,0.002199999988079071,0.0,0.0,0.0,0.0,0.0,0.0,0.0017000000225380063
983,32.866666338,-0.09567894786596298,1.1421434879302979,-1.2579460144042969,0.24705135822296143,0.7414507865905762,-0.2702293395996094,0.0,0.1290147453546524,1.1388448476791382,-1.3496108055114746,0.028291787952184677,0.7801447510719299,-0.03473205119371414,0.0,0.0,0.0,0.0,0.0,0.0,0.0,0.002199999988079071,0.0,0.0,0.0,0.0,0.0,0.0,0.0017000000225380063
984,32.899999671,-0.09140289574861526,1.198203444480896,-1.2151156663894653,0.2627243995666504,0.6878865957260132,-0.2852042615413666,0.0,0.1290147453546524,1.1963708400726318,-1.3032722473144531,0.02122320421040058,0.7244861721992493,-0.03104940801858902,0.0,0.0,0.0,0.0,0.0,0.0,0.0,0.002199999988079071,0.0,0.0,0.0,0.0,0.0,0.0,0.0017000000225380063
985,32.933333004,-0.08515461534261703,1.2574224472045898,-1.1787430047988892,0.27808332443237305,0.6319139003753662,-0.3029716908931732,0.0,0.1290147453546524,1.2580857276916504,-1.2716643810272217,0.01432915311306715,0.6709394454956055,-0.028728120028972626,0.0,0.0,0.0,0.0,0.0,0.0,0.0,0.002199999988079071,0.0,0.0,0.0,0.0,0.0,0.0,0.0017000000225380063
986,32.966666337,-0.08515461534261703,1.2574224472045898,-1.1787430047988892,0.27808332443237305,0.6319139003753662,-0.3029716908931732,0.0,0.1290147453546524,1.2580857276916504,-1.2716643810272217,0.01432915311306715,0.6709394454956055,-0.028728120028972626,0.0,0.0,0.0,0.0,0.0,0.0,0.0,0.002199999988079071,0.0,0.0,0.0,0.0,0.0,0.0,0.0017000000225380063
987,32.99999967,-0.07744026184082031,1.329696536064148,-1.1504337787628174,0.29255208373069763,0.5787337422370911,-0.31759756803512573,0.0,0.12681561708450317,1.3334839344024658,-1.2519246339797974,0.012391837313771248,0.6153507232666016,-0.025743605569005013,0.0,0.0,0.0,0.0,0.0,0.0,0.0,0.002199999988079071,0.0,0.0,0.0,0.0,0.0,0.0,0.0017000000225380063
988,33.033333003,-0.07089527696371078,1.396368145942688,-1.1347956657409668,0.30576422810554504,0.5212774872779846,-0.3301639258861542,0.0,0.12498302757740021,1.4017088413238525,-1.2439136505126953,0.010245082899928093,0.5641951560974121,-0.025761060416698456,0.0,0.0,0.0,0.0,0.0,0.0,0.0,0.002199999988079071,0.0,0.0,0.0,0.0,0.0,0.0,0.0017000000225380063
989,33.066666336,-0.07089527696371078,1.396368145942688,-1.1347956657409668,0.30576422810554504,0.5212774872779846,-0.3301639258861542,0.0,0.12498302757740021,1.4017088413238525,-1.2439136505126953,0.010245082899928093,0.5641951560974121,-0.025761060416698456,0.0,0.0,0.0,0.0,0.0,0.0,0.0,0.002199999988079071,0.0,0.0,0.0,0.0,0.0,0.0,0.0017000000225380063
990,33.099999669,-0.06382668763399124,1.463563323020935,-1.1302053928375244,0.317318320274353,0.46418777108192444,-0.3405137360095978,0.0,0.123272605240345,1.4717837572097778,-1.2462174892425537,0.006213372107595205,0.510997474193573,-0.023404864594340324,0.0,0.0,0.0,0.0,0.0,0.0,0.0,0.002199999988079071,0.0,0.0,0.0,0.0,0.0,0.0,0.0017000000225380063
991,33.133333002,-0.05948081985116005,1.5319104194641113,-1.1385306119918823,0.32416000962257385,0.4121420383453369,-0.35007813572883606,0.0,0.11702432483434677,1.5426790714263916,-1.2630773782730103,0.0,0.4628264009952545,-0.023404864594340324,0.0,0.0,0.0,0.0,0.0,0.0,0.0,0.002199999988079071,0.0,0.0,0.0,0.0,0.0,0.0,0.0017000000225380063
992,33.166666335,-0.05948081985116005,1.5319104194641113,-1.1385306119918823,0.32416000962257385,0.4121420383453369,-0.35007813572883606,0.0,0.11702432483434677,1.5426790714263916,-1.2630773782730103,0.0,0.4628264009952545,-0.023404864594340324,0.0,0.0,0.0,0.0,0.0,0.0,0.0,0.002199999988079071,0.0,0.0,0.0,0.0,0.0,0.0,0.0017000000225380063
993,33.199999668,-0.057595863938331604,1.6104850769042969,-1.158950924873352,0.32410764694213867,0.36992254853248596,-0.35007813572883606,0.0,0.11323696374893188,1.614202618598938,-1.295156478881836,0.0,0.42905429005622864,-0.02143264375627041,0.0,0.0,0.0,0.0,0.0,0.0,0.0,0.002199999988079071,0.0,0.0,0.0,0.0,0.0,0.0,0.0017000000225380063
994,33.233333001,-0.05628686770796776,1.6762840747833252,-1.1972260475158691,0.32410764694213867,0.33080971240997314,-0.3479837477207184,0.0,0.1134987622499466,1.6829686164855957,-1.3356480598449707,0.0,0.4090528190135956,-0.019634954631328583,0.0,0.0,0.0,0.0,0.0,0.0,0.0,0.002199999988079071,0.0,0.0,0.0,0.0,0.0,0.0,0.0017000000225380063
995,33.266666334,-0.05628686770796776,1.6762840747833252,-1.1972260475158691,0.32410764694213867,0.33080971240997314,-0.3479837477207184,0.0,0.1134987622499466,1.6829686164855957,-1.3356480598449707,0.0,0.4090528190135956,-0.019634954631328583,0.0,0.0,0.0,0.0,0.0,0.0,0.0,0.002199999988079071,0.0,0.0,0.0,0.0,0.0,0.0,0.0017000000225380063
996,33.299999667,-0.055431656539440155,1.737929105758667,-1.2433202266693115,0.32410764694213867,0.30661943554878235,-0.3499210476875305,0.0,0.11149163544178009,1.7477902173995972,-1.383784294128418,0.0,0.40090212225914,-0.019634954631328583,0.0,0.0,0.0,0.0,0.0,0.0,0.0,0.0027000000700354576,0.0,0.0,0.0,0.0,0.0,0.0,0.0017000000225380063
997,33.333333,-0.053668875247240067,1.7942333221435547,-1.2925385236740112,0.3183131515979767,0.2880316972732544,-0.355453759431839,0.0,0.11149163544178009,1.8136937618255615,-1.427033543586731,0.0,0.40090212225914,-0.019634954631328583,0.0,0.0,0.0,0.0,0.0,0.0,0.0,0.0044999998062849045,0.0,0.0,0.0,0.0,0.0,0.0,0.003100000089034438
998,33.366666333,-0.053668875247240067,1.7942333221435547,-1.2925385236740112,0.3183131515979767,0.2880316972732544,-0.355453759431839,0.0,0.11149163544178009,1.8136937618255615,-1.427033543586731,0.0,0.40090212225914,-0.019634954631328583,0.0,0.0,0.0,0.0,0.0,0.0,0.0,0.0044999998062849045,0.0,0.0,0.0,0.0,0.0,0.0,0.003100000089034438
999,33.399999666,-0.05075417459011078,1.841531753540039,-1.333553671836853,0.31031954288482666,0.2879793345928192,-0.36363935470581055,0.0,0.10768681764602661,1.8652857542037964,-1.4636330604553223,0.0,0.41751766204833984,-0.01736602559685707,0.0,0.0,0.0,0.0,0.0,0.0,0.0,0.010400000028312206,0.0,0.0,0.0,0.0,0.0,0.0,0.00989999994635582
1000,33.466666332,-0.048747047781944275,1.8837862014770508,-1.3645856380462646,0.29857346415519714,0.299620658159256,-0.3744080364704132,0.0,0.1077042669057846,1.906999111175537,-1.4925532341003418,0.0,0.44659483432769775,-0.01286307629197836,0.0,0.0,0.0,0.0,0.0,0.0,0.0,0.019700000062584877,0.0,0.0,0.0,0.0,0.0,0.0,0.01899999938905239
1001,33.499999665,-0.048747047781944275,1.8837862014770508,-1.3645856380462646,0.29857346415519714,0.299620658159256,-0.3744080364704132,0.0,0.1077042669057846,1.906999111175537,-1.4925532341003418,0.0,0.44659483432769775,-0.01286307629197836,0.0,0.0,0.0,0.0,0.0,0.0,0.0,0.019700000062584877,0.0,0.0,0.0,0.0,0.0,0.0,0.01899999938905239
1002,33.533332998,-0.046617742627859116,1.9072608947753906,-1.3866292238235474,0.2819753885269165,0.32128021121025085,-0.384199321269989,0.0,0.10555751621723175,1.9376295804977417,-1.5220667123794556,0.009180432185530663,0.4726875126361847,-0.011100294068455696,0.0,0.0,0.0,0.0,0.0,0.0,0.0,0.033399999141693115,0.0,0.0,0.0,0.0,0.0,0.0,0.03189999982714653
1003,33.566666331,-0.04443608224391937,1.9164587259292603,-1.3985847234725952,0.25703462958335876,0.3464478552341461,-0.38639843463897705,0.0,0.10375982522964478,1.9534423351287842,-1.5413002967834473,0.015742870047688484,0.4986231029033661,-0.009180432185530663,0.0,0.0,0.0,0.0,0.0,0.0,0.0,0.042399998754262924,0.0,0.0,0.0,0.0,0.0,0.0,0.04100000113248825
1004,33.599999664,-0.04443608224391937,1.9164587259292603,-1.3985847234725952,0.25703462958335876,0.3464478552341461,-0.38639843463897705,0.0,0.10375982522964478,1.9534423351287842,-1.5413002967834473,0.015742870047688484,0.4986231029033661,-0.009180432185530663,0.0,0.0,0.0,0.0,0.0,0.0,0.0,0.042399998754262924,0.0,0.0,0.0,0.0,0.0,0.0,0.04100000113248825
1005,33.633332997,-0.04443608224391937,1.9187451601028442,-1.400242805480957,0.23080234229564667,0.3793822228908539,-0.38067376613616943,0.0,0.09943141043186188,1.9605457782745361,-1.5500094890594482,0.015428710728883743,0.5305626392364502,-0.006649704650044441,0.0,0.0,0.0,0.0,0.0,0.0,0.0,0.04650000110268593,0.0,0.0,0.0,0.0,0.0,0.0,0.04520000144839287
1006,33.66666633,-0.04642575979232788,1.9063010215759277,-1.3906434774398804,0.19666370749473572,0.42929863929748535,-0.37215656042099,0.0,0.09971065819263458,1.9551352262496948,-1.5474263429641724,0.010821041651070118,0.5725727081298828,0.0,0.0,0.0,0.0,0.0,0.0,0.0,0.0,0.04729999974370003,0.0,0.0,0.0,0.0,0.0,0.0,0.04610000178217888
1007,33.699999663,-0.04642575979232788,1.9063010215759277,-1.3906434774398804,0.19666370749473572,0.42929863929748535,-0.37215656042099,0.0,0.09971065819263458,1.9551352262496948,-1.5474263429641724,0.010821041651070118,0.5725727081298828,0.0,0.0,0.0,0.0,0.0,0.0,0.0,0.0,0.04729999974370003,0.0,0.0,0.0,0.0,0.0,0.0,0.04610000178217888
1008,33.733332996,-0.05080653354525566,1.883349895477295,-1.373347282409668,0.1612858772277832,0.47422340512275696,-0.3531324565410614,0.0,0.09728465229272842,1.9367046356201172,-1.5313867330551147,0.006841690745204687,0.6109350323677063,0.0,0.0,0.0,0.0,0.0,0.0,0.0,0.0,0.04740000143647194,0.0,0.0,0.0,0.0,0.0,0.0,0.04600000008940697
1009,33.766666329,-0.05515240505337715,1.8390010595321655,-1.34666109085083,0.12344713509082794,0.520317554473877,-0.33257248997688293,0.0,0.09728465229272842,1.8994592428207397,-1.5049799680709839,0.0,0.6400471329689026,0.0,0.0,0.0,0.0,0.0,0.0,0.0,0.0,0.04740000143647194,0.0,0.0,0.0,0.0,0.0,0.0,0.04600000008940697
1010,33.799999662,-0.05515240505337715,1.8390010595321655,-1.34666109085083,0.12344713509082794,0.520317554473877,-0.33257248997688293,0.0,0.09728465229272842,1.8994592428207397,-1.5049799680709839,0.0,0.6400471329689026,0.0,0.0,0.0,0.0,0.0,0.0,0.0,0.0,0.04740000143647194,0.0,0.0,0.0,0.0,0.0,0.0,0.04600000008940697
1011,33.833332995,-0.058276545256376266,1.7911441326141357,-1.3104455471038818,0.08707447350025177,0.5628686547279358,-0.31412434577941895,0.0,0.09526006877422333,1.8560703992843628,-1.4705621004104614,0.0,0.6626316905021667,0.0060388389974832535,0.0,0.0,0.0,0.0,0.0,0.0,0.0,0.047600001096725464,0.0,0.0,0.0,0.0,0.0,0.0,0.04580000042915344
1012,33.866666328,-0.06471680849790573,1.7412974834442139,-1.26410710811615,0.04836307466030121,0.5965884327888489,-0.2981894910335541,0.0,0.09526006877422333,1.8105173110961914,-1.4301925897598267,0.0,0.6698049902915955,0.01029744278639555,0.0,0.0,0.0,0.0,0.0,0.0,0.0,0.0478999987244606,0.0,0.0,0.0,0.0,0.0,0.0,0.045499999076128006
1013,33.899999661,-0.06471680849790573,1.7412974834442139,-1.26410710811615,0.04836307466030121,0.5965884327888489,-0.2981894910335541,0.0,0.09526006877422333,1.8105173110961914,-1.4301925897598267,0.0,0.6698049902915955,0.01029744278639555,0.0,0.0,0.0,0.0,0.0,0.0,0.0,0.0478999987244606,0.0,0.0,0.0,0.0,0.0,0.0,0.045499999076128006
1014,33.933332994,-0.06958627700805664,1.6900197267532349,-1.2018163204193115,0.01151917316019535,0.624548614025116,-0.28675758838653564,0.0,0.09526006877422333,1.7668317556381226,-1.3774138689041138,0.0,0.6658256649971008,0.015533430501818657,0.0,0.0,0.0,0.0,0.0,0.0,0.0,0.04859999939799309,0.0,0.0,0.0,0.0,0.0,0.0,0.04520000144839287
1015,33.966666327,-0.07593927532434464,1.6366301774978638,-1.141689658164978,-0.026284659281373024,0.6401169300079346,-0.2704562246799469,0.0,0.09347983449697495,1.7228668928146362,-1.3243907690048218,0.0,0.652194619178772,0.02108357660472393,0.0,0.0,0.0,0.0,0.0,0.0,0.0,0.04919999837875366,0.0,0.0,0.0,0.0,0.0,0.0,0.04520000144839287
1016,33.99999966,-0.07593927532434464,1.6366301774978638,-1.141689658164978,-0.026284659281373024,0.6401169300079346,-0.2704562246799469,0.0,0.09347983449697495,1.7228668928146362,-1.3243907690048218,0.0,0.652194619178772,0.02108357660472393,0.0,0.0,0.0,0.0,0.0,0.0,0.0,0.04919999837875366,0.0,0.0,0.0,0.0,0.0,0.0,0.04520000144839287
1017,34.033332993,-0.08421213924884796,1.5843924283981323,-1.0772695541381836,-0.07068583369255066,0.6568372249603271,-0.25788983702659607,0.0,0.09347983449697495,1.6793906688690186,-1.2682260274887085,0.0,0.6239901185035706,0.0230383463203907,0.0,0.0,0.0,0.0,0.0,0.0,0.0,0.04969999939203262,0.0,0.0,0.0,0.0,0.0,0.0,0.04520000144839287
1018,34.066666326,-0.09663888067007065,1.5336905717849731,-1.0110867023468018,-0.1091703474521637,0.6652671694755554,-0.24001768231391907,0.0,0.09347983449697495,1.6343088150024414,-1.213038682937622,0.008656833320856094,0.600166380405426,0.029827676713466644,0.0,0.0,0.0,0.0,0.0,0.0,0.0,0.050200000405311584,0.0,0.0,0.0,0.0,0.0,0.0,0.04520000144839287
1019,34.099999659,-0.09663888067007065,1.5336905717849731,-1.0110867023468018,-0.1091703474521637,0.6652671694755554,-0.24001768231391907,0.0,0.09347983449697495,1.6343088150024414,-1.213038682937622,0.008656833320856094,0.600166380405426,0.029827676713466644,0.0,0.0,0.0,0.0,0.0,0.0,0.0,0.050200000405311584,0.0,0.0,0.0,0.0,0.0,0.0,0.04520000144839287
1020,34.133332992,-0.11136946082115173,1.484315276145935,-0.9438740611076355,-0.146345853805542,0.6736796498298645,-0.2223898470401764,0.0,0.09313076734542847,1.5886335372924805,-1.1557221412658691,0.010419615544378757,0.5818927884101868,0.029740409925580025,0.0,0.0,0.0,0.0,0.0,0.0,0.0,0.05040000006556511,0.0,0.0,0.0,0.0,0.0,0.0,0.04520000144839287
1021,34.166666325,-0.13177235424518585,1.4516950845718384,-0.8695928454399109,-0.1837657243013382,0.6691417694091797,-0.20587903261184692,0.0,0.09313076734542847,1.5535874366760254,-1.0982658863067627,0.013456488959491253,0.565765917301178,0.029740409925580025,0.0,0.0,0.0,0.0,0.0,0.0,0.0,0.05050000175833702,0.0,0.0,0.0,0.0,0.0,0.0,0.04520000144839287
1022,34.199999658,-0.13177235424518585,1.4516950845718384,-0.8695928454399109,-0.1837657243013382,0.6691417694091797,-0.20587903261184692,0.0,0.09313076734542847,1.5535874366760254,-1.0982658863067627,0.013456488959491253,0.565765917301178,0.029740409925580025,0.0,0.0,0.0,0.0,0.0,0.0,0.0,0.05050000175833702,0.0,0.0,0.0,0.0,0.0,0.0,0.04520000144839287
1023,34.233332991,-0.15154694020748138,1.430890679359436,-0.8082270622253418,-0.21132446825504303,0.6605023741722107,-0.1970302164554596,0.0,0.09313076734542847,1.523846983909607,-1.0446842908859253,0.016057029366493225,0.5612106323242188,0.029740409925580025,0.0,0.0,0.0,0.0,0.0,0.0,0.0,0.05079999938607216,0.0,0.0,0.0,0.0,0.0,0.0,0.04520000144839287
1024,34.266666324,-0.17041394114494324,1.425986409187317,-0.7525859475135803,-0.22745130956172943,0.6463826894760132,-0.1949881911277771,0.0,0.09313076734542847,1.5034440755844116,-0.989060640335083,0.020176006481051445,0.5565505623817444,0.027488935738801956,0.0,0.0,0.0,0.0,0.0,0.0,0.0,0.05130000039935112,0.0,0.0,0.0,0.0,0.0,0.0,0.04520000144839287
1025,34.299999657,-0.17041394114494324,1.425986409187317,-0.7525859475135803,-0.22745130956172943,0.6463826894760132,-0.1949881911277771,0.0,0.09313076734542847,1.5034440755844116,-0.989060640335083,0.020176006481051445,0.5565505623817444,0.027488935738801956,0.0,0.0,0.0,0.0,0.0,0.0,0.0,0.05130000039935112,0.0,0.0,0.0,0.0,0.0,0.0,0.04520000144839287
1026,34.33333299,-0.1912357211112976,1.429319977760315,-0.7046068906784058,-0.23727750778198242,0.6295228004455566,-0.1949881911277771,0.0,0.09313076734542847,1.4960962533950806,-0.9494940042495728,0.02272418700158596,0.5515240430831909,0.025848325341939926,0.0,0.0,0.0,0.0,0.0,0.0,0.0,0.051600001752376556,0.0,0.0,0.0,0.0,0.0,0.0,0.04520000144839287
1027,34.366666323,-0.2059139460325241,1.4486582279205322,-0.6613576412200928,-0.23900538682937622,0.6144431829452515,-0.2013411819934845,0.0,0.09313076734542847,1.498923659324646,-0.9195441603660583,0.024748768657445908,0.5471258163452148,0.023404864594340324,0.0,0.0,0.0,0.0,0.0,0.0,0.0,0.05169999971985817,0.0,0.0,0.0,0.0,0.0,0.0,0.04520000144839287
1028,34.399999656,-0.2059139460325241,1.4486582279205322,-0.6613576412200928,-0.23900538682937622,0.6144431829452515,-0.2013411819934845,0.0,0.09313076734542847,1.498923659324646,-0.9195441603660583,0.024748768657445908,0.5471258163452148,0.023404864594340324,0.0,0.0,0.0,0.0,0.0,0.0,0.0,0.05169999971985817,0.0,0.0,0.0,0.0,0.0,0.0,0.04520000144839287
1029,34.433332989,-0.2160019427537918,1.4784334897994995,-0.6353696584701538,-0.2393195480108261,0.5992239117622375,-0.20551252365112305,0.0,0.09313076734542847,1.5120136737823486,-0.9024574160575867,0.024748768657445908,0.5409822463989258,0.023404864594340324,0.0,0.0,0.0,0.0,0.0,0.0,0.0,0.05169999971985817,0.0,0.0,0.0,0.0,0.0,0.0,0.045099999755620956
1030,34.466666322,-0.22029545903205872,1.5086451768875122,-0.6213895678520203,-0.2410997897386551,0.5867098569869995,-0.20963150262832642,0.0,0.09498082101345062,1.514998197555542,-0.8948652148246765,0.026686083525419235,0.5361825823783875,0.02183406986296177,0.0,0.0,0.0,0.0,0.0,0.0,0.0,0.05169999971985817,0.0,0.0,0.0,0.0,0.0,0.0,0.04490000009536743
1031,34.499999655,-0.22029545903205872,1.5086451768875122,-0.6213895678520203,-0.2410997897386551,0.5867098569869995,-0.20963150262832642,0.0,0.09498082101345062,1.514998197555542,-0.8948652148246765,0.026686083525419235,0.5361825823783875,0.02183406986296177,0.0,0.0,0.0,0.0,0.0,0.0,0.0,0.05169999971985817,0.0,0.0,0.0,0.0,0.0,0.0,0.04490000009536743
1032,34.533332988,-0.22029545903205872,1.5319278240203857,-0.6170611381530762,-0.2410648763179779,0.574859082698822,-0.2117084413766861,0.0,0.09498082101345062,1.514998197555542,-0.9010087847709656,0.02918190509080887,0.5337042212486267,0.02183406986296177,0.0,0.0,0.0,0.0,0.0,0.0,0.0,0.05169999971985817,0.0,0.0,0.0,0.0,0.0,0.0,0.04479999840259552
1033,34.566666321,-0.22029545903205872,1.5545647144317627,-0.6170611381530762,-0.2410648763179779,0.5607742667198181,-0.2117084413766861,0.0,0.09498082101345062,1.514998197555542,-0.9079203009605408,0.03162536770105362,0.5287474989891052,0.02183406986296177,0.0,0.0,0.0,0.0,0.0,0.0,0.0,0.05169999971985817,0.0,0.0,0.0,0.0,0.0,0.0,0.044599998742341995
1034,34.599999654,-0.22029545903205872,1.5545647144317627,-0.6170611381530762,-0.2410648763179779,0.5607742667198181,-0.2117084413766861,0.0,0.09498082101345062,1.514998197555542,-0.9079203009605408,0.03162536770105362,0.5287474989891052,0.02183406986296177,0.0,0.0,0.0,0.0,0.0,0.0,0.0,0.05169999971985817,0.0,0.0,0.0,0.0,0.0,0.0,0.044599998742341995
1035,34.633332987,-0.22029545903205872,1.570586919784546,-0.6170611381530762,-0.24382250010967255,0.5509830117225647,-0.2117084413766861,0.0,0.09498082101345062,1.516568899154663,-0.9079203009605408,0.03162536770105362,0.5313305854797363,0.02183406986296177,0.0,0.0,0.0,0.0,0.0,0.0,0.0,0.05169999971985817,0.0,0.0,0.0,0.0,0.0,0.0,0.04439999908208847
1036,34.66666632,-0.22029545903205872,1.5833277702331543,-0.6170611381530762,-0.2456725388765335,0.5428846478462219,-0.20931734144687653,0.0,0.09498082101345062,1.5171449184417725,-0.9098924994468689,0.033108897507190704,0.5294630527496338,0.02183406986296177,0.0,0.0,0.0,0.0,0.0,0.0,0.0,0.051600001752376556,0.0,0.0,0.0,0.0,0.0,0.0,0.04410000145435333
1037,34.699999653,-0.22029545903205872,1.5833277702331543,-0.6170611381530762,-0.2456725388765335,0.5428846478462219,-0.20931734144687653,0.0,0.09498082101345062,1.5171449184417725,-0.9098924994468689,0.033108897507190704,0.5294630527496338,0.02183406986296177,0.0,0.0,0.0,0.0,0.0,0.0,0.0,0.051600001752376556,0.0,0.0,0.0,0.0,0.0,0.0,0.04410000145435333
1038,34.733332986,-0.22029545903205872,1.593153953552246,-0.6170611381530762,-0.2543468177318573,0.5320287346839905,-0.2068040668964386,0.0,0.09498082101345062,1.5171449184417725,-0.9120566844940186,0.035011306405067444,0.5250997543334961,0.02183406986296177,0.0,0.0,0.0,0.0,0.0,0.0,0.0,0.05119999870657921,0.0,0.0,0.0,0.0,0.0,0.0,0.04390000179409981
1039,34.766666319,-0.22029545903205872,1.6010079383850098,-0.6170611381530762,-0.26164230704307556,0.5276828408241272,-0.20401152968406677,0.0,0.09316567331552505,1.518855333328247,-0.9133482575416565,0.034260813146829605,0.5269148945808411,0.02183406986296177,0.0,0.0,0.0,0.0,0.0,0.0,0.0,0.05009999871253967,0.0,0.0,0.0,0.0,0.0,0.0,0.043699998408555984
1040,34.799999652,-0.22029545903205872,1.6010079383850098,-0.6170611381530762,-0.26164230704307556,0.5276828408241272,-0.20401152968406677,0.0,0.09316567331552505,1.518855333328247,-0.9133482575416565,0.034260813146829605,0.5269148945808411,0.02183406986296177,0.0,0.0,0.0,0.0,0.0,0.0,0.0,0.05009999871253967,0.0,0.0,0.0,0.0,0.0,0.0,0.043699998408555984
1041,34.833332985,-0.22029545903205872,1.6109389066696167,-0.6170611381530762,-0.27124160528182983,0.5190260410308838,-0.20038124918937683,0.0,0.09316567331552505,1.518855333328247,-0.9133482575416565,0.035639625042676926,0.5250124931335449,0.02183406986296177,0.0,0.0,0.0,0.0,0.0,0.0,0.0,0.04769999906420708,0.0,0.0,0.0,0.0,0.0,0.0,0.043699998408555984
1042,34.866666318,-0.22029545903205872,1.617850422859192,-0.6170611381530762,-0.2785894572734833,0.5137202143669128,-0.1926669031381607,0.0,0.09316567331552505,1.518855333328247,-0.9133482575416565,0.035639625042676926,0.5192703604698181,0.02183406986296177,0.0,0.0,0.0,0.0,0.0,0.0,0.0,0.04360000044107437,0.0,0.0,0.0,0.0,0.0,0.0,0.04360000044107437
1043,34.899999651,-0.22029545903205872,1.617850422859192,-0.6170611381530762,-0.2785894572734833,0.5137202143669128,-0.1926669031381607,0.0,0.09316567331552505,1.518855333328247,-0.9133482575416565,0.035639625042676926,0.5192703604698181,0.02183406986296177,0.0,0.0,0.0,0.0,0.0,0.0,0.0,0.04360000044107437,0.0,0.0,0.0,0.0,0.0,0.0,0.04360000044107437
1044,34.933332984,-0.22029545903205872,1.6246048212051392,-0.615315854549408,-0.28874728083610535,0.5065469145774841,-0.18849556148052216,0.0,0.09316567331552505,1.518855333328247,-0.9114458560943604,0.03356268256902695,0.5211204290390015,0.02183406986296177,0.0,0.0,0.0,0.0,0.0,0.0,0.0,0.03689999878406525,0.0,0.0,0.0,0.0,0.0,0.0,0.043299999088048935
1045,34.966666317,-0.22029545903205872,1.6260185241699219,-0.6150016784667969,-0.2957809567451477,0.5014156699180603,-0.1854935884475708,0.0,0.09098401665687561,1.5193265676498413,-0.9112189412117004,0.03199188411235809,0.5160415172576904,0.02183406986296177,0.0,0.0,0.0,0.0,0.0,0.0,0.0,0.02969999983906746,0.0,0.0,0.0,0.0,0.0,0.0,0.04309999942779541
1046,34.99999965,-0.22029545903205872,1.6260185241699219,-0.6150016784667969,-0.2957809567451477,0.5014156699180603,-0.1854935884475708,0.0,0.09098401665687561,1.5193265676498413,-0.9112189412117004,0.03199188411235809,0.5160415172576904,0.02183406986296177,0.0,0.0,0.0,0.0,0.0,0.0,0.0,0.02969999983906746,0.0,0.0,0.0,0.0,0.0,0.0,0.04309999942779541
1047,35.033332983,-0.22029545903205872,1.627694010734558,-0.6131690740585327,-0.30021408200263977,0.498884916305542,-0.17921040952205658,0.0,0.09098401665687561,1.5234630107879639,-0.9093165397644043,0.02431243658065796,0.5115734338760376,0.02183406986296177,0.0,0.0,0.0,0.0,0.0,0.0,0.0,0.021400000900030136,0.0,0.0,0.0,0.0,0.0,0.0,0.042899999767541885
1048,35.066666316,-0.22029545903205872,1.627694010734558,-0.6127153038978577,-0.30021408200263977,0.4969126880168915,-0.1725607067346573,0.0,0.0870046615600586,1.5315089225769043,-0.9089674949645996,0.018709929659962654,0.5053949952125549,0.02494075521826744,0.0,0.0,0.0,0.0,0.0,0.0,0.0,0.014100000262260437,0.0,0.0,0.0,0.0,0.0,0.0,0.04270000010728836
1049,35.099999649,-0.22029545903205872,1.627694010734558,-0.6127153038978577,-0.30021408200263977,0.4969126880168915,-0.1725607067346573,0.0,0.0870046615600586,1.5315089225769043,-0.9089674949645996,0.018709929659962654,0.5053949952125549,0.02494075521826744,0.0,0.0,0.0,0.0,0.0,0.0,0.0,0.014100000262260437,0.0,0.0,0.0,0.0,0.0,0.0,0.04270000010728836
1050,35.133332982,-0.22029545903205872,1.6232260465621948,-0.6109524965286255,-0.30021408200263977,0.4969126880168915,-0.1679530292749405,0.0,0.08211774379014969,1.5435168743133545,-0.9063844084739685,0.012130037881433964,0.5031958818435669,0.029862582683563232,0.0,0.0,0.0,0.0,0.0,0.0,0.0,0.008200000040233135,0.0,0.0,0.0,0.0,0.0,0.0,0.04259999841451645
1051,35.166666315,-0.22029545903205872,1.6128064393997192,-0.6086835861206055,-0.30286699533462524,0.4969126880168915,-0.1584060788154602,0.0,0.07223917543888092,1.5604465007781982,-0.9063844084739685,0.0,0.48633599281311035,0.03429571911692619,0.0,0.0,0.0,0.0,0.0,0.0,0.0,0.0044999998062849045,0.0,0.0,0.0,0.0,0.0,0.0,0.042500000447034836
1052,35.199999648,-0.22029545903205872,1.6128064393997192,-0.6086835861206055,-0.30286699533462524,0.4969126880168915,-0.1584060788154602,0.0,0.07223917543888092,1.5604465007781982,-0.9063844084739685,0.0,0.48633599281311035,0.03429571911692619,0.0,0.0,0.0,0.0,0.0,0.0,0.0,0.0044999998062849045,0.0,0.0,0.0,0.0,0.0,0.0,0.042500000447034836
1053,35.233332981,-0.22029545903205872,1.5960861444473267,-0.6086835861206055,-0.30286699533462524,0.5106484293937683,-0.15187855064868927,0.0,0.0616450309753418,1.578301191329956,-0.9063844084739685,0.0,0.48197266459465027,0.03876376152038574,0.0,0.0,0.0,0.0,0.0,0.0,0.0,0.00279999990016222,0.0,0.0,0.0,0.0,0.0,0.0,0.042500000447034836
1054,35.266666314,-0.22167426347732544,1.5756309032440186,-0.6086835861206055,-0.30080750584602356,0.512219250202179,-0.14479251205921173,0.0,0.047542769461870193,1.6002575159072876,-0.9090896248817444,-0.008621926419436932,0.4754451513290405,0.04562290757894516,0.0,0.0,0.0,0.0,0.0,0.0,0.0,0.0024999999441206455,0.0,0.0,0.0,0.0,0.0,0.0,0.042500000447034836
1055,35.299999647,-0.22167426347732544,1.5756309032440186,-0.6086835861206055,-0.30080750584602356,0.512219250202179,-0.14479251205921173,0.0,0.047542769461870193,1.6002575159072876,-0.9090896248817444,-0.008621926419436932,0.4754451513290405,0.04562290757894516,0.0,0.0,0.0,0.0,0.0,0.0,0.0,0.0024999999441206455,0.0,0.0,0.0,0.0,0.0,0.0,0.042500000447034836
1056,35.33333298,-0.22277382016181946,1.5457857847213745,-0.6151064038276672,-0.29658380150794983,0.516687273979187,-0.14091788232326508,0.0,0.03366740047931671,1.6282700300216675,-0.9138194918632507,-0.015603243373334408,0.4623551666736603,0.05256931856274605,0.0,0.0,0.0,0.0,0.0,0.0,0.0,0.002199999988079071,0.0,0.0,0.0,0.0,0.0,0.0,0.042500000447034836
1057,35.366666313,-0.22417008876800537,1.5191694498062134,-0.6170611381530762,-0.2897246479988098,0.530614972114563,-0.14091788232326508,0.0,0.015568336471915245,1.6528791189193726,-0.918688952922821,-0.022514747455716133,0.4568922817707062,0.061679936945438385,0.0,0.0,0.0,0.0,0.0,0.0,0.0,0.0019000000320374966,0.0,0.0,0.0,0.0,0.0,0.0,0.04230000078678131
1058,35.399999646,-0.22417008876800537,1.5191694498062134,-0.6170611381530762,-0.2897246479988098,0.530614972114563,-0.14091788232326508,0.0,0.015568336471915245,1.6528791189193726,-0.918688952922821,-0.022514747455716133,0.4568922817707062,0.061679936945438385,0.0,0.0,0.0,0.0,0.0,0.0,0.0,0.0019000000320374966,0.0,0.0,0.0,0.0,0.0,0.0,0.04230000078678131
1059,35.433332979,-0.22513002157211304,1.4889229536056519,-0.6241995692253113,-0.28441885113716125,0.5356764793395996,-0.14091788232326508,0.0,-0.0026354470755904913,1.680053949356079,-0.9214640259742737,-0.02724459022283554,0.4462108910083771,0.06838200241327286,0.0,0.0,0.0,0.0,0.0,0.0,0.0,0.0017999999690800905,0.0,0.0,0.0,0.0,0.0,0.0,0.0421999990940094
1060,35.466666312,-0.22513002157211304,1.4580655097961426,-0.6268349885940552,-0.27665212750434875,0.5378755927085876,-0.14091788232326508,0.0,-0.02015855349600315,1.7055182456970215,-0.9295972585678101,-0.02724459022283554,0.43819981813430786,0.07531096041202545,0.0,0.0,0.0,0.0,0.0,0.0,0.0,0.0017999999690800905,0.0,0.0,0.0,0.0,0.0,0.0,0.042100001126527786
1061,35.499999645,-0.22513002157211304,1.4580655097961426,-0.6268349885940552,-0.27665212750434875,0.5378755927085876,-0.14091788232326508,0.0,-0.02015855349600315,1.7055182456970215,-0.9295972585678101,-0.02724459022283554,0.43819981813430786,0.07531096041202545,0.0,0.0,0.0,0.0,0.0,0.0,0.0,0.0017999999690800905,0.0,0.0,0.0,0.0,0.0,0.0,0.042100001126527786
1062,35.533332978,-0.22513002157211304,1.4306813478469849,-0.6268349885940552,-0.27178266644477844,0.5486442446708679,-0.14301228523254395,0.0,-0.036477383226156235,1.7319425344467163,-0.9409767985343933,-0.02724459022283554,0.43327799439430237,0.0774751678109169,0.0,0.0,0.0,0.0,0.0,0.0,0.0,0.0017999999690800905,0.0,0.0,0.0,0.0,0.0,0.0,0.04190000146627426
1063,35.566666311,-0.222965806722641,1.4068924188613892,-0.6268349885940552,-0.26940903067588806,0.5483126640319824,-0.1454906463623047,0.0,-0.04797910153865814,1.7561328411102295,-0.9508728384971619,-0.02724459022283554,0.4326845705509186,0.07955210655927658,0.0,0.0,0.0,0.0,0.0,0.0,0.0,0.0017999999690800905,0.0,0.0,0.0,0.0,0.0,0.0,0.04170000180602074
1064,35.599999644,-0.222965806722641,1.4068924188613892,-0.6268349885940552,-0.26940903067588806,0.5483126640319824,-0.1454906463623047,0.0,-0.04797910153865814,1.7561328411102295,-0.9508728384971619,-0.02724459022283554,0.4326845705509186,0.07955210655927658,0.0,0.0,0.0,0.0,0.0,0.0,0.0,0.0017999999690800905,0.0,0.0,0.0,0.0,0.0,0.0,0.04170000180602074
1065,35.633332977,-0.21797417104244232,1.3868910074234009,-0.6268349885940552,-0.26431265473365784,0.5527282953262329,-0.1454906463623047,0.0,-0.05825909227132797,1.78480863571167,-0.9663888216018677,-0.025394540280103683,0.4329289197921753,0.07923794537782669,0.0,0.0,0.0,0.0,0.0,0.0,0.0,0.0017999999690800905,0.0,0.0,0.0,0.0,0.0,0.0,0.0414000004529953
1066,35.66666631,-0.213157057762146,1.3784610033035278,-0.6246708035469055,-0.26167720556259155,0.5547354221343994,-0.14337879419326782,0.0,-0.06209881603717804,1.8085800409317017,-0.9835454225540161,-0.025394540280103683,0.44172537326812744,0.07728318125009537,0.0,0.0,0.0,0.0,0.0,0.0,0.0,0.0017999999690800905,0.0,0.0,0.0,0.0,0.0,0.0,0.04129999876022339
1067,35.699999643,-0.213157057762146,1.3784610033035278,-0.6246708035469055,-0.26167720556259155,0.5547354221343994,-0.14337879419326782,0.0,-0.06209881603717804,1.8085800409317017,-0.9835454225540161,-0.025394540280103683,0.44172537326812744,0.07728318125009537,0.0,0.0,0.0,0.0,0.0,0.0,0.0,0.0017999999690800905,0.0,0.0,0.0,0.0,0.0,0.0,0.04129999876022339
1068,35.733332976,-0.20490165054798126,1.3786007165908813,-0.6246708035469055,-0.25703462958335876,0.5572661757469177,-0.1417207419872284,0.0,-0.06729989498853683,1.8323513269424438,-1.0017317533493042,-0.023596851155161858,0.44778168201446533,0.07728318125009537,0.0,0.0,0.0,0.0,0.0,0.0,0.0,0.0017999999690800905,0.0,0.0,0.0,0.0,0.0,0.0,0.0414000004529953
1069,35.766666309,-0.20022417604923248,1.3786007165908813,-0.6246708035469055,-0.25502750277519226,0.5592733025550842,-0.13985323905944824,0.0,-0.0665319487452507,1.8539934158325195,-1.0217856168746948,-0.01953023485839367,0.4556531012058258,0.07482226192951202,0.0,0.0,0.0,0.0,0.0,0.0,0.0,0.0017999999690800905,0.0,0.0,0.0,0.0,0.0,0.0,0.0414000004529953
1070,35.799999642,-0.1961226463317871,1.3807823657989502,-0.6246708035469055,-0.25502750277519226,0.5592733025550842,-0.1367989033460617,0.0,-0.0665319487452507,1.8539934158325195,-1.0217856168746948,-0.01953023485839367,0.4556531012058258,0.07482226192951202,0.0,0.0,0.0,0.0,0.0,0.0,0.0,0.0017000000225380063,0.0,0.0,0.0,0.0,0.0,0.0,0.0414000004529953
1071,35.833332975,-0.1961226463317871,1.3807823657989502,-0.6246708035469055,-0.25502750277519226,0.5592733025550842,-0.1367989033460617,0.0,-0.06890559941530228,1.8742218017578125,-1.0366731882095337,-0.013875367119908333,0.4586201608181,0.06702063977718353,0.0,0.0,0.0,0.0,0.0,0.0,0.0,0.0017000000225380063,0.0,0.0,0.0,0.0,0.0,0.0,0.041099999099969864
1072,35.866666308,-0.19566886126995087,1.3824578523635864,-0.6230301856994629,-0.25214770436286926,0.5608091950416565,-0.13416345417499542,0.0,-0.06890559941530228,1.8920241594314575,-1.0461678504943848,-0.00921533815562725,0.4586201608181,0.05974262207746506,0.0,0.0,0.0,0.0,0.0,0.0,0.0,0.0017000000225380063,0.0,0.0,0.0,0.0,0.0,0.0,0.04100000113248825
1073,35.899999641,-0.19394098222255707,1.3871004581451416,-0.6230301856994629,-0.24996605515480042,0.5568996667861938,-0.13416345417499542,0.0,-0.06890559941530228,1.8920241594314575,-1.0461678504943848,-0.00921533815562725,0.4586201608181,0.05974262207746506,0.0,0.0,0.0,0.0,0.0,0.0,0.0,0.0017000000225380063,0.0,0.0,0.0,0.0,0.0,0.0,0.04100000113248825
1074,35.933332974,-0.19394098222255707,1.3871004581451416,-0.6230301856994629,-0.24996605515480042,0.5568996667861938,-0.13416345417499542,0.0,-0.07300712168216705,1.9118859767913818,-1.0552610158920288,0.0,0.46621236205101013,0.05061454698443413,0.0,0.0,0.0,0.0,0.0,0.0,0.0,0.0017000000225380063,0.0,0.0,0.0,0.0,0.0,0.0,0.04100000113248825
1075,35.966666307,-0.19394098222255707,1.3871004581451416,-0.6230301856994629,-0.24996605515480042,0.5568996667861938,-0.13416345417499542,0.0,-0.07300712168216705,1.9246094226837158,-1.0598162412643433,0.016318827867507935,0.4689001441001892,0.04106759652495384,0.0,0.0,0.0,0.0,0.0,0.0,0.0,0.0017000000225380063,0.0,0.0,0.0,0.0,0.0,0.0,0.04100000113248825
1076,35.99999964,-0.19394098222255707,1.3894391059875488,-0.6230301856994629,-0.24996605515480042,0.5568996667861938,-0.13416345417499542,0.0,-0.07300712168216705,1.9246094226837158,-1.0598162412643433,0.016318827867507935,0.4689001441001892,0.04106759652495384,0.0,0.0,0.0,0.0,0.0,0.0,0.0,0.0017000000225380063,0.0,0.0,0.0,0.0,0.0,0.0,0.04100000113248825
1077,36.033332973,-0.19394098222255707,1.3894391059875488,-0.6230301856994629,-0.24996605515480042,0.5568996667861938,-0.13416345417499542,0.0,-0.07300712168216705,1.9360413551330566,-1.0624691247940063,0.030927235260605812,0.4689001441001892,0.027960173785686493,0.0,0.0,0.0,0.0,0.0,0.0,0.0,0.0017000000225380063,0.0,0.0,0.0,0.0,0.0,0.0,0.04100000113248825
1078,36.066666306,-0.19193385541439056,1.389247179031372,-0.6230301856994629,-0.24820327758789062,0.5568996667861938,-0.13416345417499542,0.0,-0.07300712168216705,1.9436161518096924,-1.0652966499328613,0.047542769461870193,0.4715879559516907,0.011850785464048386,0.0,0.0,0.0,0.0,0.0,0.0,0.0,0.0017000000225380063,0.0,0.0,0.0,0.0,0.0,0.0,0.0406000018119812
1079,36.099999639,-0.19193385541439056,1.389247179031372,-0.6230301856994629,-0.24820327758789062,0.5568996667861938,-0.13416345417499542,0.0,-0.07300712168216705,1.9436161518096924,-1.0652966499328613,0.047542769461870193,0.4715879559516907,0.011850785464048386,0.0,0.0,0.0,0.0,0.0,0.0,0.0,0.0017000000225380063,0.0,0.0,0.0,0.0,0.0,0.0,0.0406000018119812
1080,36.133332972,-0.19193385541439056,1.389247179031372,-0.6248103976249695,-0.24820327758789062,0.5544038414955139,-0.13608331978321075,0.0,-0.07300712168216705,1.9500389099121094,-1.0680891275405884,0.06351253390312195,0.47050586342811584,0.0,0.0,0.0,0.0,0.0,0.0,0.0,0.0,0.0017000000225380063,0.0,0.0,0.0,0.0,0.0,0.0,0.039799999445676804
1081,36.166666305,-0.19193385541439056,1.389247179031372,-0.6248103976249695,-0.24820327758789062,0.5544038414955139,-0.13608331978321075,0.0,-0.07300712168216705,1.9567583799362183,-1.0690839290618896,0.07670722156763077,0.4732111096382141,-0.016667895019054413,0.0,0.0,0.0,0.0,0.0,0.0,0.0,0.0017000000225380063,0.0,0.0,0.0,0.0,0.0,0.0,0.03750000149011612
1082,36.199999638,-0.19193385541439056,1.389247179031372,-0.6229254603385925,-0.24820327758789062,0.5544038414955139,-0.13608331978321075,0.0,-0.07300712168216705,1.9567583799362183,-1.0690839290618896,0.07670722156763077,0.4732111096382141,-0.016667895019054413,0.0,0.0,0.0,0.0,0.0,0.0,0.0,0.0017000000225380063,0.0,0.0,0.0,0.0,0.0,0.0,0.03750000149011612
1083,36.233332971,-0.19193385541439056,1.389247179031372,-0.6229254603385925,-0.24820327758789062,0.5544038414955139,-0.13608331978321075,0.0,-0.07300712168216705,1.9586782455444336,-1.070497751235962,0.09196139872074127,0.4732111096382141,-0.03296926990151405,0.0,0.0,0.0,0.0,0.0,0.0,0.0,0.0017000000225380063,0.0,0.0,0.0,0.0,0.0,0.0,0.030799999833106995
1084,36.266666304,-0.1944471299648285,1.389247179031372,-0.6229254603385925,-0.24820327758789062,0.5544038414955139,-0.13802063465118408,0.0,-0.07300712168216705,1.9630590677261353,-1.070497751235962,0.10690141469240189,0.4754800498485565,-0.04368559271097183,0.0,0.0,0.0,0.0,0.0,0.0,0.0,0.0017000000225380063,0.0,0.0,0.0,0.0,0.0,0.0,0.0215000007301569
1085,36.299999637,-0.1944471299648285,1.389247179031372,-0.6229254603385925,-0.24820327758789062,0.5544038414955139,-0.13802063465118408,0.0,-0.07300712168216705,1.9630590677261353,-1.070497751235962,0.10690141469240189,0.4754800498485565,-0.04368559271097183,0.0,0.0,0.0,0.0,0.0,0.0,0.0,0.0017000000225380063,0.0,0.0,0.0,0.0,0.0,0.0,0.0215000007301569
1086,36.33333297,-0.1944471299648285,1.389247179031372,-0.6229254603385925,-0.24820327758789062,0.5544038414955139,-0.13802063465118408,0.0,-0.07300712168216705,1.9609123468399048,-1.070497751235962,0.1201135590672493,0.47713810205459595,-0.05775294452905655,0.0,0.0,0.0,0.0,0.0,0.0,0.0,0.0017000000225380063,0.0,0.0,0.0,0.0,0.0,0.0,0.010400000028312206
1087,36.366666303,-0.1944471299648285,1.389247179031372,-0.624932587146759,-0.24820327758789062,0.5524141788482666,-0.13802063465118408,0.0,-0.07300712168216705,1.9541579484939575,-1.070497751235962,0.1322086900472641,0.48722612857818604,-0.06993534415960312,0.0,0.0,0.0,0.0,0.0,0.0,0.0,0.0017000000225380063,0.0,0.0,0.0,0.0,0.0,0.0,0.00430000014603138
1088,36.399999636,-0.1944471299648285,1.389247179031372,-0.624932587146759,-0.24820327758789062,0.5524141788482666,-0.13802063465118408,0.0,-0.07300712168216705,1.9541579484939575,-1.070497751235962,0.1322086900472641,0.48722612857818604,-0.06993534415960312,0.0,0.0,0.0,0.0,0.0,0.0,0.0,0.0017000000225380063,0.0,0.0,0.0,0.0,0.0,0.0,0.00430000014603138
1089,36.433332969,-0.1944471299648285,1.380677580833435,-0.6291562914848328,-0.24820327758789062,0.5524141788482666,-0.1399579495191574,0.0,-0.07300712168216705,1.9437557458877563,-1.0687174797058105,0.1454208344221115,0.5036845803260803,-0.08424704521894455,0.0,0.0,0.0,0.0,0.0,0.0,0.0,0.0017000000225380063,0.0,0.0,0.0,0.0,0.0,0.0,0.002099999925121665
1090,36.466666302,-0.1944471299648285,1.3650918006896973,-0.6382843852043152,-0.24525366723537445,0.5524141788482666,-0.1399579495191574,0.0,-0.07166321575641632,1.9272624254226685,-1.0666230916976929,0.15980234742164612,0.5224817395210266,-0.10063568502664566,0.0,0.0,0.0,0.0,0.0,0.0,0.0,0.0017000000225380063,0.0,0.0,0.0,0.0,0.0,0.0,0.0015999999595806003
1091,36.499999635,-0.1944471299648285,1.3650918006896973,-0.6382843852043152,-0.24525366723537445,0.5524141788482666,-0.1399579495191574,0.0,-0.07166321575641632,1.9272624254226685,-1.0666230916976929,0.15980234742164612,0.5224817395210266,-0.10063568502664566,0.0,0.0,0.0,0.0,0.0,0.0,0.0,0.0017000000225380063,0.0,0.0,0.0,0.0,0.0,0.0,0.0015999999595806003
1092,36.533332968,-0.1944471299648285,1.3451950550079346,-0.6468888521194458,-0.24096015095710754,0.5524141788482666,-0.1399579495191574,0.0,-0.06890559941530228,1.8970507383346558,-1.0666230916976929,0.17521360516548157,0.5329886674880981,-0.11735593527555466,0.0,0.0,0.0,0.0,0.0,0.0,0.0,0.0017000000225380063,0.0,0.0,0.0,0.0,0.0,0.0,0.001500000013038516
1093,36.566666301,-0.18798941373825073,1.3208826780319214,-0.6656860113143921,-0.23942427337169647,0.5524141788482666,-0.14636331796646118,0.0,-0.06916739791631699,1.8605209589004517,-1.0686302185058594,0.1917942315340042,0.5355018973350525,-0.1330988109111786,0.0,0.0,0.0,0.0,0.0,0.0,0.0,0.0017000000225380063,0.0,0.0,0.0,0.0,0.0,0.0,0.00139999995008111
1094,36.599999634,-0.18798941373825073,1.3208826780319214,-0.6656860113143921,-0.23942427337169647,0.5524141788482666,-0.14636331796646118,0.0,-0.06916739791631699,1.8605209589004517,-1.0686302185058594,0.1917942315340042,0.5355018973350525,-0.1330988109111786,0.0,0.0,0.0,0.0,0.0,0.0,0.0,0.0017000000225380063,0.0,0.0,0.0,0.0,0.0,0.0,0.00139999995008111
1095,36.633332967,-0.17980381846427917,1.291002631187439,-0.6870139241218567,-0.2295806109905243,0.5524141788482666,-0.1468694508075714,0.0,-0.06658431142568588,1.8185807466506958,-1.0702184438705444,0.20259782671928406,0.5459738969802856,-0.143431156873703,0.0,0.0,0.0,0.0,0.0,0.0,0.0,0.0017000000225380063,0.0,0.0,0.0,0.0,0.0,0.0,0.0013000000035390258
1096,36.6666663,-0.16510814428329468,1.2589060068130493,-0.7125830054283142,-0.22137756645679474,0.559866726398468,-0.1509011685848236,0.0,-0.06658431142568588,1.7722073793411255,-1.0722954273223877,0.21249383687973022,0.5510353446006775,-0.15022048354148865,0.0,0.0,0.0,0.0,0.0,0.0,0.0,0.0017000000225380063,0.0,0.0,0.0,0.0,0.0,0.0,0.00139999995008111
1097,36.699999633,-0.16510814428329468,1.2589060068130493,-0.7125830054283142,-0.22137756645679474,0.559866726398468,-0.1509011685848236,0.0,-0.06658431142568588,1.7722073793411255,-1.0722954273223877,0.21249383687973022,0.5510353446006775,-0.15022048354148865,0.0,0.0,0.0,0.0,0.0,0.0,0.0,0.0017000000225380063,0.0,0.0,0.0,0.0,0.0,0.0,0.00139999995008111
1098,36.733332966,-0.14838789403438568,1.221625804901123,-0.7434229850769043,-0.21017254889011383,0.5648932456970215,-0.1509011685848236,0.0,-0.06384414434432983,1.7093929052352905,-1.075943112373352,0.22767819464206696,0.5533566474914551,-0.15203562378883362,0.0,0.0,0.0,0.0,0.0,0.0,0.0,0.0017000000225380063,0.0,0.0,0.0,0.0,0.0,0.0,0.00139999995008111
1099,36.766666299,-0.12835150957107544,1.187888503074646,-0.7789579033851624,-0.1969953179359436,0.5726425051689148,-0.15529939532279968,0.0,-0.061505403369665146,1.6507847309112549,-1.080480933189392,0.23952898383140564,0.5587846040725708,-0.15479324758052826,0.0,0.0,0.0,0.0,0.0,0.0,0.0,0.0017000000225380063,0.0,0.0,0.0,0.0,0.0,0.0,0.00139999995008111
1100,36.799999632,-0.12835150957107544,1.187888503074646,-0.7789579033851624,-0.1969953179359436,0.5726425051689148,-0.15529939532279968,0.0,-0.061505403369665146,1.6507847309112549,-1.080480933189392,0.23952898383140564,0.5587846040725708,-0.15479324758052826,0.0,0.0,0.0,0.0,0.0,0.0,0.0,0.0017000000225380063,0.0,0.0,0.0,0.0,0.0,0.0,0.00139999995008111
1101,36.833332965,-0.10554005950689316,1.1572929620742798,-0.8170060515403748,-0.18339920043945312,0.5846503973007202,-0.15737633407115936,0.0,-0.061505403369665146,1.5902742147445679,-1.0899755954742432,0.25387558341026306,0.5644394755363464,-0.15479324758052826,0.0,0.0,0.0,0.0,0.0,0.0,0.0,0.0017000000225380063,0.0,0.0,0.0,0.0,0.0,0.0,0.0013000000035390258
1102,36.866666298,-0.08534660190343857,1.128442645072937,-0.8663116097450256,-0.1653001308441162,0.5966233611106873,-0.1595579981803894,0.0,-0.061505403369665146,1.523934245109558,-1.1100119352340698,0.2660754323005676,0.5726251006126404,-0.15479324758052826,0.0,0.0,0.0,0.0,0.0,0.0,0.0,0.0017000000225380063,0.0,0.0,0.0,0.0,0.0,0.0,0.0013000000035390258
1103,36.899999631,-0.08534660190343857,1.128442645072937,-0.8663116097450256,-0.1653001308441162,0.5966233611106873,-0.1595579981803894,0.0,-0.061505403369665146,1.523934245109558,-1.1100119352340698,0.2660754323005676,0.5726251006126404,-0.15479324758052826,0.0,0.0,0.0,0.0,0.0,0.0,0.0,0.0017000000225380063,0.0,0.0,0.0,0.0,0.0,0.0,0.0013000000035390258
1104,36.933332964,-0.06616543233394623,1.1009536981582642,-0.9130166172981262,-0.14423401653766632,0.6114761233329773,-0.16266468167304993,0.0,-0.061505403369665146,1.4535276889801025,-1.13167142868042,0.2814692556858063,0.5837951898574829,-0.15299555659294128,0.0,0.0,0.0,0.0,0.0,0.0,0.0,0.0017000000225380063,0.0,0.0,0.0,0.0,0.0,0.0,0.0013000000035390258
1105,36.966666297,-0.04916592687368393,1.0778803825378418,-0.9628981351852417,-0.12627457082271576,0.6251943707466125,-0.1642005741596222,0.0,-0.061505403369665146,1.381759762763977,-1.1596142053604126,0.2899515628814697,0.5964313745498657,-0.15044738352298737,0.0,0.0,0.0,0.0,0.0,0.0,0.0,0.0017000000225380063,0.0,0.0,0.0,0.0,0.0,0.0,0.0012000000569969416
1106,36.99999963,-0.04916592687368393,1.0778803825378418,-0.9628981351852417,-0.12627457082271576,0.6251943707466125,-0.1642005741596222,0.0,-0.061505403369665146,1.381759762763977,-1.1596142053604126,0.2899515628814697,0.5964313745498657,-0.15044738352298737,0.0,0.0,0.0,0.0,0.0,0.0,0.0,0.0017000000225380063,0.0,0.0,0.0,0.0,0.0,0.0,0.0012000000569969416
1107,37.033332963,-0.031730085611343384,1.0548770427703857,-1.0143330097198486,-0.10756464302539825,0.6388952136039734,-0.1670629233121872,0.0,-0.061505403369665146,1.3038482666015625,-1.1921297311782837,0.29740411043167114,0.6114935278892517,-0.14838789403438568,0.0,0.0,0.0,0.0,0.0,0.0,0.0,0.0017000000225380063,0.0,0.0,0.0,0.0,0.0,0.0,0.0012000000569969416
1108,37.066666296,-0.019809486344456673,1.0338631868362427,-1.0782992839813232,-0.08339183032512665,0.6545333862304688,-0.17102481424808502,0.0,-0.061505403369665146,1.2362691164016724,-1.2302651405334473,0.3017674386501312,0.6308143734931946,-0.14597934484481812,0.0,0.0,0.0,0.0,0.0,0.0,0.0,0.0017000000225380063,0.0,0.0,0.0,0.0,0.0,0.0,0.0012000000569969416
1109,37.099999629,-0.019809486344456673,1.0338631868362427,-1.0782992839813232,-0.08339183032512665,0.6545333862304688,-0.17102481424808502,0.0,-0.061505403369665146,1.2362691164016724,-1.2302651405334473,0.3017674386501312,0.6308143734931946,-0.14597934484481812,0.0,0.0,0.0,0.0,0.0,0.0,0.0,0.0017000000225380063,0.0,0.0,0.0,0.0,0.0,0.0,0.0012000000569969416
1110,37.133332962,-0.014625859446823597,1.0138967037200928,-1.1358777284622192,-0.06089453771710396,0.6661747097969055,-0.17353808879852295,0.0,-0.061505403369665146,1.1725471019744873,-1.2695873975753784,0.3017674386501312,0.6450387835502625,-0.14597934484481812,0.0,0.0,0.0,0.0,0.0,0.0,0.0,0.0017000000225380063,0.0,0.0,0.0,0.0,0.0,0.0,0.0012000000569969416
1111,37.166666295,-0.012950343079864979,0.9922546148300171,-1.1934735774993896,-0.039217546582221985,0.6851289868354797,-0.17749997973442078,0.0,-0.061505403369665146,1.1132408380508423,-1.3176363706588745,0.296601265668869,0.6703809499740601,-0.14597934484481812,0.0,0.0,0.0,0.0,0.0,0.0,0.0,0.0017000000225380063,0.0,0.0,0.0,0.0,0.0,0.0,0.0012000000569969416
1112,37.199999628,-0.012950343079864979,0.9922546148300171,-1.1934735774993896,-0.039217546582221985,0.6851289868354797,-0.17749997973442078,0.0,-0.061505403369665146,1.1132408380508423,-1.3176363706588745,0.296601265668869,0.6703809499740601,-0.14597934484481812,0.0,0.0,0.0,0.0,0.0,0.0,0.0,0.0017000000225380063,0.0,0.0,0.0,0.0,0.0,0.0,0.0012000000569969416
1113,37.233332961,-0.012950343079864979,0.9722530841827393,-1.2511392831802368,-0.018762288615107536,0.6979396939277649,-0.179734006524086,0.0,-0.061505403369665146,1.056936502456665,-1.3587912321090698,0.29421016573905945,0.6857049465179443,-0.14597934484481812,0.0,0.0,0.0,0.0,0.0,0.0,0.0,0.0017000000225380063,0.0,0.0,0.0,0.0,0.0,0.0,0.0012000000569969416
1114,37.266666294,-0.01665044017136097,0.9491798877716064,-1.3074610233306885,0.0,0.7138745784759521,-0.18266615271568298,0.0,-0.05899212881922722,1.0034421682357788,-1.397956371307373,0.290911465883255,0.7049559354782104,-0.15215779840946198,0.0,0.0,0.0,0.0,0.0,0.0,0.0,0.0017000000225380063,0.0,0.0,0.0,0.0,0.0,0.0,0.0012000000569969416
1115,37.299999627,-0.01665044017136097,0.9491798877716064,-1.3074610233306885,0.0,0.7138745784759521,-0.18266615271568298,0.0,-0.05899212881922722,1.0034421682357788,-1.397956371307373,0.290911465883255,0.7049559354782104,-0.15215779840946198,0.0,0.0,0.0,0.0,0.0,0.0,0.0,0.0017000000225380063,0.0,0.0,0.0,0.0,0.0,0.0,0.0012000000569969416
1116,37.33333296,-0.021903881803154945,0.9230697154998779,-1.3685301542282104,0.028204521164298058,0.7297396063804626,-0.1854586899280548,0.0,-0.057299159467220306,0.9514487981796265,-1.4340846538543701,0.290911465883255,0.7173478007316589,-0.15681783854961395,0.0,0.0,0.0,0.0,0.0,0.0,0.0,0.0017000000225380063,0.0,0.0,0.0,0.0,0.0,0.0,0.0012000000569969416
1117,37.366666293,-0.0247662216424942,0.8941321969032288,-1.4146068096160889,0.05635668337345123,0.7468962073326111,-0.19247491657733917,0.0,-0.051312681287527084,0.8946208953857422,-1.468013882637024,0.28558823466300964,0.7322005033493042,-0.1624203473329544,0.0,0.0,0.0,0.0,0.0,0.0,0.0,0.0017000000225380063,0.0,0.0,0.0,0.0,0.0,0.0,0.0012000000569969416
1118,37.399999626,-0.0247662216424942,0.8941321969032288,-1.4146068096160889,0.05635668337345123,0.7468962073326111,-0.19247491657733917,0.0,-0.051312681287527084,0.8946208953857422,-1.468013882637024,0.28558823466300964,0.7322005033493042,-0.1624203473329544,0.0,0.0,0.0,0.0,0.0,0.0,0.0,0.0017000000225380063,0.0,0.0,0.0,0.0,0.0,0.0,0.0012000000569969416
1119,37.433332959,-0.029164452105760574,0.8602553606033325,-1.4506478309631348,0.08419468253850937,0.76279616355896,-0.19938641786575317,0.0,-0.04686209186911583,0.8463101387023926,-1.4862700700759888,0.28070130944252014,0.7502123117446899,-0.1696809083223343,0.0,0.0,0.0,0.0,0.0,0.0,0.0,0.0017000000225380063,0.0,0.0,0.0,0.0,0.0,0.0,0.0012000000569969416
1120,37.466666292,-0.03652974218130112,0.8173900246620178,-1.4751173257827759,0.11609930545091629,0.7764446139335632,-0.21301743388175964,0.0,-0.03529055789113045,0.800739586353302,-1.498242974281311,0.2682396471500397,0.7626914381980896,-0.1771160066127777,0.0,0.0,0.0,0.0,0.0,0.0,0.0,0.0017000000225380063,0.0,0.0,0.0,0.0,0.0,0.0,0.0012000000569969416
1121,37.499999625,-0.03652974218130112,0.8173900246620178,-1.4751173257827759,0.11609930545091629,0.7764446139335632,-0.21301743388175964,0.0,-0.03529055789113045,0.800739586353302,-1.498242974281311,0.2682396471500397,0.7626914381980896,-0.1771160066127777,0.0,0.0,0.0,0.0,0.0,0.0,0.0,0.0017000000225380063,0.0,0.0,0.0,0.0,0.0,0.0,0.0012000000569969416
1122,37.533332958,-0.04515166953206062,0.7760955691337585,-1.4875092506408691,0.1517738252878189,0.7917336821556091,-0.22595033049583435,0.0,-0.023492131382226944,0.7519576549530029,-1.5029902458190918,0.25590017437934875,0.7782946825027466,-0.18428932130336761,0.0,0.0,0.0,0.0,0.0,0.0,0.0,0.0017000000225380063,0.0,0.0,0.0,0.0,0.0,0.0,0.0012000000569969416
1123,37.566666291,-0.05248204991221428,0.7358307838439941,-1.4880154132843018,0.1909564733505249,0.805818498134613,-0.24129177629947662,0.0,-0.011466813273727894,0.7136825919151306,-1.5029902458190918,0.23832471668720245,0.7973187565803528,-0.18973474204540253,0.0,0.0,0.0,0.0,0.0,0.0,0.0,0.0017000000225380063,0.0,0.0,0.0,0.0,0.0,0.0,0.0012000000569969416
1124,37.599999624,-0.05248204991221428,0.7358307838439941,-1.4880154132843018,0.1909564733505249,0.805818498134613,-0.24129177629947662,0.0,-0.011466813273727894,0.7136825919151306,-1.5029902458190918,0.23832471668720245,0.7973187565803528,-0.18973474204540253,0.0,0.0,0.0,0.0,0.0,0.0,0.0,0.0017000000225380063,0.0,0.0,0.0,0.0,0.0,0.0,0.0012000000569969416
1125,37.633332957,-0.06005677953362465,0.6993359923362732,-1.476443886756897,0.2298773229122162,0.8161159753799438,-0.2536661624908447,0.0,0.0007853981805965304,0.6824411749839783,-1.5049101114273071,0.22097612917423248,0.8119097352027893,-0.19537214934825897,0.0,0.0,0.0,0.0,0.0,0.0,0.0,0.0017000000225380063,0.0,0.0,0.0,0.0,0.0,0.0,0.0012000000569969416
1126,37.66666629,-0.06656685471534729,0.6754598617553711,-1.461573600769043,0.269059956073761,0.8328187465667725,-0.25710445642471313,0.0,0.007888888008892536,0.6633647680282593,-1.5049101114273071,0.20615829527378082,0.8214392066001892,-0.19537214934825897,0.0,0.0,0.0,0.0,0.0,0.0,0.0,0.0017000000225380063,0.0,0.0,0.0,0.0,0.0,0.0,0.0012000000569969416
1127,37.699999623,-0.06656685471534729,0.6754598617553711,-1.461573600769043,0.269059956073761,0.8328187465667725,-0.25710445642471313,0.0,0.007888888008892536,0.6633647680282593,-1.5049101114273071,0.20615829527378082,0.8214392066001892,-0.19537214934825897,0.0,0.0,0.0,0.0,0.0,0.0,0.0,0.0017000000225380063,0.0,0.0,0.0,0.0,0.0,0.0,0.0012000000569969416
1128,37.733332956,-0.0723089873790741,0.6662445068359375,-1.449914813041687,0.2968805134296417,0.8380721807479858,-0.25710445642471313,0.0,0.013281955383718014,0.6586349010467529,-1.5011576414108276,0.19032815098762512,0.8293979167938232,-0.19537214934825897,0.0,0.0,0.0,0.0,0.0,0.0,0.0,0.0017000000225380063,0.0,0.0,0.0,0.0,0.0,0.0,0.0012000000569969416
1129,37.766666289,-0.08211774379014969,0.6646039485931396,-1.4348875284194946,0.3211056888103485,0.8380721807479858,-0.2598097026348114,0.0,0.01589994877576828,0.6653892993927002,-1.4921866655349731,0.17921040952205658,0.8367457389831543,-0.19339993596076965,0.0,0.0,0.0,0.0,0.0,0.0,0.0,0.0017000000225380063,0.0,0.0,0.0,0.0,0.0,0.0,0.0012000000569969416
1130,37.799999622,-0.08211774379014969,0.6646039485931396,-1.4348875284194946,0.3211056888103485,0.8380721807479858,-0.2598097026348114,0.0,0.01589994877576828,0.6653892993927002,-1.4921866655349731,0.17921040952205658,0.8367457389831543,-0.19339993596076965,0.0,0.0,0.0,0.0,0.0,0.0,0.0,0.0017000000225380063,0.0,0.0,0.0,0.0,0.0,0.0,0.0012000000569969416
1131,37.833332955,-0.09190903604030609,0.6762278079986572,-1.420296549797058,0.3366914689540863,0.8380721807479858,-0.2598097026348114,0.0,0.02183406986296177,0.6839770674705505,-1.4776132106781006,0.1716880351305008,0.8367457389831543,-0.19060741364955902,0.0,0.0,0.0,0.0,0.0,0.0,0.0,0.0017000000225380063,0.0,0.0,0.0,0.0,0.0,0.0,0.0012000000569969416
1132,37.866666288,-0.09911724925041199,0.7012733221054077,-1.400679111480713,0.3436378836631775,0.8317890167236328,-0.2598097026348114,0.0,0.025848325341939926,0.7136127948760986,-1.4575942754745483,0.1633104532957077,0.8348433375358582,-0.190642312169075,0.0,0.0,0.0,0.0,0.0,0.0,0.0,0.0017000000225380063,0.0,0.0,0.0,0.0,0.0,0.0,0.0012000000569969416
1133,37.899999621,-0.09911724925041199,0.7012733221054077,-1.400679111480713,0.3436378836631775,0.8317890167236328,-0.2598097026348114,0.0,0.025848325341939926,0.7136127948760986,-1.4575942754745483,0.1633104532957077,0.8348433375358582,-0.190642312169075,0.0,0.0,0.0,0.0,0.0,0.0,0.0,0.0017000000225380063,0.0,0.0,0.0,0.0,0.0,0.0,0.0012000000569969416
1134,37.933332954,-0.10676179081201553,0.7459362745285034,-1.3770473003387451,0.3436378836631775,0.828996479511261,-0.2626895010471344,0.0,0.030403636395931244,0.756966769695282,-1.4324440956115723,0.159016951918602,0.8252964019775391,-0.18854792416095734,0.0,0.0,0.0,0.0,0.0,0.0,0.0,0.0017000000225380063,0.0,0.0,0.0,0.0,0.0,0.0,0.0012000000569969416
1135,37.966666287,-0.11224212497472763,0.7957130670547485,-1.3466087579727173,0.3504446744918823,0.8141611814498901,-0.26748916506767273,0.0,0.03237585723400116,0.8122064471244812,-1.394779920578003,0.159016951918602,0.8055916428565979,-0.18854792416095734,0.0,0.0,0.0,0.0,0.0,0.0,0.0,0.0017000000225380063,0.0,0.0,0.0,0.0,0.0,0.0,0.0012000000569969416
1136,37.99999962,-0.11224212497472763,0.7957130670547485,-1.3466087579727173,0.3504446744918823,0.8141611814498901,-0.26748916506767273,0.0,0.03237585723400116,0.8122064471244812,-1.394779920578003,0.159016951918602,0.8055916428565979,-0.18854792416095734,0.0,0.0,0.0,0.0,0.0,0.0,0.0,0.0017000000225380063,0.0,0.0,0.0,0.0,0.0,0.0,0.0012000000569969416
1137,38.033332953,-0.11660544574260712,0.8561887145042419,-1.3186311721801758,0.3534117341041565,0.8016646504402161,-0.27551767230033875,0.0,0.036861352622509,0.8721410036087036,-1.35833740234375,0.159016951918602,0.7857123017311096,-0.18854792416095734,0.0,0.0,0.0,0.0,0.0,0.0,0.0,0.0017000000225380063,0.0,0.0,0.0,0.0,0.0,0.0,0.0012000000569969416
1138,38.066666286,-0.11857766658067703,0.9248499870300293,-1.2833929061889648,0.3605850338935852,0.7770729660987854,-0.28852036595344543,0.0,0.0388859361410141,0.9385856986045837,-1.3192070722579956,0.159016951918602,0.7523939609527588,-0.1903630644083023,0.0,0.0,0.0,0.0,0.0,0.0,0.0,0.0017000000225380063,0.0,0.0,0.0,0.0,0.0,0.0,0.0012000000569969416
1139,38.099999619,-0.11857766658067703,0.9248499870300293,-1.2833929061889648,0.3605850338935852,0.7770729660987854,-0.28852036595344543,0.0,0.0388859361410141,0.9385856986045837,-1.3192070722579956,0.159016951918602,0.7523939609527588,-0.1903630644083023,0.0,0.0,0.0,0.0,0.0,0.0,0.0,0.0017000000225380063,0.0,0.0,0.0,0.0,0.0,0.0,0.0012000000569969416
1140,38.133332952,-0.11857766658067703,0.9947503805160522,-1.252448320388794,0.3683691918849945,0.7462155222892761,-0.30082494020462036,0.0,0.041434116661548615,1.0154675245285034,-1.2820664644241333,0.159016951918602,0.717120885848999,-0.19486601650714874,0.0,0.0,0.0,0.0,0.0,0.0,0.0,0.0017000000225380063,0.0,0.0,0.0,0.0,0.0,0.0,0.0012000000569969416
1141,38.166666285,-0.11426670849323273,1.0688745975494385,-1.2245229482650757,0.37316885590553284,0.7125830054283142,-0.31349605321884155,0.0,0.04352851212024689,1.0859264135360718,-1.2516977787017822,0.159016951918602,0.6840468645095825,-0.19931660592556,0.0,0.0,0.0,0.0,0.0,0.0,0.0,0.0017000000225380063,0.0,0.0,0.0,0.0,0.0,0.0,0.0012000000569969416
1142,38.199999618,-0.11426670849323273,1.0688745975494385,-1.2245229482650757,0.37316885590553284,0.7125830054283142,-0.31349605321884155,0.0,0.04352851212024689,1.0859264135360718,-1.2516977787017822,0.159016951918602,0.6840468645095825,-0.19931660592556,0.0,0.0,0.0,0.0,0.0,0.0,0.0,0.0017000000225380063,0.0,0.0,0.0,0.0,0.0,0.0,0.0012000000569969416
1143,38.233332951,-0.10573204606771469,1.1487059593200684,-1.2003501653671265,0.38325685262680054,0.6753202676773071,-0.32934361696243286,0.0,0.04352851212024689,1.155320644378662,-1.2300207614898682,0.156102254986763,0.6389126777648926,-0.2025105506181717,0.0,0.0,0.0,0.0,0.0,0.0,0.0,0.0017000000225380063,0.0,0.0,0.0,0.0,0.0,0.0,0.0012000000569969416
1144,38.266666284,-0.10573204606771469,1.1487059593200684,-1.2003501653671265,0.38325685262680054,0.6753202676773071,-0.32934361696243286,0.0,0.04352851212024689,1.155320644378662,-1.2300207614898682,0.156102254986763,0.6389126777648926,-0.2025105506181717,0.0,0.0,0.0,0.0,0.0,0.0,0.0,0.0017000000225380063,0.0,0.0,0.0,0.0,0.0,0.0,0.0012000000569969416
1145,38.299999617,-0.09552186727523804,1.2160930633544922,-1.1854101419448853,0.3902905285358429,0.6260321736335754,-0.3436204195022583,0.0,0.04352851212024689,1.234471321105957,-1.2198106050491333,0.1474977731704712,0.5983337759971619,-0.20603612065315247,0.0,0.0,0.0,0.0,0.0,0.0,0.0,0.0017000000225380063,0.0,0.0,0.0,0.0,0.0,0.0,0.0012000000569969416
1146,38.33333295,-0.08431685715913773,1.2871978282928467,-1.1805756092071533,0.39699259400367737,0.5825908780097961,-0.3605501055717468,0.0,0.04352851212024689,1.3061695098876953,-1.2198106050491333,0.13725268840789795,0.5509131550788879,-0.20917771756649017,0.0,0.0,0.0,0.0,0.0,0.0,0.0,0.0017000000225380063,0.0,0.0,0.0,0.0,0.0,0.0,0.0012000000569969416
1147,38.366666283,-0.08431685715913773,1.2871978282928467,-1.1805756092071533,0.39699259400367737,0.5825908780097961,-0.3605501055717468,0.0,0.04352851212024689,1.3061695098876953,-1.2198106050491333,0.13725268840789795,0.5509131550788879,-0.20917771756649017,0.0,0.0,0.0,0.0,0.0,0.0,0.0,0.0017000000225380063,0.0,0.0,0.0,0.0,0.0,0.0,0.0012000000569969416
1148,38.399999616,-0.07655014097690582,1.3595242500305176,-1.1833157539367676,0.4043753445148468,0.5390275120735168,-0.3747047483921051,0.0,0.04352851212024689,1.3783388137817383,-1.2377351522445679,0.12854349613189697,0.5123588442802429,-0.2114117294549942,0.0,0.0,0.0,0.0,0.0,0.0,0.0,0.0017000000225380063,0.0,0.0,0.0,0.0,0.0,0.0,0.0012000000569969416
1149,38.433332949,-0.07189010828733444,1.4278364181518555,-1.1948872804641724,0.41290998458862305,0.48581239581108093,-0.3867998719215393,0.0,0.04136430472135544,1.4500893354415894,-1.2630947828292847,0.12205087393522263,0.4728794991970062,-0.2134014070034027,0.0,0.0,0.0,0.0,0.0,0.0,0.0,0.0017000000225380063,0.0,0.0,0.0,0.0,0.0,0.0,0.0012000000569969416
1150,38.466666282,-0.07189010828733444,1.4278364181518555,-1.1948872804641724,0.41290998458862305,0.48581239581108093,-0.3867998719215393,0.0,0.04136430472135544,1.4500893354415894,-1.2630947828292847,0.12205087393522263,0.4728794991970062,-0.2134014070034027,0.0,0.0,0.0,0.0,0.0,0.0,0.0,0.0017000000225380063,0.0,0.0,0.0,0.0,0.0,0.0,0.0012000000569969416
1151,38.499999615,-0.069725900888443,1.4937574863433838,-1.2055338621139526,0.41774454712867737,0.44521602988243103,-0.39650389552116394,0.0,0.04136430472135544,1.5184364318847656,-1.2838118076324463,0.11454595625400543,0.4340459406375885,-0.2134014070034027,0.0,0.0,0.0,0.0,0.0,0.0,0.0,0.0017000000225380063,0.0,0.0,0.0,0.0,0.0,0.0,0.0012000000569969416
1152,38.533332948,-0.06489133834838867,1.5602895021438599,-1.21455717086792,0.42723914980888367,0.4110250473022461,-0.4061904847621918,0.0,0.037454765290021896,1.5950040817260742,-1.3004099130630493,0.11018263548612595,0.3998200297355652,-0.2134014070034027,0.0,0.0,0.0,0.0,0.0,0.0,0.0,0.0017999999690800905,0.0,0.0,0.0,0.0,0.0,0.0,0.0012000000569969416
1153,38.566666281,-0.06489133834838867,1.5602895021438599,-1.21455717086792,0.42723914980888367,0.4110250473022461,-0.4061904847621918,0.0,0.037454765290021896,1.5950040817260742,-1.3004099130630493,0.11018263548612595,0.3998200297355652,-0.2134014070034027,0.0,0.0,0.0,0.0,0.0,0.0,0.0,0.0017999999690800905,0.0,0.0,0.0,0.0,0.0,0.0,0.0012000000569969416
1154,38.599999614,-0.060789816081523895,1.6313767433166504,-1.2254306077957153,0.43359214067459106,0.3793822228908539,-0.41369539499282837,0.0,0.03537782281637192,1.6604539155960083,-1.315227746963501,0.11037462204694748,0.3713362514972687,-0.21526890993118286,0.0,0.0,0.0,0.0,0.0,0.0,0.0,0.0026000000070780516,0.0,0.0,0.0,0.0,0.0,0.0,0.0012000000569969416
1155,38.633332947,-0.056007616221904755,1.6886235475540161,-1.2396026849746704,0.4408876299858093,0.34983378648757935,-0.42065924406051636,0.0,0.033108897507190704,1.7216451168060303,-1.3347580432891846,0.11037462204694748,0.3513871431350708,-0.21526890993118286,0.0,0.0,0.0,0.0,0.0,0.0,0.0,0.005100000184029341,0.0,0.0,0.0,0.0,0.0,0.0,0.002400000113993883
1156,38.66666628,-0.056007616221904755,1.6886235475540161,-1.2396026849746704,0.4408876299858093,0.34983378648757935,-0.42065924406051636,0.0,0.033108897507190704,1.7216451168060303,-1.3347580432891846,0.11037462204694748,0.3513871431350708,-0.21526890993118286,0.0,0.0,0.0,0.0,0.0,0.0,0.0,0.005100000184029341,0.0,0.0,0.0,0.0,0.0,0.0,0.002400000113993883
1157,38.699999613,-0.05431464686989784,1.7420130968093872,-1.2599531412124634,0.44279003143310547,0.3289596438407898,-0.42819908261299133,0.0,0.03309144079685211,1.777687668800354,-1.3586515188217163,0.11314969509840012,0.3301464915275574,-0.21766000986099243,0.0,0.0,0.0,0.0,0.0,0.0,0.0,0.007600000128149986,0.0,0.0,0.0,0.0,0.0,0.0,0.003800000064074993
1158,38.733332946,-0.050108402967453,1.7980905771255493,-1.2867439985275269,0.44722315669059753,0.3194650709629059,-0.43299874663352966,0.0,0.028675759211182594,1.8302744626998901,-1.3906608819961548,0.11622147262096405,0.32813936471939087,-0.21766000986099243,0.0,0.0,0.0,0.0,0.0,0.0,0.0,0.00989999994635582,0.0,0.0,0.0,0.0,0.0,0.0,0.006099999882280827
1159,38.766666279,-0.050108402967453,1.7980905771255493,-1.2867439985275269,0.44722315669059753,0.3194650709629059,-0.43299874663352966,0.0,0.028675759211182594,1.8302744626998901,-1.3906608819961548,0.11622147262096405,0.32813936471939087,-0.21766000986099243,0.0,0.0,0.0,0.0,0.0,0.0,0.0,0.00989999994635582,0.0,0.0,0.0,0.0,0.0,0.0,0.006099999882280827
1160,38.799999612,-0.04937536269426346,1.8414270877838135,-1.3141281604766846,0.44720572233200073,0.31787681579589844,-0.4355294704437256,0.0,0.02666863054037094,1.8797545433044434,-1.4203664064407349,0.11622147262096405,0.3412991464138031,-0.21766000986099243,0.0,0.0,0.0,0.0,0.0,0.0,0.0,0.010700000450015068,0.0,0.0,0.0,0.0,0.0,0.0,0.0071000000461936
1161,38.833332945,-0.04583234712481499,1.8793705701828003,-1.3480050563812256,0.44720572233200073,0.31787681579589844,-0.44059091806411743,0.0,0.024644048884510994,1.9239811897277832,-1.4531786441802979,0.11622147262096405,0.35849061608314514,-0.21766000986099243,0.0,0.0,0.0,0.0,0.0,0.0,0.0,0.009999999776482582,0.0,0.0,0.0,0.0,0.0,0.0,0.006599999964237213
1162,38.866666278,-0.04583234712481499,1.8793705701828003,-1.3480050563812256,0.44720572233200073,0.31787681579589844,-0.44059091806411743,0.0,0.024644048884510994,1.9239811897277832,-1.4531786441802979,0.11622147262096405,0.35849061608314514,-0.21766000986099243,0.0,0.0,0.0,0.0,0.0,0.0,0.0,0.009999999776482582,0.0,0.0,0.0,0.0,0.0,0.0,0.006599999964237213
1163,38.899999611,-0.045291293412446976,1.9109959602355957,-1.3748656511306763,0.4436277747154236,0.31787681579589844,-0.4484100043773651,0.0,0.022881265729665756,1.967125654220581,-1.4853624105453491,0.11423180252313614,0.3709173798561096,-0.21766000986099243,0.0,0.0,0.0,0.0,0.0,0.0,0.0,0.009600000455975533,0.0,0.0,0.0,0.0,0.0,0.0,0.006500000134110451
1164,38.933332944,-0.043301619589328766,1.9341390132904053,-1.3936628103256226,0.4343949854373932,0.31787681579589844,-0.4561766982078552,0.0,0.022881265729665756,1.9970580339431763,-1.5126943588256836,0.11423180252313614,0.3806912302970886,-0.2146056890487671,0.0,0.0,0.0,0.0,0.0,0.0,0.0,0.00989999994635582,0.0,0.0,0.0,0.0,0.0,0.0,0.006899999920278788
1165,38.966666277,-0.043301619589328766,1.9341390132904053,-1.3936628103256226,0.4343949854373932,0.31787681579589844,-0.4561766982078552,0.0,0.022881265729665756,1.9970580339431763,-1.5126943588256836,0.11423180252313614,0.3806912302970886,-0.2146056890487671,0.0,0.0,0.0,0.0,0.0,0.0,0.0,0.00989999994635582,0.0,0.0,0.0,0.0,0.0,0.0,0.006899999920278788
1166,38.99999961,-0.043301619589328766,1.9459199905395508,-1.4003474712371826,0.41324159502983093,0.3256959021091461,-0.46383869647979736,0.0,0.022881265729665756,2.0171468257904053,-1.5322768688201904,0.11423180252313614,0.4010068476200104,-0.21191787719726562,0.0,0.0,0.0,0.0,0.0,0.0,0.0,0.011300000362098217,0.0,0.0,0.0,0.0,0.0,0.0,0.008899999782443047
1167,39.033332943,-0.043301619589328766,1.9454835653305054,-1.397956371307373,0.3905348777770996,0.3355395495891571,-0.46383869647979736,0.0,0.020559977740049362,2.0241281986236572,-1.5430456399917603,0.11252138018608093,0.41866958141326904,-0.2099980115890503,0.0,0.0,0.0,0.0,0.0,0.0,0.0,0.01360000018030405,0.0,0.0,0.0,0.0,0.0,0.0,0.011099999770522118
1168,39.066666276,-0.043301619589328766,1.9454835653305054,-1.397956371307373,0.3905348777770996,0.3355395495891571,-0.46383869647979736,0.0,0.020559977740049362,2.0241281986236572,-1.5430456399917603,0.11252138018608093,0.41866958141326904,-0.2099980115890503,0.0,0.0,0.0,0.0,0.0,0.0,0.0,0.01360000018030405,0.0,0.0,0.0,0.0,0.0,0.0,0.011099999770522118
1169,39.099999609,-0.04536110907793045,1.9304912090301514,-1.383784294128418,0.36072465777397156,0.3574783504009247,-0.4565432369709015,0.0,0.018936822190880775,2.02203369140625,-1.540148377418518,0.11252138018608093,0.4420395493507385,-0.2099980115890503,0.0,0.0,0.0,0.0,0.0,0.0,0.0,0.015699999406933784,0.0,0.0,0.0,0.0,0.0,0.0,0.013299999758601189
1170,39.133332942,-0.049898963421583176,1.9078892469406128,-1.366662621498108,0.32794737815856934,0.3802723288536072,-0.4442037343978882,0.0,0.01665044017136097,2.002451181411743,-1.5237421989440918,0.11075859516859055,0.4738219976425171,-0.2099980115890503,0.0,0.0,0.0,0.0,0.0,0.0,0.0,0.01850000023841858,0.0,0.0,0.0,0.0,0.0,0.0,0.016200000420212746
1171,39.166666275,-0.049898963421583176,1.9078892469406128,-1.366662621498108,0.32794737815856934,0.3802723288536072,-0.4442037343978882,0.0,0.01665044017136097,2.002451181411743,-1.5237421989440918,0.11075859516859055,0.4738219976425171,-0.2099980115890503,0.0,0.0,0.0,0.0,0.0,0.0,0.0,0.01850000023841858,0.0,0.0,0.0,0.0,0.0,0.0,0.016200000420212746
1172,39.199999608,-0.051260318607091904,1.8779568672180176,-1.337445855140686,0.2883633077144623,0.4043578803539276,-0.43165484070777893,0.0,0.01326450239866972,1.9737579822540283,-1.500285029411316,0.11075859516859055,0.4994783401489258,-0.20041616261005402,0.0,0.0,0.0,0.0,0.0,0.0,0.0,0.0215000007301569,0.0,0.0,0.0,0.0,0.0,0.0,0.01889999955892563
1173,39.233332941,-0.051260318607091904,1.8779568672180176,-1.337445855140686,0.2883633077144623,0.4043578803539276,-0.43165484070777893,0.0,0.01326450239866972,1.9737579822540283,-1.500285029411316,0.11075859516859055,0.4994783401489258,-0.20041616261005402,0.0,0.0,0.0,0.0,0.0,0.0,0.0,0.0215000007301569,0.0,0.0,0.0,0.0,0.0,0.0,0.01889999955892563
1174,39.266666274,-0.05441936478018761,1.845703125,-1.3029755353927612,0.2543817460536957,0.4343251883983612,-0.41973423957824707,0.0,0.01014036312699318,1.936599850654602,-1.4706144332885742,0.10732029378414154,0.5223072171211243,-0.19537214934825897,0.0,0.0,0.0,0.0,0.0,0.0,0.0,0.02459999918937683,0.0,0.0,0.0,0.0,0.0,0.0,0.02160000056028366
1175,39.299999607,-0.05660102888941765,1.8090686798095703,-1.260162591934204,0.222965806722641,0.45464080572128296,-0.41003021597862244,0.0,0.009529497474431992,1.8906803131103516,-1.4321997165679932,0.11074113845825195,0.5301088690757751,-0.18191567063331604,0.0,0.0,0.0,0.0,0.0,0.0,0.0,0.027300000190734863,0.0,0.0,0.0,0.0,0.0,0.0,0.02410000003874302
1176,39.33333294,-0.05660102888941765,1.7606009244918823,-1.2117646932601929,0.19017107784748077,0.47160542011260986,-0.3946363925933838,0.0,0.009529497474431992,1.8503108024597168,-1.3857914209365845,0.11295770853757858,0.5350481271743774,-0.17210692167282104,0.0,0.0,0.0,0.0,0.0,0.0,0.0,0.030300000682473183,0.0,0.0,0.0,0.0,0.0,0.0,0.026599999517202377
1177,39.366666273,-0.05660102888941765,1.7606009244918823,-1.2117646932601929,0.19017107784748077,0.47160542011260986,-0.3946363925933838,0.0,0.009529497474431992,1.8503108024597168,-1.3857914209365845,0.11295770853757858,0.5350481271743774,-0.17210692167282104,0.0,0.0,0.0,0.0,0.0,0.0,0.0,0.030300000682473183,0.0,0.0,0.0,0.0,0.0,0.0,0.026599999517202377
1178,39.399999606,-0.05852089077234268,1.7143146991729736,-1.1580084562301636,0.1560847908258438,0.48486992716789246,-0.38151150941848755,0.0,0.009529497474431992,1.805647850036621,-1.3346009254455566,0.11917108297348022,0.5303183197975159,-0.1598547101020813,0.0,0.0,0.0,0.0,0.0,0.0,0.0,0.03310000151395798,0.0,0.0,0.0,0.0,0.0,0.0,0.029200000688433647
1179,39.433332939,-0.05852089077234268,1.6670163869857788,-1.0984578132629395,0.12046262621879578,0.5094441771507263,-0.36224308609962463,0.0,0.011327186599373817,1.7565866708755493,-1.27895987033844,0.12594296038150787,0.531156063079834,-0.14761994779109955,0.0,0.0,0.0,0.0,0.0,0.0,0.0,0.03579999879002571,0.0,0.0,0.0,0.0,0.0,0.0,0.03139999881386757
1180,39.466666272,-0.05852089077234268,1.6670163869857788,-1.0984578132629395,0.12046262621879578,0.5094441771507263,-0.36224308609962463,0.0,0.011327186599373817,1.7565866708755493,-1.27895987033844,0.12594296038150787,0.531156063079834,-0.14761994779109955,0.0,0.0,0.0,0.0,0.0,0.0,0.0,0.03579999879002571,0.0,0.0,0.0,0.0,0.0,0.0,0.03139999881386757
1181,39.499999605,-0.05852089077234268,1.6204859018325806,-1.0279290676116943,0.08358381688594818,0.5289744138717651,-0.3439694941043854,0.0,0.011327186599373817,1.7072635889053345,-1.2138938903808594,0.13241812586784363,0.5352750420570374,-0.1376715749502182,0.0,0.0,0.0,0.0,0.0,0.0,0.0,0.03799999877810478,0.0,0.0,0.0,0.0,0.0,0.0,0.0333000011742115
1182,39.533332938,-0.05852089077234268,1.5700807571411133,-0.9657779335975647,0.04323180392384529,0.5459913611412048,-0.32391566038131714,0.0,0.011327186599373817,1.6601921319961548,-1.1552858352661133,0.13727015256881714,0.5426577925682068,-0.1281769871711731,0.0,0.0,0.0,0.0,0.0,0.0,0.0,0.04039999842643738,0.0,0.0,0.0,0.0,0.0,0.0,0.0348999984562397
1183,39.566666271,-0.05852089077234268,1.5700807571411133,-0.9657779335975647,0.04323180392384529,0.5459913611412048,-0.32391566038131714,0.0,0.011327186599373817,1.6601921319961548,-1.1552858352661133,0.13727015256881714,0.5426577925682068,-0.1281769871711731,0.0,0.0,0.0,0.0,0.0,0.0,0.0,0.04039999842643738,0.0,0.0,0.0,0.0,0.0,0.0,0.0348999984562397
1184,39.599999604,-0.05852089077234268,1.5338826179504395,-0.8953015208244324,0.013037609867751598,0.5574232339859009,-0.31126201152801514,0.0,0.011327186599373817,1.6135917901992798,-1.0962761640548706,0.1449146866798401,0.5452059507369995,-0.12323769927024841,0.0,0.0,0.0,0.0,0.0,0.0,0.0,0.042100001126527786,0.0,0.0,0.0,0.0,0.0,0.0,0.03620000183582306
1185,39.633332937,-0.05852089077234268,1.5338826179504395,-0.8953015208244324,0.013037609867751598,0.5574232339859009,-0.31126201152801514,0.0,0.011327186599373817,1.5608479976654053,-1.03822660446167,0.14903366565704346,0.5468989014625549,-0.11897909641265869,0.0,0.0,0.0,0.0,0.0,0.0,0.0,0.042100001126527786,0.0,0.0,0.0,0.0,0.0,0.0,0.037300001829862595
1186,39.66666627,-0.05700245499610901,1.5079295635223389,-0.8361697793006897,-0.01722639985382557,0.5551193952560425,-0.2958333194255829,0.0,0.011327186599373817,1.5608479976654053,-1.03822660446167,0.14903366565704346,0.5468989014625549,-0.11897909641265869,0.0,0.0,0.0,0.0,0.0,0.0,0.0,0.04349999874830246,0.0,0.0,0.0,0.0,0.0,0.0,0.037300001829862595
1187,39.699999603,-0.05700245499610901,1.4939146041870117,-0.7830943465232849,-0.03965388238430023,0.5413487553596497,-0.2820626497268677,0.0,0.011327186599373817,1.5224332809448242,-0.9849241971969604,0.15104079246520996,0.5437747836112976,-0.11671016365289688,0.0,0.0,0.0,0.0,0.0,0.0,0.0,0.04439999908208847,0.0,0.0,0.0,0.0,0.0,0.0,0.03819999843835831
1188,39.733332936,-0.05700245499610901,1.4939146041870117,-0.7830943465232849,-0.03965388238430023,0.5413487553596497,-0.2820626497268677,0.0,0.011327186599373817,1.5224332809448242,-0.9849241971969604,0.15104079246520996,0.5437747836112976,-0.11671016365289688,0.0,0.0,0.0,0.0,0.0,0.0,0.0,0.04439999908208847,0.0,0.0,0.0,0.0,0.0,0.0,0.03819999843835831
1189,39.766666269,-0.05700245499610901,1.4914885759353638,-0.7365114688873291,-0.0630761981010437,0.5284857153892517,-0.26565656065940857,0.0,0.011327186599373817,1.489673376083374,-0.9335940480232239,0.15847589075565338,0.5464102029800415,-0.11360348016023636,0.0,0.0,0.0,0.0,0.0,0.0,0.0,0.04529999941587448,0.0,0.0,0.0,0.0,0.0,0.0,0.03869999945163727
1190,39.799999602,-0.05700245499610901,1.5041770935058594,-0.7003307938575745,-0.08578293025493622,0.514557957649231,-0.24532347917556763,0.0,0.011327186599373817,1.4653959274291992,-0.8887565732002258,0.1598197966814041,0.5406855344772339,-0.11360348016023636,0.0,0.0,0.0,0.0,0.0,0.0,0.0,0.04600000008940697,0.0,0.0,0.0,0.0,0.0,0.0,0.03889999911189079
1191,39.833332935,-0.05700245499610901,1.5041770935058594,-0.7003307938575745,-0.08578293025493622,0.514557957649231,-0.24532347917556763,0.0,0.011327186599373817,1.4653959274291992,-0.8887565732002258,0.1598197966814041,0.5406855344772339,-0.11360348016023636,0.0,0.0,0.0,0.0,0.0,0.0,0.0,0.04600000008940697,0.0,0.0,0.0,0.0,0.0,0.0,0.03889999911189079
1192,39.866666268,-0.05700245499610901,1.5274598598480225,-0.6760183572769165,-0.10796606540679932,0.49820423126220703,-0.22108085453510284,0.0,0.011327186599373817,1.4534927606582642,-0.8469559550285339,0.16222836077213287,0.535100519657135,-0.1174955666065216,0.0,0.0,0.0,0.0,0.0,0.0,0.0,0.04619999974966049,0.0,0.0,0.0,0.0,0.0,0.0,0.03909999877214432
1193,39.899999601,-0.06103416532278061,1.5609875917434692,-0.6641501188278198,-0.12695525586605072,0.48233920335769653,-0.20137609541416168,0.0,0.011327186599373817,1.4515902996063232,-0.8193273544311523,0.16222836077213287,0.5285729765892029,-0.11929325759410858,0.0,0.0,0.0,0.0,0.0,0.0,0.0,0.046300001442432404,0.0,0.0,0.0,0.0,0.0,0.0,0.039000000804662704
1194,39.933332934,-0.06103416532278061,1.5609875917434692,-0.6641501188278198,-0.12695525586605072,0.48233920335769653,-0.20137609541416168,0.0,0.011327186599373817,1.4515902996063232,-0.8193273544311523,0.16222836077213287,0.5285729765892029,-0.11929325759410858,0.0,0.0,0.0,0.0,0.0,0.0,0.0,0.046300001442432404,0.0,0.0,0.0,0.0,0.0,0.0,0.039000000804662704
1195,39.966666267,-0.06346017122268677,1.5929794311523438,-0.6617590188980103,-0.1448623239994049,0.47083747386932373,-0.18303267657756805,0.0,0.011327186599373817,1.4621320962905884,-0.7981739640235901,0.16222836077213287,0.5196020007133484,-0.11929325759410858,0.0,0.0,0.0,0.0,0.0,0.0,0.0,0.046300001442432404,0.0,0.0,0.0,0.0,0.0,0.0,0.03880000114440918
1196,39.9999996,-0.06777113676071167,1.619578242301941,-0.6750410199165344,-0.1546536237001419,0.452790766954422,-0.169942706823349,0.0,0.011327186599373817,1.466896891593933,-0.7890982627868652,0.16266468167304993,0.5147674083709717,-0.11929325759410858,0.0,0.0,0.0,0.0,0.0,0.0,0.0,0.046300001442432404,0.0,0.0,0.0,0.0,0.0,0.0,0.03840000182390213
1197,40.033332933,-0.06777113676071167,1.619578242301941,-0.6750410199165344,-0.1546536237001419,0.452790766954422,-0.169942706823349,0.0,0.011327186599373817,1.466896891593933,-0.7890982627868652,0.16266468167304993,0.5147674083709717,-0.11929325759410858,0.0,0.0,0.0,0.0,0.0,0.0,0.0,0.046300001442432404,0.0,0.0,0.0,0.0,0.0,0.0,0.03840000182390213
1198,40.066666266,-0.07187265902757645,1.6430878639221191,-0.6962990760803223,-0.1656142920255661,0.44519859552383423,-0.15892967581748962,0.0,0.011327186599373817,1.471487045288086,-0.7894124388694763,0.16266468167304993,0.5066516399383545,-0.1226791962981224,0.0,0.0,0.0,0.0,0.0,0.0,0.0,0.046300001442432404,0.0,0.0,0.0,0.0,0.0,0.0,0.038100000470876694
1199,40.099999599,-0.07197737693786621,1.6650440692901611,-0.7098777890205383,-0.17219418287277222,0.4369082748889923,-0.1514945775270462,0.0,0.011327186599373817,1.475204586982727,-0.7894124388694763,0.16467180848121643,0.4999670088291168,-0.1226791962981224,0.0,0.0,0.0,0.0,0.0,0.0,0.0,0.046300001442432404,0.0,0.0,0.0,0.0,0.0,0.0,0.03790000081062317
1200,40.133332932,-0.07197737693786621,1.6650440692901611,-0.7098777890205383,-0.17219418287277222,0.4369082748889923,-0.1514945775270462,0.0,0.011327186599373817,1.475204586982727,-0.7894124388694763,0.16467180848121643,0.4999670088291168,-0.1226791962981224,0.0,0.0,0.0,0.0,0.0,0.0,0.0,0.046300001442432404,0.0,0.0,0.0,0.0,0.0,0.0,0.03790000081062317
1201,40.166666265,-0.07620107382535934,1.680647373199463,-0.7146773934364319,-0.1843242198228836,0.4355643689632416,-0.14008012413978577,0.0,0.011327186599373817,1.4777178764343262,-0.7932347059249878,0.16467180848121643,0.5021312236785889,-0.1226791962981224,0.0,0.0,0.0,0.0,0.0,0.0,0.0,0.04619999974966049,0.0,0.0,0.0,0.0,0.0,0.0,0.03750000149011612
1202,40.199999598,-0.07953465729951859,1.6879777908325195,-0.7146773934364319,-0.1935919225215912,0.4317246377468109,-0.12887510657310486,0.0,0.011327186599373817,1.4794458150863647,-0.7956083416938782,0.16467180848121643,0.4942947030067444,-0.1226791962981224,0.0,0.0,0.0,0.0,0.0,0.0,0.0,0.045499999076128006,0.0,0.0,0.0,0.0,0.0,0.0,0.03709999844431877
1203,40.233332931,-0.07953465729951859,1.6879777908325195,-0.7146773934364319,-0.1935919225215912,0.4317246377468109,-0.12887510657310486,0.0,0.011327186599373817,1.4794458150863647,-0.7956083416938782,0.16467180848121643,0.4942947030067444,-0.1226791962981224,0.0,0.0,0.0,0.0,0.0,0.0,0.0,0.045499999076128006,0.0,0.0,0.0,0.0,0.0,0.0,0.03709999844431877
1204,40.266666264,-0.08175121992826462,1.6953604221343994,-0.7169638276100159,-0.20357520878314972,0.42526692152023315,-0.11967722326517105,0.0,0.011327186599373817,1.4794458150863647,-0.7992909550666809,0.16467180848121643,0.49151962995529175,-0.1226791962981224,0.0,0.0,0.0,0.0,0.0,0.0,0.0,0.04399999976158142,0.0,0.0,0.0,0.0,0.0,0.0,0.03689999878406525
1205,40.299999597,-0.08635888993740082,1.702027678489685,-0.7169638276100159,-0.21191787719726562,0.42013564705848694,-0.11451105028390884,0.0,0.008953538723289967,1.4821336269378662,-0.8041255474090576,0.16467180848121643,0.49151962995529175,-0.1226791962981224,0.0,0.0,0.0,0.0,0.0,0.0,0.0,0.0421999990940094,0.0,0.0,0.0,0.0,0.0,0.0,0.03669999912381172
1206,40.33333293,-0.08635888993740082,1.702027678489685,-0.7169638276100159,-0.21191787719726562,0.42013564705848694,-0.11451105028390884,0.0,0.008953538723289967,1.4821336269378662,-0.8041255474090576,0.16467180848121643,0.49151962995529175,-0.1226791962981224,0.0,0.0,0.0,0.0,0.0,0.0,0.0,0.0421999990940094,0.0,0.0,0.0,0.0,0.0,0.0,0.03669999912381172
1207,40.366666263,-0.09173450618982315,1.709811806678772,-0.7169638276100159,-0.21811379492282867,0.4141840934753418,-0.10798352211713791,0.0,0.008953538723289967,1.4821336269378662,-0.8076162338256836,0.16467180848121643,0.4876798987388611,-0.1226791962981224,0.0,0.0,0.0,0.0,0.0,0.0,0.0,0.04019999876618385,0.0,0.0,0.0,0.0,0.0,0.0,0.03669999912381172
1208,40.399999596,-0.09524261951446533,1.7137911319732666,-0.7169638276100159,-0.21865485608577728,0.4101872742176056,-0.10798352211713791,0.0,0.008953538723289967,1.4821336269378662,-0.8085587024688721,0.16229817271232605,0.4876798987388611,-0.1226791962981224,0.0,0.0,0.0,0.0,0.0,0.0,0.0,0.037700001150369644,0.0,0.0,0.0,0.0,0.0,0.0,0.03660000115633011
1209,40.433332929,-0.09524261951446533,1.7137911319732666,-0.7169638276100159,-0.21865485608577728,0.4101872742176056,-0.10798352211713791,0.0,0.008953538723289967,1.4821336269378662,-0.8085587024688721,0.16229817271232605,0.4876798987388611,-0.1226791962981224,0.0,0.0,0.0,0.0,0.0,0.0,0.0,0.037700001150369644,0.0,0.0,0.0,0.0,0.0,0.0,0.03660000115633011
1210,40.466666262,-0.09772098809480667,1.7175959348678589,-0.7169638276100159,-0.21937043964862823,0.40774381160736084,-0.10566223412752151,0.0,0.008953538723289967,1.4839662313461304,-0.8096407651901245,0.16229817271232605,0.4876798987388611,-0.1226791962981224,0.0,0.0,0.0,0.0,0.0,0.0,0.0,0.03359999880194664,0.0,0.0,0.0,0.0,0.0,0.0,0.03629999980330467
1211,40.499999595,-0.09943141043186188,1.7196555137634277,-0.7169638276100159,-0.22142992913722992,0.40598103404045105,-0.10566223412752151,0.0,0.008953538723289967,1.4826397895812988,-0.8096407651901245,0.16062265634536743,0.4876798987388611,-0.1226791962981224,0.0,0.0,0.0,0.0,0.0,0.0,0.0,0.02889999933540821,0.0,0.0,0.0,0.0,0.0,0.0,0.03629999980330467
1212,40.533332928,-0.09943141043186188,1.7196555137634277,-0.7169638276100159,-0.22142992913722992,0.40598103404045105,-0.10566223412752151,0.0,0.008953538723289967,1.4826397895812988,-0.8096407651901245,0.16062265634536743,0.4876798987388611,-0.1226791962981224,0.0,0.0,0.0,0.0,0.0,0.0,0.0,0.02889999933540821,0.0,0.0,0.0,0.0,0.0,0.0,0.03629999980330467
1213,40.566666261,-0.10178760439157486,1.7219593524932861,-0.7169638276100159,-0.22558380663394928,0.4063301086425781,-0.10566223412752151,0.0,0.008953538723289967,1.4866540431976318,-0.8109672665596008,0.15863297879695892,0.4876798987388611,-0.1226791962981224,0.0,0.0,0.0,0.0,0.0,0.0,0.0,0.022199999541044235,0.0,0.0,0.0,0.0,0.0,0.0,0.03610000014305115
1214,40.599999594,-0.10178760439157486,1.7219593524932861,-0.7169638276100159,-0.22558380663394928,0.4081976115703583,-0.09862855821847916,0.0,0.008953538723289967,1.492884874343872,-0.8109672665596008,0.1546885371208191,0.4876798987388611,-0.12053243815898895,0.0,0.0,0.0,0.0,0.0,0.0,0.0,0.016699999570846558,0.0,0.0,0.0,0.0,0.0,0.0,0.03590000048279762
1215,40.633332927,-0.10178760439157486,1.7219593524932861,-0.7169638276100159,-0.2306801676750183,0.4104665219783783,-0.09133307635784149,0.0,0.008953538723289967,1.492884874343872,-0.8109672665596008,0.1546885371208191,0.4876798987388611,-0.12053243815898895,0.0,0.0,0.0,0.0,0.0,0.0,0.0,0.010900000110268593,0.0,0.0,0.0,0.0,0.0,0.0,0.03590000048279762
1216,40.66666626,-0.10178760439157486,1.7219593524932861,-0.7169638276100159,-0.2306801676750183,0.4104665219783783,-0.09133307635784149,0.0,0.008953538723289967,1.5003896951675415,-0.8091520667076111,0.1474803239107132,0.4876798987388611,-0.1149124801158905,0.0,0.0,0.0,0.0,0.0,0.0,0.0,0.010900000110268593,0.0,0.0,0.0,0.0,0.0,0.0,0.03590000048279762
1217,40.699999593,-0.10178760439157486,1.7194983959197998,-0.7147123217582703,-0.2306801676750183,0.414690226316452,-0.08714429289102554,0.0,0.007382742594927549,1.5116820335388184,-0.8030085563659668,0.14123204350471497,0.485061913728714,-0.11218976229429245,0.0,0.0,0.0,0.0,0.0,0.0,0.0,0.006599999964237213,0.0,0.0,0.0,0.0,0.0,0.0,0.03590000048279762
1218,40.733332926,-0.10178760439157486,1.7088170051574707,-0.7147123217582703,-0.2306801676750183,0.4205021858215332,-0.08185594528913498,0.0,0.007382742594927549,1.5116820335388184,-0.8030085563659668,0.14123204350471497,0.485061913728714,-0.11218976229429245,0.0,0.0,0.0,0.0,0.0,0.0,0.0,0.004399999976158142,0.0,0.0,0.0,0.0,0.0,0.0,0.03590000048279762
1219,40.766666259,-0.10178760439157486,1.7088170051574707,-0.7147123217582703,-0.2306801676750183,0.4205021858215332,-0.08185594528913498,0.0,0.004869468510150909,1.5263079404830933,-0.7989943027496338,0.1327672004699707,0.485061913728714,-0.1025555431842804,0.0,0.0,0.0,0.0,0.0,0.0,0.0,0.004399999976158142,0.0,0.0,0.0,0.0,0.0,0.0,0.03579999879002571
1220,40.799999592,-0.09978047013282776,1.697367548942566,-0.7132113575935364,-0.2306801676750183,0.429124116897583,-0.07436847686767578,0.0,0.002740166848525405,1.5409163236618042,-0.7909483313560486,0.12466886639595032,0.47652724385261536,-0.09243264049291611,0.0,0.0,0.0,0.0,0.0,0.0,0.0,0.003599999938160181,0.0,0.0,0.0,0.0,0.0,0.0,0.035599999129772186
1221,40.833332925,-0.09978047013282776,1.6809790134429932,-0.7105235457420349,-0.2269975244998932,0.43966588377952576,-0.07436847686767578,0.0,0.002740166848525405,1.5409163236618042,-0.7909483313560486,0.12466886639595032,0.47652724385261536,-0.09243264049291611,0.0,0.0,0.0,0.0,0.0,0.0,0.0,0.003100000089034438,0.0,0.0,0.0,0.0,0.0,0.0,0.035599999129772186
1222,40.866666258,-0.09978047013282776,1.6809790134429932,-0.7105235457420349,-0.2269975244998932,0.43966588377952576,-0.07436847686767578,0.0,-0.004433136433362961,1.5580204725265503,-0.7824485301971436,0.10957176983356476,0.47167521715164185,-0.07675957679748535,0.0,0.0,0.0,0.0,0.0,0.0,0.0,0.003100000089034438,0.0,0.0,0.0,0.0,0.0,0.0,0.035599999129772186
1223,40.899999591,-0.09978047013282776,1.663909673690796,-0.7106806039810181,-0.22404791414737701,0.4456349313259125,-0.06904522329568863,0.0,-0.012147491797804832,1.5772714614868164,-0.7710689902305603,0.09409070014953613,0.46008625626564026,-0.05515240505337715,0.0,0.0,0.0,0.0,0.0,0.0,0.0,0.003000000026077032,0.0,0.0,0.0,0.0,0.0,0.0,0.035599999129772186
1224,40.933332924,-0.09978047013282776,1.6463690996170044,-0.7126353979110718,-0.22170917689800262,0.4392470121383667,-0.06904522329568863,0.0,-0.012147491797804832,1.5772714614868164,-0.7710689902305603,0.09409070014953613,0.46008625626564026,-0.05515240505337715,0.0,0.0,0.0,0.0,0.0,0.0,0.0,0.003000000026077032,0.0,0.0,0.0,0.0,0.0,0.0,0.035599999129772186
1225,40.966666257,-0.09978047013282776,1.6463690996170044,-0.7126353979110718,-0.22170917689800262,0.4392470121383667,-0.06904522329568863,0.0,-0.020525071769952774,1.5972729921340942,-0.7664089798927307,0.07527604699134827,0.452825665473938,-0.02330014482140541,0.0,0.0,0.0,0.0,0.0,0.0,0.0,0.003000000026077032,0.0,0.0,0.0,0.0,0.0,0.0,0.035599999129772186
1226,40.99999959,-0.09780824929475784,1.6360541582107544,-0.7143807411193848,-0.21952751278877258,0.4462283253669739,-0.06904522329568863,0.0,-0.029705503955483437,1.6172395944595337,-0.7629182934761047,0.05581562966108322,0.44116687774658203,0.007435102481395006,0.0,0.0,0.0,0.0,0.0,0.0,0.0,0.002899999963119626,0.0,0.0,0.0,0.0,0.0,0.0,0.03590000048279762
1227,41.033332923,-0.09780824929475784,1.6278860569000244,-0.7141538262367249,-0.2180090695619583,0.44050365686416626,-0.06904522329568863,0.0,-0.029705503955483437,1.6172395944595337,-0.7629182934761047,0.05581562966108322,0.44116687774658203,0.007435102481395006,0.0,0.0,0.0,0.0,0.0,0.0,0.0,0.00279999990016222,0.0,0.0,0.0,0.0,0.0,0.0,0.03590000048279762
1228,41.066666256,-0.09780824929475784,1.6278860569000244,-0.7141538262367249,-0.2180090695619583,0.44050365686416626,-0.06904522329568863,0.0,-0.041835542768239975,1.640190601348877,-0.7594451308250427,0.03490658476948738,0.4312185049057007,0.037716563791036606,0.0,0.0,0.0,0.0,0.0,0.0,0.0,0.00279999990016222,0.0,0.0,0.0,0.0,0.0,0.0,0.035999998450279236
1229,41.099999589,-0.09780824929475784,1.6238019466400146,-0.715986430644989,-0.2180090695619583,0.4427202045917511,-0.06904522329568863,0.0,-0.0492531917989254,1.6584817171096802,-0.7585375308990479,0.021048670634627342,0.41723841428756714,0.07019714266061783,0.0,0.0,0.0,0.0,0.0,0.0,0.0,0.00279999990016222,0.0,0.0,0.0,0.0,0.0,0.0,0.036400001496076584
1230,41.133332922,-0.09780824929475784,1.625739336013794,-0.715986430644989,-0.21519909799098969,0.4427202045917511,-0.07120943069458008,0.0,-0.0492531917989254,1.6584817171096802,-0.7585375308990479,0.021048670634627342,0.41723841428756714,0.07019714266061783,0.0,0.0,0.0,0.0,0.0,0.0,0.0,0.00279999990016222,0.0,0.0,0.0,0.0,0.0,0.0,0.036400001496076584
1231,41.166666255,-0.09780824929475784,1.625739336013794,-0.715986430644989,-0.21519909799098969,0.4427202045917511,-0.07120943069458008,0.0,-0.05820672959089279,1.6774883270263672,-0.7576474547386169,0.016179202124476433,0.3984062969684601,0.09250245243310928,0.0,0.0,0.0,0.0,0.0,0.0,0.0,0.00279999990016222,0.0,0.0,0.0,0.0,0.0,0.0,0.03689999878406525
1232,41.199999588,-0.09780824929475784,1.627851128578186,-0.715986430644989,-0.21320942044258118,0.4427027702331543,-0.07300712168216705,0.0,-0.06325073540210724,1.6905434131622314,-0.7554134130477905,0.018325956538319588,0.38577011227607727,0.10452777147293091,0.0,0.0,0.0,0.0,0.0,0.0,0.0,0.00279999990016222,0.0,0.0,0.0,0.0,0.0,0.0,0.03720000013709068
1233,41.233332921,-0.09780824929475784,1.627851128578186,-0.715986430644989,-0.21320942044258118,0.43933427333831787,-0.07300712168216705,0.0,-0.06325073540210724,1.6905434131622314,-0.7554134130477905,0.018325956538319588,0.38577011227607727,0.10452777147293091,0.0,0.0,0.0,0.0,0.0,0.0,0.0,0.0027000000700354576,0.0,0.0,0.0,0.0,0.0,0.0,0.03720000013709068
1234,41.266666254,-0.09780824929475784,1.627851128578186,-0.715986430644989,-0.21320942044258118,0.43933427333831787,-0.07300712168216705,0.0,-0.06501351296901703,1.7019054889678955,-0.7530397772789001,0.03246312588453293,0.3785095512866974,0.10904817283153534,0.0,0.0,0.0,0.0,0.0,0.0,0.0,0.0027000000700354576,0.0,0.0,0.0,0.0,0.0,0.0,0.03739999979734421
1235,41.299999587,-0.09780824929475784,1.627851128578186,-0.715986430644989,-0.2111499309539795,0.43933427333831787,-0.07300712168216705,0.0,-0.06501351296901703,1.7116618156433105,-0.7530397772789001,0.044540803879499435,0.36482617259025574,0.09988519549369812,0.0,0.0,0.0,0.0,0.0,0.0,0.0,0.0027000000700354576,0.0,0.0,0.0,0.0,0.0,0.0,0.03759999945759773
1236,41.33333292,-0.09780824929475784,1.627851128578186,-0.715986430644989,-0.20867156982421875,0.43933427333831787,-0.07492698729038239,0.0,-0.06501351296901703,1.7116618156433105,-0.7530397772789001,0.044540803879499435,0.36482617259025574,0.09988519549369812,0.0,0.0,0.0,0.0,0.0,0.0,0.0,0.0027000000700354576,0.0,0.0,0.0,0.0,0.0,0.0,0.03759999945759773
1237,41.366666253,-0.09780824929475784,1.627851128578186,-0.715986430644989,-0.20867156982421875,0.43933427333831787,-0.07492698729038239,0.0,-0.06501351296901703,1.721331000328064,-0.7530397772789001,0.05886995419859886,0.35787975788116455,0.08777260780334473,0.0,0.0,0.0,0.0,0.0,0.0,0.0,0.0027000000700354576,0.0,0.0,0.0,0.0,0.0,0.0,0.037700001150369644
1238,41.399999586,-0.09780824929475784,1.6300503015518188,-0.715986430644989,-0.2065248042345047,0.43329542875289917,-0.07492698729038239,0.0,-0.06501351296901703,1.7312095165252686,-0.7530397772789001,0.0754680335521698,0.35534903407096863,0.07485716789960861,0.0,0.0,0.0,0.0,0.0,0.0,0.0,0.0027000000700354576,0.0,0.0,0.0,0.0,0.0,0.0,0.03779999911785126
1239,41.433332919,-0.09780824929475784,1.6300503015518188,-0.715986430644989,-0.2065248042345047,0.43216097354888916,-0.07492698729038239,0.0,-0.06501351296901703,1.7312095165252686,-0.7530397772789001,0.0754680335521698,0.35534903407096863,0.07485716789960861,0.0,0.0,0.0,0.0,0.0,0.0,0.0,0.0027000000700354576,0.0,0.0,0.0,0.0,0.0,0.0,0.03779999911785126
1240,41.466666252,-0.09780824929475784,1.6300503015518188,-0.715986430644989,-0.2065248042345047,0.43216097354888916,-0.07492698729038239,0.0,-0.06501351296901703,1.7410881519317627,-0.7530397772789001,0.09368927776813507,0.35323718190193176,0.059952061623334885,0.0,0.0,0.0,0.0,0.0,0.0,0.0,0.0027000000700354576,0.0,0.0,0.0,0.0,0.0,0.0,0.037300001829862595
1241,41.499999585,-0.09780824929475784,1.6300503015518188,-0.715986430644989,-0.20467476546764374,0.43216097354888916,-0.07492698729038239,0.0,-0.06501351296901703,1.7512459754943848,-0.7549596428871155,0.10660471022129059,0.360602468252182,0.04836307466030121,0.0,0.0,0.0,0.0,0.0,0.0,0.0,0.0027000000700354576,0.0,0.0,0.0,0.0,0.0,0.0,0.035999998450279236
1242,41.533332918,-0.09780824929475784,1.6300503015518188,-0.715986430644989,-0.20467476546764374,0.43216097354888916,-0.07492698729038239,0.0,-0.06501351296901703,1.7512459754943848,-0.7549596428871155,0.10660471022129059,0.360602468252182,0.04836307466030121,0.0,0.0,0.0,0.0,0.0,0.0,0.0,0.0027000000700354576,0.0,0.0,0.0,0.0,0.0,0.0,0.035999998450279236
1243,41.566666251,-0.09953612834215164,1.6300503015518188,-0.715986430644989,-0.20467476546764374,0.43216097354888916,-0.07492698729038239,0.0,-0.06501351296901703,1.758820652961731,-0.7593404054641724,0.12349949777126312,0.36676350235939026,0.036425020545721054,0.0,0.0,0.0,0.0,0.0,0.0,0.0,0.0027000000700354576,0.0,0.0,0.0,0.0,0.0,0.0,0.03150000050663948
1244,41.599999584,-0.09953612834215164,1.6282525062561035,-0.715986430644989,-0.20467476546764374,0.42908918857574463,-0.07492698729038239,0.0,-0.06644468754529953,1.7634981870651245,-0.7594974637031555,0.1327497363090515,0.3741811513900757,0.02307325229048729,0.0,0.0,0.0,0.0,0.0,0.0,0.0,0.0027000000700354576,0.0,0.0,0.0,0.0,0.0,0.0,0.026799999177455902
1245,41.633332917,-0.09953612834215164,1.6282525062561035,-0.715986430644989,-0.20467476546764374,0.42908918857574463,-0.07492698729038239,0.0,-0.06644468754529953,1.7634981870651245,-0.7594974637031555,0.1327497363090515,0.3741811513900757,0.02307325229048729,0.0,0.0,0.0,0.0,0.0,0.0,0.0,0.0027000000700354576,0.0,0.0,0.0,0.0,0.0,0.0,0.026799999177455902
1246,41.66666625,-0.09953612834215164,1.6282525062561035,-0.715986430644989,-0.20467476546764374,0.42908918857574463,-0.07492698729038239,0.0,-0.06644468754529953,1.765924096107483,-0.7611904740333557,0.14407692849636078,0.37901571393013,0.011938052251935005,0.0,0.0,0.0,0.0,0.0,0.0,0.0,0.0027000000700354576,0.0,0.0,0.0,0.0,0.0,0.0,0.020999999716877937
1247,41.699999583,-0.09953612834215164,1.6233656406402588,-0.715986430644989,-0.2074149250984192,0.42908918857574463,-0.07492698729038239,0.0,-0.06644468754529953,1.7641090154647827,-0.7618013024330139,0.1514771282672882,0.3891735076904297,0.0,0.0,0.0,0.0,0.0,0.0,0.0,0.0,0.0027000000700354576,0.0,0.0,0.0,0.0,0.0,0.0,0.016100000590085983
1248,41.733332916,-0.09953612834215164,1.6233656406402588,-0.715986430644989,-0.2074149250984192,0.42908918857574463,-0.07492698729038239,0.0,-0.06644468754529953,1.7641090154647827,-0.7618013024330139,0.1514771282672882,0.3891735076904297,0.0,0.0,0.0,0.0,0.0,0.0,0.0,0.0,0.0027000000700354576,0.0,0.0,0.0,0.0,0.0,0.0,0.016100000590085983
1249,41.766666249,-0.09953612834215164,1.6158782243728638,-0.7179760932922363,-0.2074149250984192,0.4314453899860382,-0.07492698729038239,0.0,-0.0670904591679573,1.7555220127105713,-0.7642098665237427,0.15800465643405914,0.4020715057849884,-0.009983283467590809,0.0,0.0,0.0,0.0,0.0,0.0,0.0,0.0027000000700354576,0.0,0.0,0.0,0.0,0.0,0.0,0.010700000450015068
1250,41.799999582,-0.09953612834215164,1.6046208143234253,-0.7220078110694885,-0.2074149250984192,0.4337143301963806,-0.07492698729038239,0.0,-0.0670904591679573,1.7395870685577393,-0.7642098665237427,0.1624726951122284,0.42327725887298584,-0.021624630317091942,0.0,0.0,0.0,0.0,0.0,0.0,0.0,0.0027000000700354576,0.0,0.0,0.0,0.0,0.0,0.0,0.005499999970197678
1251,41.833332915,-0.09953612834215164,1.5881099700927734,-0.7295650839805603,-0.2074149250984192,0.4337143301963806,-0.07492698729038239,0.0,-0.0670904591679573,1.7395870685577393,-0.7642098665237427,0.1624726951122284,0.42327725887298584,-0.021624630317091942,0.0,0.0,0.0,0.0,0.0,0.0,0.0,0.0027000000700354576,0.0,0.0,0.0,0.0,0.0,0.0,0.005499999970197678
1252,41.866666248,-0.09953612834215164,1.5881099700927734,-0.7295650839805603,-0.2074149250984192,0.4337143301963806,-0.07492698729038239,0.0,-0.0670904591679573,1.7174737453460693,-0.7642098665237427,0.16519542038440704,0.43936917185783386,-0.03246312588453293,0.0,0.0,0.0,0.0,0.0,0.0,0.0,0.0027000000700354576,0.0,0.0,0.0,0.0,0.0,0.0,0.002400000113993883
1253,41.899999581,-0.09761626273393631,1.5658396482467651,-0.7406130433082581,-0.2074149250984192,0.43818235397338867,-0.07492698729038239,0.0,-0.0670904591679573,1.677924633026123,-0.7721685767173767,0.1673770695924759,0.44661229848861694,-0.04150392860174179,0.0,0.0,0.0,0.0,0.0,0.0,0.0,0.0026000000070780516,0.0,0.0,0.0,0.0,0.0,0.0,0.0017000000225380063
1254,41.933332914,-0.09761626273393631,1.5658396482467651,-0.7406130433082581,-0.2074149250984192,0.43818235397338867,-0.07492698729038239,0.0,-0.0670904591679573,1.677924633026123,-0.7721685767173767,0.1673770695924759,0.44661229848861694,-0.04150392860174179,0.0,0.0,0.0,0.0,0.0,0.0,0.0,0.0026000000070780516,0.0,0.0,0.0,0.0,0.0,0.0,0.0017000000225380063
1255,41.966666247,-0.09761626273393631,1.5324863195419312,-0.7554832100868225,-0.2074149250984192,0.4397706091403961,-0.07679449021816254,0.0,-0.0670904591679573,1.633453607559204,-0.785136342048645,0.1673596203327179,0.45319220423698425,-0.046303585171699524,0.0,0.0,0.0,0.0,0.0,0.0,0.0,0.0026000000070780516,0.0,0.0,0.0,0.0,0.0,0.0,0.00139999995008111
1256,41.99999958,-0.09615018963813782,1.497195839881897,-0.7752752304077148,-0.2074149250984192,0.4423536956310272,-0.08082620054483414,0.0,-0.0670904591679573,1.583694338798523,-0.7991164326667786,0.17041394114494324,0.47022661566734314,-0.05019566789269447,0.0,0.0,0.0,0.0,0.0,0.0,0.0,0.0026000000070780516,0.0,0.0,0.0,0.0,0.0,0.0,0.0013000000035390258
1257,42.033332913,-0.09615018963813782,1.497195839881897,-0.7752752304077148,-0.2074149250984192,0.4423536956310272,-0.08082620054483414,0.0,-0.0670904591679573,1.583694338798523,-0.7991164326667786,0.17041394114494324,0.47022661566734314,-0.05019566789269447,0.0,0.0,0.0,0.0,0.0,0.0,0.0,0.0026000000070780516,0.0,0.0,0.0,0.0,0.0,0.0,0.0013000000035390258
1258,42.066666246,-0.09110618382692337,1.4567914009094238,-0.799605131149292,-0.20530307292938232,0.44458770751953125,-0.08548622578382492,0.0,-0.06520549952983856,1.5250861644744873,-0.8191702961921692,0.17236872017383575,0.4820948541164398,-0.052324969321489334,0.0,0.0,0.0,0.0,0.0,0.0,0.0,0.0026000000070780516,0.0,0.0,0.0,0.0,0.0,0.0,0.0012000000569969416
1259,42.099999579,-0.08367108553647995,1.4114477634429932,-0.827111542224884,-0.20320868492126465,0.4525289833545685,-0.08815658092498779,0.0,-0.06520549952983856,1.4593220949172974,-0.8500800728797913,0.1748470813035965,0.49724429845809937,-0.054332099854946136,0.0,0.0,0.0,0.0,0.0,0.0,0.0,0.0026000000070780516,0.0,0.0,0.0,0.0,0.0,0.0,0.0012000000569969416
1260,42.133332912,-0.08367108553647995,1.4114477634429932,-0.827111542224884,-0.20320868492126465,0.4525289833545685,-0.08815658092498779,0.0,-0.06520549952983856,1.4593220949172974,-0.8500800728797913,0.1748470813035965,0.49724429845809937,-0.054332099854946136,0.0,0.0,0.0,0.0,0.0,0.0,0.0,0.0026000000070780516,0.0,0.0,0.0,0.0,0.0,0.0,0.0012000000569969416
1261,42.166666245,-0.07476990669965744,1.3646554946899414,-0.8644266724586487,-0.20109683275222778,0.45923101902008057,-0.0918915867805481,0.0,-0.06318091601133347,1.3935930728912354,-0.8818625211715698,0.17816321551799774,0.5119400024414062,-0.054332099854946136,0.0,0.0,0.0,0.0,0.0,0.0,0.0,0.0026000000070780516,0.0,0.0,0.0,0.0,0.0,0.0,0.0012000000569969416
1262,42.199999578,-0.06590363383293152,1.3166414499282837,-0.8988969326019287,-0.19807741045951843,0.4714483320713043,-0.0973544642329216,0.0,-0.06318091601133347,1.3263455629348755,-0.9179035425186157,0.179734006524086,0.5353448390960693,-0.054332099854946136,0.0,0.0,0.0,0.0,0.0,0.0,0.0,0.0026000000070780516,0.0,0.0,0.0,0.0,0.0,0.0,0.0012000000569969416
1263,42.233332911,-0.06590363383293152,1.3166414499282837,-0.8988969326019287,-0.19807741045951843,0.4714483320713043,-0.0973544642329216,0.0,-0.06318091601133347,1.3263455629348755,-0.9179035425186157,0.179734006524086,0.5353448390960693,-0.054332099854946136,0.0,0.0,0.0,0.0,0.0,0.0,0.0,0.0026000000070780516,0.0,0.0,0.0,0.0,0.0,0.0,0.0012000000569969416
1264,42.266666244,-0.05244714394211769,1.268103837966919,-0.9382191896438599,-0.19408060610294342,0.48288023471832275,-0.10030407458543777,0.0,-0.06318091601133347,1.2508599758148193,-0.960280179977417,0.18191567063331604,0.5551892518997192,-0.054332099854946136,0.0,0.0,0.0,0.0,0.0,0.0,0.0,0.0026000000070780516,0.0,0.0,0.0,0.0,0.0,0.0,0.0012000000569969416
1265,42.299999577,-0.04066617041826248,1.2120438814163208,-0.9873502254486084,-0.18725638091564178,0.50584876537323,-0.10286970436573029,0.0,-0.06140068173408508,1.1887786388397217,-1.0070724487304688,0.1838006228208542,0.5799379944801331,-0.054332099854946136,0.0,0.0,0.0,0.0,0.0,0.0,0.0,0.0026000000070780516,0.0,0.0,0.0,0.0,0.0,0.0,0.0012000000569969416
1266,42.33333291,-0.04066617041826248,1.2120438814163208,-0.9873502254486084,-0.18725638091564178,0.50584876537323,-0.10286970436573029,0.0,-0.06140068173408508,1.1887786388397217,-1.0070724487304688,0.1838006228208542,0.5799379944801331,-0.054332099854946136,0.0,0.0,0.0,0.0,0.0,0.0,0.0,0.0026000000070780516,0.0,0.0,0.0,0.0,0.0,0.0,0.0012000000569969416
1267,42.366666243,-0.03207915276288986,1.1642568111419678,-1.0341424942016602,-0.1727875918149948,0.5246634483337402,-0.10993828624486923,0.0,-0.059288833290338516,1.1290534734725952,-1.0552085638046265,0.18601718544960022,0.607741117477417,-0.056984998285770416,0.0,0.0,0.0,0.0,0.0,0.0,0.0,0.0026000000070780516,0.0,0.0,0.0,0.0,0.0,0.0,0.0012000000569969416
1268,42.399999576,-0.024521876126527786,1.1136072874069214,-1.0825579166412354,-0.15961036086082458,0.5455549955368042,-0.11775736510753632,0.0,-0.059288833290338516,1.0740232467651367,-1.1064339876174927,0.18786723911762238,0.6321582794189453,-0.06023131310939789,0.0,0.0,0.0,0.0,0.0,0.0,0.0,0.0026000000070780516,0.0,0.0,0.0,0.0,0.0,0.0,0.0012000000569969416
1269,42.433332909,-0.024521876126527786,1.1136072874069214,-1.0825579166412354,-0.15961036086082458,0.5455549955368042,-0.11775736510753632,0.0,-0.059288833290338516,1.0740232467651367,-1.1064339876174927,0.18786723911762238,0.6321582794189453,-0.06023131310939789,0.0,0.0,0.0,0.0,0.0,0.0,0.0,0.0026000000070780516,0.0,0.0,0.0,0.0,0.0,0.0,0.0012000000569969416
1270,42.466666242,-0.017819812521338463,1.0688570737838745,-1.1325441598892212,-0.1399928629398346,0.5673018097877502,-0.1261174976825714,0.0,-0.0553094856441021,1.0209827423095703,-1.1653214693069458,0.18771016597747803,0.6546381115913391,-0.06298892945051193,0.0,0.0,0.0,0.0,0.0,0.0,0.0,0.0026000000070780516,0.0,0.0,0.0,0.0,0.0,0.0,0.0012000000569969416
1271,42.499999575,-0.01771509274840355,1.0264456272125244,-1.1826001405715942,-0.11756537854671478,0.5903576016426086,-0.13343042135238647,0.0,-0.053354714065790176,0.9728639721870422,-1.2188681364059448,0.18566812574863434,0.6778160929679871,-0.06806784123182297,0.0,0.0,0.0,0.0,0.0,0.0,0.0,0.0026000000070780516,0.0,0.0,0.0,0.0,0.0,0.0,0.0012000000569969416
1272,42.533332908,-0.01771509274840355,1.0264456272125244,-1.1826001405715942,-0.11756537854671478,0.5903576016426086,-0.13343042135238647,0.0,-0.053354714065790176,0.9728639721870422,-1.2188681364059448,0.18566812574863434,0.6778160929679871,-0.06806784123182297,0.0,0.0,0.0,0.0,0.0,0.0,0.0,0.0026000000070780516,0.0,0.0,0.0,0.0,0.0,0.0,0.0012000000569969416
1273,42.566666241,-0.014276793226599693,0.9846449494361877,-1.2376303672790527,-0.09248499572277069,0.6133261322975159,-0.14186036586761475,0.0,-0.047019168734550476,0.9213418364524841,-1.2690114974975586,0.18566812574863434,0.6973288655281067,-0.06981316953897476,0.0,0.0,0.0,0.0,0.0,0.0,0.0,0.0026000000070780516,0.0,0.0,0.0,0.0,0.0,0.0,0.0012000000569969416
1274,42.599999574,-0.014276793226599693,0.9432981014251709,-1.283340573310852,-0.06564183533191681,0.6361376047134399,-0.1540602147579193,0.0,-0.04101523756980896,0.8801695704460144,-1.3195213079452515,0.18008306622505188,0.7180284261703491,-0.07829546928405762,0.0,0.0,0.0,0.0,0.0,0.0,0.0,0.0026000000070780516,0.0,0.0,0.0,0.0,0.0,0.0,0.0012000000569969416
1275,42.633332907,-0.014276793226599693,0.9432981014251709,-1.283340573310852,-0.06564183533191681,0.6361376047134399,-0.1540602147579193,0.0,-0.04101523756980896,0.8801695704460144,-1.3195213079452515,0.18008306622505188,0.7180284261703491,-0.07829546928405762,0.0,0.0,0.0,0.0,0.0,0.0,0.0,0.0026000000070780516,0.0,0.0,0.0,0.0,0.0,0.0,0.0012000000569969416
1276,42.66666624,-0.014276793226599693,0.9021257758140564,-1.3260313272476196,-0.036337755620479584,0.6529102325439453,-0.16797049343585968,0.0,-0.029129546135663986,0.8400269746780396,-1.3677446842193604,0.17203710973262787,0.729914128780365,-0.08241444826126099,0.0,0.0,0.0,0.0,0.0,0.0,0.0,0.0026000000070780516,0.0,0.0,0.0,0.0,0.0,0.0,0.0012000000569969416
1277,42.699999573,-0.01891936920583248,0.8555952906608582,-1.363555908203125,-0.006370451766997576,0.6689497828483582,-0.17842501401901245,0.0,-0.013892821036279202,0.8038637638092041,-1.4131407737731934,0.16341517865657806,0.7456918954849243,-0.09197884798049927,0.0,0.0,0.0,0.0,0.0,0.0,0.0,0.0026000000070780516,0.0,0.0,0.0,0.0,0.0,0.0,0.0012000000569969416
1278,42.733332906,-0.01891936920583248,0.8555952906608582,-1.363555908203125,-0.006370451766997576,0.6689497828483582,-0.17842501401901245,0.0,-0.013892821036279202,0.8038637638092041,-1.4131407737731934,0.16341517865657806,0.7456918954849243,-0.09197884798049927,0.0,0.0,0.0,0.0,0.0,0.0,0.0,0.0026000000070780516,0.0,0.0,0.0,0.0,0.0,0.0,0.0012000000569969416
1279,42.766666239,-0.0228987205773592,0.8149116635322571,-1.395687460899353,0.0253421813249588,0.6784967184066772,-0.1944122314453125,0.0,0.00040142572834156454,0.7657980918884277,-1.4603867530822754,0.14936527609825134,0.7559719085693359,-0.09779080003499985,0.0,0.0,0.0,0.0,0.0,0.0,0.0,0.0026000000070780516,0.0,0.0,0.0,0.0,0.0,0.0,0.0012000000569969416
1280,42.799999572,-0.02687807008624077,0.7764970064163208,-1.4199998378753662,0.06075491011142731,0.6859493255615234,-0.20141099393367767,0.0,0.013735741376876831,0.7373841404914856,-1.4989585876464844,0.13819517195224762,0.7681019306182861,-0.10855948179960251,0.0,0.0,0.0,0.0,0.0,0.0,0.0,0.0026000000070780516,0.0,0.0,0.0,0.0,0.0,0.0,0.0012000000569969416
1281,42.833332905,-0.02687807008624077,0.7764970064163208,-1.4199998378753662,0.06075491011142731,0.6859493255615234,-0.20141099393367767,0.0,0.013735741376876831,0.7373841404914856,-1.4989585876464844,0.13819517195224762,0.7681019306182861,-0.10855948179960251,0.0,0.0,0.0,0.0,0.0,0.0,0.0,0.0026000000070780516,0.0,0.0,0.0,0.0,0.0,0.0,0.0012000000569969416
1282,42.866666238,-0.03104940801858902,0.7412238717079163,-1.4368247985839844,0.1005309671163559,0.6931924223899841,-0.20748473703861237,0.0,0.021380282938480377,0.7181331515312195,-1.5361690521240234,0.12784536182880402,0.7835655808448792,-0.11768755316734314,0.0,0.0,0.0,0.0,0.0,0.0,0.0,0.0026000000070780516,0.0,0.0,0.0,0.0,0.0,0.0,0.0012000000569969416
1283,42.899999571,-0.03104940801858902,0.7140316367149353,-1.44712233543396,0.13067279756069183,0.7019365429878235,-0.20743237435817719,0.0,0.022165682166814804,0.7118325233459473,-1.5626806020736694,0.12000884115695953,0.7982263565063477,-0.1221381425857544,0.0,0.0,0.0,0.0,0.0,0.0,0.0,0.0026000000070780516,0.0,0.0,0.0,0.0,0.0,0.0,0.0012000000569969416
1284,42.933332904,-0.03104940801858902,0.7140316367149353,-1.44712233543396,0.13067279756069183,0.7019365429878235,-0.20743237435817719,0.0,0.022165682166814804,0.7118325233459473,-1.5626806020736694,0.12000884115695953,0.7982263565063477,-0.1221381425857544,0.0,0.0,0.0,0.0,0.0,0.0,0.0,0.0026000000070780516,0.0,0.0,0.0,0.0,0.0,0.0,0.0012000000569969416
1285,42.966666237,-0.03104940801858902,0.6996850371360779,-1.4465986490249634,0.16278685629367828,0.7158293128013611,-0.20928242802619934,0.0,0.025621432811021805,0.7120245099067688,-1.5809366703033447,0.1123119369149208,0.8143008351325989,-0.12575097382068634,0.0,0.0,0.0,0.0,0.0,0.0,0.0,0.0026000000070780516,0.0,0.0,0.0,0.0,0.0,0.0,0.0012000000569969416
1286,42.99999957,-0.03104940801858902,0.6996850371360779,-1.4465986490249634,0.1809033751487732,0.7340855002403259,-0.20692624151706696,0.0,0.026110125705599785,0.7293207049369812,-1.5924732685089111,0.106569804251194,0.8238128423690796,-0.12993976473808289,0.0,0.0,0.0,0.0,0.0,0.0,0.0,0.0026000000070780516,0.0,0.0,0.0,0.0,0.0,0.0,0.0012000000569969416
1287,43.033332903,-0.03104940801858902,0.6996850371360779,-1.4465986490249634,0.1809033751487732,0.7340855002403259,-0.20692624151706696,0.0,0.026110125705599785,0.7293207049369812,-1.5924732685089111,0.106569804251194,0.8238128423690796,-0.12993976473808289,0.0,0.0,0.0,0.0,0.0,0.0,0.0,0.0026000000070780516,0.0,0.0,0.0,0.0,0.0,0.0,0.0012000000569969416
1288,43.066666236,-0.03104940801858902,0.7097555994987488,-1.439460277557373,0.19322539865970612,0.7508755326271057,-0.20495401322841644,0.0,0.027698375284671783,0.7520099878311157,-1.5932587385177612,0.106569804251194,0.8437445163726807,-0.13325588405132294,0.0,0.0,0.0,0.0,0.0,0.0,0.0,0.0026000000070780516,0.0,0.0,0.0,0.0,0.0,0.0,0.0012000000569969416
1289,43.099999569,-0.03104940801858902,0.730908989906311,-1.4330025911331177,0.19343483448028564,0.7653617858886719,-0.20486675202846527,0.0,0.030490901321172714,0.7765144109725952,-1.5863821506500244,0.10323622822761536,0.861337423324585,-0.13552480936050415,0.0,0.0,0.0,0.0,0.0,0.0,0.0,0.0026000000070780516,0.0,0.0,0.0,0.0,0.0,0.0,0.0012000000569969416
1290,43.133332902,-0.03104940801858902,0.730908989906311,-1.4330025911331177,0.19343483448028564,0.7653617858886719,-0.20486675202846527,0.0,0.030490901321172714,0.7765144109725952,-1.5863821506500244,0.10323622822761536,0.861337423324585,-0.13552480936050415,0.0,0.0,0.0,0.0,0.0,0.0,0.0,0.0026000000070780516,0.0,0.0,0.0,0.0,0.0,0.0,0.0012000000569969416
1291,43.166666235,-0.02918190509080887,0.770754873752594,-1.4190922975540161,0.19792033731937408,0.7812966108322144,-0.20717057585716248,0.0,0.03296926990151405,0.8001810908317566,-1.568928837776184,0.10323622822761536,0.8746542930603027,-0.13552480936050415,0.0,0.0,0.0,0.0,0.0,0.0,0.0,0.0026000000070780516,0.0,0.0,0.0,0.0,0.0,0.0,0.0012000000569969416
1292,43.199999568,-0.02918190509080887,0.8112115859985352,-1.4012550115585327,0.2007303237915039,0.7915416955947876,-0.20717057585716248,0.0,0.036564648151397705,0.8252614736557007,-1.5431852340698242,0.10192722827196121,0.876801073551178,-0.13552480936050415,0.0,0.0,0.0,0.0,0.0,0.0,0.0,0.0026000000070780516,0.0,0.0,0.0,0.0,0.0,0.0,0.0012000000569969416
1293,43.233332901,-0.02918190509080887,0.8112115859985352,-1.4012550115585327,0.2007303237915039,0.7915416955947876,-0.20717057585716248,0.0,0.036564648151397705,0.8252614736557007,-1.5431852340698242,0.10192722827196121,0.876801073551178,-0.13552480936050415,0.0,0.0,0.0,0.0,0.0,0.0,0.0,0.0026000000070780516,0.0,0.0,0.0,0.0,0.0,0.0,0.0012000000569969416
1294,43.266666234,-0.02918190509080887,0.8511272668838501,-1.3779897689819336,0.2007303237915039,0.7941597104072571,-0.20717057585716248,0.0,0.037000980228185654,0.8549844622612,-1.513252854347229,0.10192722827196121,0.8706225752830505,-0.13552480936050415,0.0,0.0,0.0,0.0,0.0,0.0,0.0,0.0026000000070780516,0.0,0.0,0.0,0.0,0.0,0.0,0.0012000000569969416
1295,43.299999567,-0.02918190509080887,0.8957204222679138,-1.3470450639724731,0.19910715520381927,0.7896044254302979,-0.20717057585716248,0.0,0.038379788398742676,0.8925788402557373,-1.4785730838775635,0.10395181179046631,0.8591208457946777,-0.13552480936050415,0.0,0.0,0.0,0.0,0.0,0.0,0.0,0.0026000000070780516,0.0,0.0,0.0,0.0,0.0,0.0,0.0012000000569969416
1296,43.3333329,-0.02918190509080887,0.8957204222679138,-1.3470450639724731,0.19910715520381927,0.7896044254302979,-0.20717057585716248,0.0,0.038379788398742676,0.8925788402557373,-1.4785730838775635,0.10395181179046631,0.8591208457946777,-0.13552480936050415,0.0,0.0,0.0,0.0,0.0,0.0,0.0,0.0026000000070780516,0.0,0.0,0.0,0.0,0.0,0.0,0.0012000000569969416
1297,43.366666233,-0.02918190509080887,0.9370847344398499,-1.3145296573638916,0.19910715520381927,0.772953987121582,-0.2090729922056198,0.0,0.042638394981622696,0.9277646541595459,-1.4322869777679443,0.10583676397800446,0.8323125839233398,-0.13552480936050415,0.0,0.0,0.0,0.0,0.0,0.0,0.0,0.0026000000070780516,0.0,0.0,0.0,0.0,0.0,0.0,0.0012000000569969416
1298,43.399999566,-0.02918190509080887,0.9785188436508179,-1.2741427421569824,0.1987755447626114,0.7490953207015991,-0.21509437263011932,0.0,0.042638394981622696,0.9706125259399414,-1.389701008796692,0.10794861614704132,0.80656898021698,-0.13405874371528625,0.0,0.0,0.0,0.0,0.0,0.0,0.0,0.0026000000070780516,0.0,0.0,0.0,0.0,0.0,0.0,0.0012000000569969416
1299,43.433332899,-0.02918190509080887,0.9785188436508179,-1.2741427421569824,0.1987755447626114,0.7490953207015991,-0.21509437263011932,0.0,0.042638394981622696,0.9706125259399414,-1.389701008796692,0.10794861614704132,0.80656898021698,-0.13405874371528625,0.0,0.0,0.0,0.0,0.0,0.0,0.0,0.0026000000070780516,0.0,0.0,0.0,0.0,0.0,0.0,0.0012000000569969416
1300,43.466666232,-0.02918190509080887,1.0265852212905884,-1.2352392673492432,0.1987755447626114,0.7190232872962952,-0.22417008876800537,0.0,0.04504694789648056,1.0122735500335693,-1.342419981956482,0.10777407884597778,0.7748214602470398,-0.13128367066383362,0.0,0.0,0.0,0.0,0.0,0.0,0.0,0.0026000000070780516,0.0,0.0,0.0,0.0,0.0,0.0,0.0012000000569969416
1301,43.499999565,-0.02918190509080887,1.0784738063812256,-1.193892478942871,0.20146335661411285,0.6829996705055237,-0.23139575123786926,0.0,0.04504694789648056,1.0639177560806274,-1.2955578565597534,0.10777407884597778,0.737419068813324,-0.13128367066383362,0.0,0.0,0.0,0.0,0.0,0.0,0.0,0.0026000000070780516,0.0,0.0,0.0,0.0,0.0,0.0,0.0012000000569969416
1302,43.533332898,-0.02918190509080887,1.0784738063812256,-1.193892478942871,0.20146335661411285,0.6829996705055237,-0.23139575123786926,0.0,0.04504694789648056,1.0639177560806274,-1.2955578565597534,0.10777407884597778,0.737419068813324,-0.13128367066383362,0.0,0.0,0.0,0.0,0.0,0.0,0.0,0.0026000000070780516,0.0,0.0,0.0,0.0,0.0,0.0,0.0012000000569969416
1303,43.566666231,-0.03104940801858902,1.1393334865570068,-1.1526328325271606,0.20664697885513306,0.6392268538475037,-0.242548406124115,0.0,0.0463733971118927,1.1179357767105103,-1.2502317428588867,0.10777407884597778,0.6872233748435974,-0.13128367066383362,0.0,0.0,0.0,0.0,0.0,0.0,0.0,0.0026000000070780516,0.0,0.0,0.0,0.0,0.0,0.0,0.0012000000569969416
1304,43.599999564,-0.03104940801858902,1.196615219116211,-1.113747000694275,0.21090558171272278,0.59100341796875,-0.2563888728618622,0.0,0.0463733971118927,1.177067518234253,-1.2044692039489746,0.10554005950689316,0.645614743232727,-0.13400638103485107,0.0,0.0,0.0,0.0,0.0,0.0,0.0,0.0026000000070780516,0.0,0.0,0.0,0.0,0.0,0.0,0.0012000000569969416
1305,43.633332897,-0.03104940801858902,1.196615219116211,-1.113747000694275,0.21090558171272278,0.59100341796875,-0.2563888728618622,0.0,0.0463733971118927,1.177067518234253,-1.2044692039489746,0.10554005950689316,0.645614743232727,-0.13400638103485107,0.0,0.0,0.0,0.0,0.0,0.0,0.0,0.0026000000070780516,0.0,0.0,0.0,0.0,0.0,0.0,0.0012000000569969416
1306,43.66666623,-0.03104940801858902,1.2542634010314941,-1.0804111957550049,0.22343705594539642,0.5355542898178101,-0.2677858769893646,0.0,0.0463733971118927,1.2360072135925293,-1.1759854555130005,0.10342821478843689,0.5954016447067261,-0.13400638103485107,0.0,0.0,0.0,0.0,0.0,0.0,0.0,0.0026000000070780516,0.0,0.0,0.0,0.0,0.0,0.0,0.0012000000569969416
1307,43.699999563,-0.03104940801858902,1.3164844512939453,-1.0576521158218384,0.23354250192642212,0.47802823781967163,-0.27951449155807495,0.0,0.0463733971118927,1.2989089488983154,-1.1616562604904175,0.10065313428640366,0.5425530672073364,-0.136519655585289,0.0,0.0,0.0,0.0,0.0,0.0,0.0,0.0026000000070780516,0.0,0.0,0.0,0.0,0.0,0.0,0.0012000000569969416
1308,43.733332896,-0.03104940801858902,1.3164844512939453,-1.0576521158218384,0.23354250192642212,0.47802823781967163,-0.27951449155807495,0.0,0.0463733971118927,1.2989089488983154,-1.1616562604904175,0.10065313428640366,0.5425530672073364,-0.136519655585289,0.0,0.0,0.0,0.0,0.0,0.0,0.0,0.0026000000070780516,0.0,0.0,0.0,0.0,0.0,0.0,0.0012000000569969416
1309,43.766666229,-0.028623400256037712,1.3817771673202515,-1.046778678894043,0.24703390896320343,0.4115660786628723,-0.28902652859687805,0.0,0.0463733971118927,1.3759477138519287,-1.1561410427093506,0.09578366577625275,0.4931427836418152,-0.136519655585289,0.0,0.0,0.0,0.0,0.0,0.0,0.0,0.0026000000070780516,0.0,0.0,0.0,0.0,0.0,0.0,0.0012000000569969416
1310,43.799999562,-0.02652900479733944,1.4477505683898926,-1.046778678894043,0.25420719385147095,0.3565358519554138,-0.290841668844223,0.0,0.0463733971118927,1.4451849460601807,-1.1609755754470825,0.09211847931146622,0.4438721239566803,-0.14016738533973694,0.0,0.0,0.0,0.0,0.0,0.0,0.0,0.0026000000070780516,0.0,0.0,0.0,0.0,0.0,0.0,0.0012000000569969416
1311,43.833332895,-0.02652900479733944,1.4477505683898926,-1.046778678894043,0.25420719385147095,0.3565358519554138,-0.290841668844223,0.0,0.0463733971118927,1.4451849460601807,-1.1609755754470825,0.09211847931146622,0.4438721239566803,-0.14016738533973694,0.0,0.0,0.0,0.0,0.0,0.0,0.0,0.0026000000070780516,0.0,0.0,0.0,0.0,0.0,0.0,0.0012000000569969416
1312,43.866666228,-0.0246265958994627,1.514980673789978,-1.0623818635940552,0.2615550458431244,0.3061830997467041,-0.290841668844223,0.0,0.044052109122276306,1.515504240989685,-1.1798949241638184,0.08780751377344131,0.4006752371788025,-0.14292500913143158,0.0,0.0,0.0,0.0,0.0,0.0,0.0,0.0026000000070780516,0.0,0.0,0.0,0.0,0.0,0.0,0.0012000000569969416
1313,43.899999561,-0.022741639986634254,1.5930842161178589,-1.0886491537094116,0.2658136487007141,0.2632130980491638,-0.28298768401145935,0.0,0.04248131439089775,1.5859806537628174,-1.2112585306167603,0.0823795422911644,0.3632379174232483,-0.14782938361167908,0.0,0.0,0.0,0.0,0.0,0.0,0.0,0.0026000000070780516,0.0,0.0,0.0,0.0,0.0,0.0,0.0012000000569969416
1314,43.933332894,-0.022741639986634254,1.5930842161178589,-1.0886491537094116,0.2658136487007141,0.2632130980491638,-0.28298768401145935,0.0,0.04248131439089775,1.5859806537628174,-1.2112585306167603,0.0823795422911644,0.3632379174232483,-0.14782938361167908,0.0,0.0,0.0,0.0,0.0,0.0,0.0,0.0026000000070780516,0.0,0.0,0.0,0.0,0.0,0.0,0.0012000000569969416
1315,43.966666227,-0.022741639986634254,1.6607855558395386,-1.1262959241867065,0.2658136487007141,0.22884757816791534,-0.2753431499004364,0.0,0.03995058685541153,1.6662832498550415,-1.2605640888214111,0.08038986474275589,0.34346333146095276,-0.15250687301158905,0.0,0.0,0.0,0.0,0.0,0.0,0.0,0.0026000000070780516,0.0,0.0,0.0,0.0,0.0,0.0,0.0012000000569969416
1316,43.99999956,-0.0216071754693985,1.7276490926742554,-1.1756188869476318,0.26108381152153015,0.20744983851909637,-0.2711019814014435,0.0,0.03995058685541153,1.6662832498550415,-1.2605640888214111,0.08038986474275589,0.34346333146095276,-0.15250687301158905,0.0,0.0,0.0,0.0,0.0,0.0,0.0,0.0026000000070780516,0.0,0.0,0.0,0.0,0.0,0.0,0.0012000000569969416
1317,44.033332893,-0.0216071754693985,1.7276490926742554,-1.1756188869476318,0.26108381152153015,0.20744983851909637,-0.2711019814014435,0.0,0.03769911080598831,1.7349270582199097,-1.3152626752853394,0.0777718722820282,0.3334975242614746,-0.15748105943202972,0.0,0.0,0.0,0.0,0.0,0.0,0.0,0.0026000000070780516,0.0,0.0,0.0,0.0,0.0,0.0,0.0012000000569969416
1318,44.066666226,-0.0216071754693985,1.7912837266921997,-1.233284592628479,0.25591763854026794,0.19406315684318542,-0.26598817110061646,0.0,0.0354301854968071,1.7996962070465088,-1.3813931941986084,0.0777718722820282,0.3335324227809906,-0.1650034338235855,0.0,0.0,0.0,0.0,0.0,0.0,0.0,0.0026000000070780516,0.0,0.0,0.0,0.0,0.0,0.0,0.0012000000569969416
1319,44.099999559,-0.0216071754693985,1.8496475219726562,-1.2955055236816406,0.24750514328479767,0.19195130467414856,-0.26598817110061646,0.0,0.0354301854968071,1.7996962070465088,-1.3813931941986084,0.0777718722820282,0.3335324227809906,-0.1650034338235855,0.0,0.0,0.0,0.0,0.0,0.0,0.0,0.0026000000070780516,0.0,0.0,0.0,0.0,0.0,0.0,0.0012000000569969416
1320,44.133332892,-0.0216071754693985,1.8496475219726562,-1.2955055236816406,0.24750514328479767,0.19195130467414856,-0.26598817110061646,0.0,0.03160791099071503,1.8597006797790527,-1.4325313568115234,0.07960446923971176,0.35123005509376526,-0.1716531366109848,0.0,0.0,0.0,0.0,0.0,0.0,0.0,0.0026000000070780516,0.0,0.0,0.0,0.0,0.0,0.0,0.0012000000569969416
1321,44.166666225,-0.0216071754693985,1.9082382917404175,-1.3424723148345947,0.23853415250778198,0.21108011901378632,-0.26598817110061646,0.0,0.0293738916516304,1.9197399616241455,-1.4750999212265015,0.08159413933753967,0.36819466948509216,-0.17348572611808777,0.0,0.0,0.0,0.0,0.0,0.0,0.0,0.0026000000070780516,0.0,0.0,0.0,0.0,0.0,0.0,0.0012000000569969416
1322,44.199999558,-0.0216071754693985,1.9501785039901733,-1.385232925415039,0.2284286916255951,0.23001694679260254,-0.26773351430892944,0.0,0.0293738916516304,1.9197399616241455,-1.4750999212265015,0.08159413933753967,0.36819466948509216,-0.17348572611808777,0.0,0.0,0.0,0.0,0.0,0.0,0.0,0.0026000000070780516,0.0,0.0,0.0,0.0,0.0,0.0,0.0012000000569969416
1323,44.233332891,-0.0216071754693985,1.9501785039901733,-1.385232925415039,0.2284286916255951,0.23001694679260254,-0.26773351430892944,0.0,0.027296949177980423,1.9627100229263306,-1.507789969444275,0.08124507963657379,0.38353610038757324,-0.17872171103954315,0.0,0.0,0.0,0.0,0.0,0.0,0.0,0.0026000000070780516,0.0,0.0,0.0,0.0,0.0,0.0,0.0012000000569969416
1324,44.266666224,-0.0216071754693985,1.9792382717132568,-1.4114826917648315,0.2151641845703125,0.2509259879589081,-0.2675589621067047,0.0,0.0256388857960701,1.9924155473709106,-1.529746174812317,0.08124507963657379,0.3936939239501953,-0.1834864616394043,0.0,0.0,0.0,0.0,0.0,0.0,0.0,0.0026000000070780516,0.0,0.0,0.0,0.0,0.0,0.0,0.0012000000569969416
1325,44.299999557,-0.0216071754693985,1.9970406293869019,-1.426213264465332,0.20209167897701263,0.27111944556236267,-0.26979300379753113,0.0,0.0256388857960701,1.9924155473709106,-1.529746174812317,0.08124507963657379,0.3936939239501953,-0.1834864616394043,0.0,0.0,0.0,0.0,0.0,0.0,0.0,0.0026000000070780516,0.0,0.0,0.0,0.0,0.0,0.0,0.0012000000569969416
1326,44.33333289,-0.0216071754693985,1.9970406293869019,-1.426213264465332,0.20209167897701263,0.27111944556236267,-0.26979300379753113,0.0,0.023753931745886803,2.0107762813568115,-1.5392407178878784,0.08124507963657379,0.405562162399292,-0.1886875480413437,0.0,0.0,0.0,0.0,0.0,0.0,0.0,0.0026000000070780516,0.0,0.0,0.0,0.0,0.0,0.0,0.0012000000569969416
1327,44.366666223,-0.0216071754693985,2.0010199546813965,-1.4280458688735962,0.1884082853794098,0.2924124598503113,-0.26979300379753113,0.0,0.021275563165545464,2.0174784660339355,-1.5359770059585571,0.07944738864898682,0.4128227233886719,-0.19484855234622955,0.0,0.0,0.0,0.0,0.0,0.0,0.0,0.0026000000070780516,0.0,0.0,0.0,0.0,0.0,0.0,0.0012000000569969416
1328,44.399999556,-0.0216071754693985,1.994038701057434,-1.420069694519043,0.17837265133857727,0.30654963850975037,-0.2659183740615845,0.0,0.021275563165545464,2.0174784660339355,-1.5359770059585571,0.07944738864898682,0.4128227233886719,-0.19484855234622955,0.0,0.0,0.0,0.0,0.0,0.0,0.0,0.0026000000070780516,0.0,0.0,0.0,0.0,0.0,0.0,0.0012000000569969416
1329,44.433332889,-0.0216071754693985,1.994038701057434,-1.420069694519043,0.17837265133857727,0.30654963850975037,-0.2659183740615845,0.0,0.019146261736750603,2.0147557258605957,-1.5201817750930786,0.0774751678109169,0.40893062949180603,-0.20008455216884613,0.0,0.0,0.0,0.0,0.0,0.0,0.0,0.0026000000070780516,0.0,0.0,0.0,0.0,0.0,0.0,0.0012000000569969416
1330,44.466666222,-0.023439772427082062,1.9746131896972656,-1.3991955518722534,0.1658760905265808,0.30888837575912476,-0.2640683054924011,0.0,0.017156586050987244,1.9982099533081055,-1.492884874343872,0.07529350370168686,0.40083232522010803,-0.2024581879377365,0.0,0.0,0.0,0.0,0.0,0.0,0.0,0.0026000000070780516,0.0,0.0,0.0,0.0,0.0,0.0,0.0012000000569969416
1331,44.499999555,-0.025411993265151978,1.9518715143203735,-1.3690537214279175,0.15978489816188812,0.29963812232017517,-0.2640683054924011,0.0,0.017156586050987244,1.9982099533081055,-1.492884874343872,0.07529350370168686,0.40083232522010803,-0.2024581879377365,0.0,0.0,0.0,0.0,0.0,0.0,0.0,0.0026000000070780516,0.0,0.0,0.0,0.0,0.0,0.0,0.0012000000569969416
1332,44.533332888,-0.025411993265151978,1.9518715143203735,-1.3690537214279175,0.15978489816188812,0.29963812232017517,-0.2640683054924011,0.0,0.017156586050987244,1.974246621131897,-1.4608056545257568,0.07264060527086258,0.3909188508987427,-0.20687387883663177,0.0,0.0,0.0,0.0,0.0,0.0,0.0,0.0026000000070780516,0.0,0.0,0.0,0.0,0.0,0.0,0.0012000000569969416
1333,44.566666221,-0.025411993265151978,1.9317303895950317,-1.3399590253829956,0.15461872518062592,0.2902657091617584,-0.2621135413646698,0.0,0.014852751977741718,1.9563220739364624,-1.4294945001602173,0.0700051560997963,0.37053340673446655,-0.20893336832523346,0.0,0.0,0.0,0.0,0.0,0.0,0.0,0.0026000000070780516,0.0,0.0,0.0,0.0,0.0,0.0,0.0012000000569969416
1334,44.599999554,-0.025411993265151978,1.9143295288085938,-1.3082464933395386,0.15200072526931763,0.2816961407661438,-0.2621135413646698,0.0,0.014852751977741718,1.9563220739364624,-1.4294945001602173,0.0700051560997963,0.37053340673446655,-0.20893336832523346,0.0,0.0,0.0,0.0,0.0,0.0,0.0,0.0026000000070780516,0.0,0.0,0.0,0.0,0.0,0.0,0.0012000000569969416
1335,44.633332887,-0.025411993265151978,1.9143295288085938,-1.3082464933395386,0.15200072526931763,0.2816961407661438,-0.2621135413646698,0.0,0.013159782625734806,1.9401254653930664,-1.3950940370559692,0.06529276818037033,0.35327208042144775,-0.21130701899528503,0.0,0.0,0.0,0.0,0.0,0.0,0.0,0.0026000000070780516,0.0,0.0,0.0,0.0,0.0,0.0,0.0012000000569969416
1336,44.66666622,-0.027052603662014008,1.890697717666626,-1.2739157676696777,0.14997614920139313,0.2707180082798004,-0.2621135413646698,0.0,0.011257373727858067,1.920699954032898,-1.3578487634658813,0.06286676228046417,0.3294832706451416,-0.21387264132499695,0.0,0.0,0.0,0.0,0.0,0.0,0.0,0.0026000000070780516,0.0,0.0,0.0,0.0,0.0,0.0,0.0012000000569969416
1337,44.699999553,-0.02736676298081875,1.8693697452545166,-1.240527629852295,0.14997614920139313,0.2583436369895935,-0.2621135413646698,0.0,0.011257373727858067,1.920699954032898,-1.3578487634658813,0.06286676228046417,0.3294832706451416,-0.21387264132499695,0.0,0.0,0.0,0.0,0.0,0.0,0.0,0.0026000000070780516,0.0,0.0,0.0,0.0,0.0,0.0,0.0012000000569969416
1338,44.733332886,-0.02736676298081875,1.8693697452545166,-1.240527629852295,0.14997614920139313,0.2583436369895935,-0.2621135413646698,0.0,0.011257373727858067,1.9022343158721924,-1.3174093961715698,0.058712877333164215,0.3066543638706207,-0.21793925762176514,0.0,0.0,0.0,0.0,0.0,0.0,0.0,0.0026000000070780516,0.0,0.0,0.0,0.0,0.0,0.0,0.0012000000569969416
1339,44.766666219,-0.029443703591823578,1.8492112159729004,-1.2034045457839966,0.14997614920139313,0.24759240448474884,-0.2621135413646698,0.0,0.011257373727858067,1.8827913999557495,-1.2781394720077515,0.058398716151714325,0.2877000868320465,-0.22076669335365295,0.0,0.0,0.0,0.0,0.0,0.0,0.0,0.0026000000070780516,0.0,0.0,0.0,0.0,0.0,0.0,0.0012000000569969416
1340,44.799999552,-0.03150319308042526,1.8307631015777588,-1.1659672260284424,0.14997614920139313,0.239633709192276,-0.2621135413646698,0.0,0.011257373727858067,1.8827913999557495,-1.2781394720077515,0.058398716151714325,0.2877000868320465,-0.22076669335365295,0.0,0.0,0.0,0.0,0.0,0.0,0.0,0.0026000000070780516,0.0,0.0,0.0,0.0,0.0,0.0,0.0012000000569969416
1341,44.833332885,-0.03150319308042526,1.8307631015777588,-1.1659672260284424,0.14997614920139313,0.239633709192276,-0.2621135413646698,0.0,0.00938987173140049,1.8640639781951904,-1.2400739192962646,0.05647885426878929,0.2733883857727051,-0.22067943215370178,0.0,0.0,0.0,0.0,0.0,0.0,0.0,0.0026000000070780516,0.0,0.0,0.0,0.0,0.0,0.0,0.0012000000569969416
1342,44.866666218,-0.031468287110328674,1.8115121126174927,-1.1223164796829224,0.1475152224302292,0.22446680068969727,-0.2621135413646698,0.0,0.009354964829981327,1.848129153251648,-1.2009785175323486,0.05647885426878929,0.2589544951915741,-0.22252948582172394,0.0,0.0,0.0,0.0,0.0,0.0,0.0,0.0026000000070780516,0.0,0.0,0.0,0.0,0.0,0.0,0.0012000000569969416
1343,44.899999551,-0.031468287110328674,1.7949838638305664,-1.0848617553710938,0.1475152224302292,0.2163161039352417,-0.26019367575645447,0.0,0.009354964829981327,1.848129153251648,-1.2009785175323486,0.05647885426878929,0.2589544951915741,-0.22252948582172394,0.0,0.0,0.0,0.0,0.0,0.0,0.0,0.0026000000070780516,0.0,0.0,0.0,0.0,0.0,0.0,0.0012000000569969416
1344,44.933332884,-0.031468287110328674,1.7949838638305664,-1.0848617553710938,0.1475152224302292,0.2163161039352417,-0.26019367575645447,0.0,0.009354964829981327,1.8329622745513916,-1.158724069595337,0.05647885426878929,0.2459343522787094,-0.22252948582172394,0.0,0.0,0.0,0.0,0.0,0.0,0.0,0.0026000000070780516,0.0,0.0,0.0,0.0,0.0,0.0,0.0012000000569969416
1345,44.966666217,-0.03640756756067276,1.7825047969818115,-1.0456966161727905,0.14210471510887146,0.21382029354572296,-0.25790730118751526,0.0,0.009354964829981327,1.824113368988037,-1.118913173675537,0.05647885426878929,0.2330363690853119,-0.22252948582172394,0.0,0.0,0.0,0.0,0.0,0.0,0.0,0.0026000000070780516,0.0,0.0,0.0,0.0,0.0,0.0,0.0012000000569969416
1346,44.99999955,-0.03728023171424866,1.7697288990020752,-1.0088701248168945,0.1379333734512329,0.2094046026468277,-0.25790730118751526,0.0,0.009354964829981327,1.824113368988037,-1.118913173675537,0.05647885426878929,0.2330363690853119,-0.22252948582172394,0.0,0.0,0.0,0.0,0.0,0.0,0.0,0.0026000000070780516,0.0,0.0,0.0,0.0,0.0,0.0,0.0012000000569969416
1347,45.033332883,-0.03728023171424866,1.7697288990020752,-1.0088701248168945,0.1379333734512329,0.2094046026468277,-0.25790730118751526,0.0,0.009354964829981327,1.8138858079910278,-1.0824183225631714,0.05829399824142456,0.2252521961927414,-0.22252948582172394,0.0,0.0,0.0,0.0,0.0,0.0,0.0,0.0026000000070780516,0.0,0.0,0.0,0.0,0.0,0.0,0.0012000000569969416
1348,45.066666216,-0.04155629128217697,1.762014627456665,-0.9687624573707581,0.13348278403282166,0.2041860669851303,-0.25790730118751526,0.0,0.01136209350079298,1.8079516887664795,-1.046935796737671,0.06038839370012283,0.21596704423427582,-0.22460642457008362,0.0,0.0,0.0,0.0,0.0,0.0,0.0,0.0026000000070780516,0.0,0.0,0.0,0.0,0.0,0.0,0.0012000000569969416
1349,45.099999549,-0.04253367334604263,1.7551031112670898,-0.9346238374710083,0.12753121554851532,0.20170770585536957,-0.25790730118751526,0.0,0.01136209350079298,1.8079516887664795,-1.046935796737671,0.06038839370012283,0.21596704423427582,-0.22460642457008362,0.0,0.0,0.0,0.0,0.0,0.0,0.0,0.0026000000070780516,0.0,0.0,0.0,0.0,0.0,0.0,0.0012000000569969416
1350,45.133332882,-0.04253367334604263,1.7551031112670898,-0.9346238374710083,0.12753121554851532,0.20170770585536957,-0.25790730118751526,0.0,0.01136209350079298,1.8058747053146362,-1.009655475616455,0.062203533947467804,0.20551252365112305,-0.22615976631641388,0.0,0.0,0.0,0.0,0.0,0.0,0.0,0.0026000000070780516,0.0,0.0,0.0,0.0,0.0,0.0,0.0012000000569969416
1351,45.166666215,-0.04509930685162544,1.7507572174072266,-0.9036616683006287,0.1253320872783661,0.19456930458545685,-0.25790730118751526,0.0,0.01136209350079298,1.803658127784729,-0.9795485734939575,0.06373942643404007,0.2021963894367218,-0.22853341698646545,0.0,0.0,0.0,0.0,0.0,0.0,0.0,0.0026000000070780516,0.0,0.0,0.0,0.0,0.0,0.0,0.0012000000569969416
1352,45.199999548,-0.04509930685162544,1.7507572174072266,-0.9036616683006287,0.1253320872783661,0.19456930458545685,-0.25790730118751526,0.0,0.01136209350079298,1.803658127784729,-0.9795485734939575,0.06373942643404007,0.2021963894367218,-0.22853341698646545,0.0,0.0,0.0,0.0,0.0,0.0,0.0,0.0026000000070780516,0.0,0.0,0.0,0.0,0.0,0.0,0.0012000000569969416
1353,45.233332881,-0.04509930685162544,1.7447532415390015,-0.8742528557777405,0.1203928142786026,0.18931587040424347,-0.25790730118751526,0.0,0.01136209350079298,1.8013019561767578,-0.9539271593093872,0.0662352442741394,0.19256217777729034,-0.2306801676750183,0.0,0.0,0.0,0.0,0.0,0.0,0.0,0.0026000000070780516,0.0,0.0,0.0,0.0,0.0,0.0,0.0012000000569969416
1354,45.266666214,-0.046041786670684814,1.7415941953659058,-0.8456294536590576,0.11423180252313614,0.18039722740650177,-0.25790730118751526,0.0,0.009337511844933033,1.8013019561767578,-0.9318313002586365,0.0662352442741394,0.1788438856601715,-0.23225095868110657,0.0,0.0,0.0,0.0,0.0,0.0,0.0,0.0026000000070780516,0.0,0.0,0.0,0.0,0.0,0.0,0.0012000000569969416
1355,45.299999547,-0.046041786670684814,1.7415941953659058,-0.8456294536590576,0.11423180252313614,0.18039722740650177,-0.25790730118751526,0.0,0.009337511844933033,1.8013019561767578,-0.9318313002586365,0.0662352442741394,0.1788438856601715,-0.23225095868110657,0.0,0.0,0.0,0.0,0.0,0.0,0.0,0.0026000000070780516,0.0,0.0,0.0,0.0,0.0,0.0,0.0012000000569969416
1356,45.33333288,-0.04813618212938309,1.7388715744018555,-0.8157843351364136,0.10835003852844238,0.17303194105625153,-0.25790730118751526,0.0,0.007016223389655352,1.8013019561767578,-0.9116378426551819,0.06843435764312744,0.17418386042118073,-0.23287928104400635,0.0,0.0,0.0,0.0,0.0,0.0,0.0,0.0026000000070780516,0.0,0.0,0.0,0.0,0.0,0.0,0.0012000000569969416
1357,45.366666213,-0.04946263134479523,1.7347700595855713,-0.7934441566467285,0.10300933569669724,0.1658935397863388,-0.25790730118751526,0.0,0.004939281847327948,1.7995566129684448,-0.8996124863624573,0.06843435764312744,0.16550956666469574,-0.23546236753463745,0.0,0.0,0.0,0.0,0.0,0.0,0.0,0.0026000000070780516,0.0,0.0,0.0,0.0,0.0,0.0,0.0012000000569969416
1358,45.399999546,-0.04946263134479523,1.7347700595855713,-0.7934441566467285,0.10300933569669724,0.1658935397863388,-0.25790730118751526,0.0,0.004939281847327948,1.7995566129684448,-0.8996124863624573,0.06843435764312744,0.16550956666469574,-0.23546236753463745,0.0,0.0,0.0,0.0,0.0,0.0,0.0,0.0026000000070780516,0.0,0.0,0.0,0.0,0.0,0.0,0.0012000000569969416
1359,45.433332879,-0.04879940673708916,1.7325359582901,-0.7763050198554993,0.09873327612876892,0.15819664299488068,-0.25790730118751526,0.0,0.0029321531765162945,1.7995566129684448,-0.8919854164123535,0.06843435764312744,0.1535540670156479,-0.23546236753463745,0.0,0.0,0.0,0.0,0.0,0.0,0.0,0.0026000000070780516,0.0,0.0,0.0,0.0,0.0,0.0,0.0012000000569969416
1360,45.466666212,-0.04879940673708916,1.7325359582901,-0.7680670619010925,0.09594074636697769,0.1555437445640564,-0.25790730118751526,0.0,0.0,1.7995566129684448,-0.889297604560852,0.0705462098121643,0.1509535312652588,-0.23546236753463745,0.0,0.0,0.0,0.0,0.0,0.0,0.0,0.00279999990016222,0.0,0.0,0.0,0.0,0.0,0.0,0.0012000000569969416
1361,45.499999545,-0.04879940673708916,1.7325359582901,-0.7680670619010925,0.09594074636697769,0.1555437445640564,-0.25790730118751526,0.0,0.0,1.7995566129684448,-0.889297604560852,0.0705462098121643,0.1509535312652588,-0.23546236753463745,0.0,0.0,0.0,0.0,0.0,0.0,0.0,0.00279999990016222,0.0,0.0,0.0,0.0,0.0,0.0,0.0012000000569969416
1362,45.533332878,-0.04879940673708916,1.7325359582901,-0.76506507396698,0.0904604122042656,0.15746361017227173,-0.25790730118751526,0.0,-0.0009250245057046413,1.7995566129684448,-0.889297604560852,0.0705462098121643,0.14503686130046844,-0.23254767060279846,0.0,0.0,0.0,0.0,0.0,0.0,0.0,0.004999999888241291,0.0,0.0,0.0,0.0,0.0,0.0,0.0012000000569969416
1363,45.566666211,-0.04879940673708916,1.7325359582901,-0.76506507396698,0.08011060953140259,0.15472343564033508,-0.25790730118751526,0.0,-0.0006457717972807586,1.7995566129684448,-0.8913396596908569,0.0705462098121643,0.14503686130046844,-0.22595033049583435,0.0,0.0,0.0,0.0,0.0,0.0,0.0,0.009399999864399433,0.0,0.0,0.0,0.0,0.0,0.0,0.0032999999821186066
1364,45.599999544,-0.04879940673708916,1.7325359582901,-0.76506507396698,0.08011060953140259,0.15472343564033508,-0.25790730118751526,0.0,-0.0006457717972807586,1.7995566129684448,-0.8913396596908569,0.0705462098121643,0.14503686130046844,-0.22595033049583435,0.0,0.0,0.0,0.0,0.0,0.0,0.0,0.009399999864399433,0.0,0.0,0.0,0.0,0.0,0.0,0.0032999999821186066
1365,45.633332877,-0.050073496997356415,1.7284693717956543,-0.7714180946350098,0.0740368664264679,0.16254250705242157,-0.25996679067611694,0.0,-0.0006457717972807586,1.7995566129684448,-0.8932943940162659,0.0705462098121643,0.1500983089208603,-0.22069688141345978,0.0,0.0,0.0,0.0,0.0,0.0,0.0,0.01590000092983246,0.0,0.0,0.0,0.0,0.0,0.0,0.00839999970048666
1366,45.66666621,-0.050073496997356415,1.724263072013855,-0.7732332348823547,0.0659734457731247,0.17442820966243744,-0.25996679067611694,0.0,-0.005340707488358021,1.7951759099960327,-0.8978322744369507,0.07265805453062057,0.16023868322372437,-0.2096489518880844,0.0,0.0,0.0,0.0,0.0,0.0,0.0,0.025699999183416367,0.0,0.0,0.0,0.0,0.0,0.0,0.019700000062584877
1367,45.699999543,-0.050073496997356415,1.724263072013855,-0.7732332348823547,0.0659734457731247,0.17442820966243744,-0.25996679067611694,0.0,-0.005340707488358021,1.7951759099960327,-0.8978322744369507,0.07265805453062057,0.16023868322372437,-0.2096489518880844,0.0,0.0,0.0,0.0,0.0,0.0,0.0,0.025699999183416367,0.0,0.0,0.0,0.0,0.0,0.0,0.019700000062584877
1368,45.733332876,-0.051260318607091904,1.71314537525177,-0.7776314616203308,0.05860815569758415,0.1872040182352066,-0.25996679067611694,0.0,-0.007295476272702217,1.7882643938064575,-0.8994903564453125,0.07709119468927383,0.1708153784275055,-0.19956094026565552,0.0,0.0,0.0,0.0,0.0,0.0,0.0,0.03449999913573265,0.0,0.0,0.0,0.0,0.0,0.0,0.02969999983906746
1369,45.766666209,-0.051260318607091904,1.6952731609344482,-0.7785041332244873,0.05124286562204361,0.20579177141189575,-0.25996679067611694,0.0,-0.011885692365467548,1.777530550956726,-0.8994903564453125,0.07963937520980835,0.19057250022888184,-0.18716910481452942,0.0,0.0,0.0,0.0,0.0,0.0,0.0,0.042399998754262924,0.0,0.0,0.0,0.0,0.0,0.0,0.03750000149011612
1370,45.799999542,-0.051260318607091904,1.6952731609344482,-0.7785041332244873,0.05124286562204361,0.20579177141189575,-0.25996679067611694,0.0,-0.011885692365467548,1.777530550956726,-0.8994903564453125,0.07963937520980835,0.19057250022888184,-0.18716910481452942,0.0,0.0,0.0,0.0,0.0,0.0,0.0,0.042399998754262924,0.0,0.0,0.0,0.0,0.0,0.0,0.03750000149011612
1371,45.833332875,-0.052464596927165985,1.676493525505066,-0.7763748168945312,0.04689699783921242,0.2292838990688324,-0.26220080256462097,0.0,-0.016057029366493225,1.7613862752914429,-0.9020559787750244,0.07995353639125824,0.21263346076011658,-0.17449802160263062,0.0,0.0,0.0,0.0,0.0,0.0,0.0,0.046300001442432404,0.0,0.0,0.0,0.0,0.0,0.0,0.04089999943971634
1372,45.866666208,-0.052464596927165985,1.6515003442764282,-0.7700217962265015,0.03574434295296669,0.2557780146598816,-0.2594955563545227,0.0,-0.0213104709982872,1.7391507625579834,-0.9042201638221741,0.07995353639125824,0.2353401929140091,-0.15913912653923035,0.0,0.0,0.0,0.0,0.0,0.0,0.0,0.04809999838471413,0.0,0.0,0.0,0.0,0.0,0.0,0.04230000078678131
1373,45.899999541,-0.052464596927165985,1.6515003442764282,-0.7700217962265015,0.03574434295296669,0.2557780146598816,-0.2594955563545227,0.0,-0.0213104709982872,1.7391507625579834,-0.9042201638221741,0.07995353639125824,0.2353401929140091,-0.15913912653923035,0.0,0.0,0.0,0.0,0.0,0.0,0.0,0.04809999838471413,0.0,0.0,0.0,0.0,0.0,0.0,0.04230000078678131
1374,45.933332874,-0.052464596927165985,1.6207301616668701,-0.755291223526001,0.023177972063422203,0.2934247553348541,-0.25768041610717773,0.0,-0.02330014482140541,1.7129359245300293,-0.9020734429359436,0.07995353639125824,0.26631978154182434,-0.1402372121810913,0.0,0.0,0.0,0.0,0.0,0.0,0.0,0.04899999871850014,0.0,0.0,0.0,0.0,0.0,0.0,0.04280000180006027
1375,45.966666207,-0.052464596927165985,1.5807795524597168,-0.7308217287063599,0.0,0.3306875228881836,-0.2523746192455292,0.0,-0.02330014482140541,1.681799292564392,-0.8921076059341431,0.08829620480537415,0.29365164041519165,-0.12566371262073517,0.0,0.0,0.0,0.0,0.0,0.0,0.0,0.049400001764297485,0.0,0.0,0.0,0.0,0.0,0.0,0.042899999767541885
1376,45.99999954,-0.052464596927165985,1.5807795524597168,-0.7308217287063599,0.0,0.3306875228881836,-0.2523746192455292,0.0,-0.02330014482140541,1.681799292564392,-0.8921076059341431,0.08829620480537415,0.29365164041519165,-0.12566371262073517,0.0,0.0,0.0,0.0,0.0,0.0,0.0,0.049400001764297485,0.0,0.0,0.0,0.0,0.0,0.0,0.042899999767541885
1377,46.033332873,-0.05377359315752983,1.5408638715744019,-0.7032804489135742,-0.022654373198747635,0.3747745454311371,-0.24521875381469727,0.0,-0.02330014482140541,1.6424421072006226,-0.8760854601860046,0.09688322991132736,0.32333970069885254,-0.1120501384139061,0.0,0.0,0.0,0.0,0.0,0.0,0.0,0.04969999939203262,0.0,0.0,0.0,0.0,0.0,0.0,0.042899999767541885
1378,46.066666206,-0.05377359315752983,1.4939320087432861,-0.6626491546630859,-0.0570373609662056,0.41549307107925415,-0.22905701398849487,0.0,-0.019652407616376877,1.6045684814453125,-0.850132405757904,0.11035716533660889,0.35379570722579956,-0.10552261024713516,0.0,0.0,0.0,0.0,0.0,0.0,0.0,0.05009999871253967,0.0,0.0,0.0,0.0,0.0,0.0,0.042899999767541885
1379,46.099999539,-0.05377359315752983,1.4939320087432861,-0.6626491546630859,-0.0570373609662056,0.41549307107925415,-0.22905701398849487,0.0,-0.019652407616376877,1.6045684814453125,-0.850132405757904,0.11035716533660889,0.35379570722579956,-0.10552261024713516,0.0,0.0,0.0,0.0,0.0,0.0,0.0,0.05009999871253967,0.0,0.0,0.0,0.0,0.0,0.0,0.042899999767541885
1380,46.133332872,-0.05377359315752983,1.4491468667984009,-0.6225764155387878,-0.09339256584644318,0.4603480398654938,-0.2154085338115692,0.0,-0.019652407616376877,1.5618252754211426,-0.8196415305137634,0.12971286475658417,0.3764849603176117,-0.10344566404819489,0.0,0.0,0.0,0.0,0.0,0.0,0.0,0.050200000405311584,0.0,0.0,0.0,0.0,0.0,0.0,0.04270000010728836
1381,46.166666205,-0.05377359315752983,1.4011503458023071,-0.5822069048881531,-0.1319468915462494,0.502829372882843,-0.19111354649066925,0.0,-0.017819812521338463,1.5169878005981445,-0.7840193510055542,0.14704398810863495,0.3961024880409241,-0.1054178848862648,0.0,0.0,0.0,0.0,0.0,0.0,0.0,0.050200000405311584,0.0,0.0,0.0,0.0,0.0,0.0,0.04270000010728836
1382,46.199999538,-0.05377359315752983,1.4011503458023071,-0.5822069048881531,-0.1319468915462494,0.502829372882843,-0.19111354649066925,0.0,-0.017819812521338463,1.5169878005981445,-0.7840193510055542,0.14704398810863495,0.3961024880409241,-0.1054178848862648,0.0,0.0,0.0,0.0,0.0,0.0,0.0,0.050200000405311584,0.0,0.0,0.0,0.0,0.0,0.0,0.04270000010728836
1383,46.233332871,-0.051940999925136566,1.366889476776123,-0.5434780716896057,-0.1690525859594345,0.5401619672775269,-0.16978563368320465,0.0,-0.017819812521338463,1.4730753898620605,-0.7409271597862244,0.16109389066696167,0.4090179204940796,-0.10751228034496307,0.0,0.0,0.0,0.0,0.0,0.0,0.0,0.050200000405311584,0.0,0.0,0.0,0.0,0.0,0.0,0.042500000447034836
1384,46.266666204,-0.051940999925136566,1.3433973789215088,-0.5078035593032837,-0.20123645663261414,0.5747368931770325,-0.14702653884887695,0.0,-0.017819812521338463,1.43012273311615,-0.7034200429916382,0.17104226350784302,0.4188092052936554,-0.10934487730264664,0.0,0.0,0.0,0.0,0.0,0.0,0.0,0.0502999983727932,0.0,0.0,0.0,0.0,0.0,0.0,0.042500000447034836
1385,46.299999537,-0.051940999925136566,1.3433973789215088,-0.5078035593032837,-0.20123645663261414,0.5747368931770325,-0.14702653884887695,0.0,-0.017819812521338463,1.43012273311615,-0.7034200429916382,0.17104226350784302,0.4188092052936554,-0.10934487730264664,0.0,0.0,0.0,0.0,0.0,0.0,0.0,0.0502999983727932,0.0,0.0,0.0,0.0,0.0,0.0,0.042500000447034836
1386,46.33333287,-0.049986228346824646,1.332890510559082,-0.47738245129585266,-0.23598596453666687,0.5964139103889465,-0.12466886639595032,0.0,-0.017819812521338463,1.3868910074234009,-0.6679200530052185,0.17385224997997284,0.42380085587501526,-0.10988593101501465,0.0,0.0,0.0,0.0,0.0,0.0,0.0,0.0502999983727932,0.0,0.0,0.0,0.0,0.0,0.0,0.042399998754262924
1387,46.366666203,-0.05031784251332283,1.332890510559082,-0.4516039490699768,-0.26078709959983826,0.6075316667556763,-0.10271262377500534,0.0,-0.017819812521338463,1.3573250770568848,-0.6380051374435425,0.17584192752838135,0.42528438568115234,-0.10988593101501465,0.0,0.0,0.0,0.0,0.0,0.0,0.0,0.0502999983727932,0.0,0.0,0.0,0.0,0.0,0.0,0.04230000078678131
1388,46.399999536,-0.05031784251332283,1.332890510559082,-0.4516039490699768,-0.26078709959983826,0.6075316667556763,-0.10271262377500534,0.0,-0.017819812521338463,1.3573250770568848,-0.6380051374435425,0.17584192752838135,0.42528438568115234,-0.10988593101501465,0.0,0.0,0.0,0.0,0.0,0.0,0.0,0.0502999983727932,0.0,0.0,0.0,0.0,0.0,0.0,0.04230000078678131
1389,46.433332869,-0.05031784251332283,1.3460851907730103,-0.43795546889305115,-0.282813161611557,0.6081424951553345,-0.08162905275821686,0.0,-0.017819812521338463,1.3330999612808228,-0.61175537109375,0.17811085283756256,0.42751839756965637,-0.10988593101501465,0.0,0.0,0.0,0.0,0.0,0.0,0.0,0.0502999983727932,0.0,0.0,0.0,0.0,0.0,0.0,0.042100001126527786
1390,46.466666202,-0.052202798426151276,1.367587685585022,-0.4345695376396179,-0.3047170341014862,0.5911779403686523,-0.05621705576777458,0.0,-0.017819812521338463,1.3237100839614868,-0.5999569296836853,0.17811085283756256,0.4216890037059784,-0.10988593101501465,0.0,0.0,0.0,0.0,0.0,0.0,0.0,0.0502999983727932,0.0,0.0,0.0,0.0,0.0,0.0,0.0421999990940094
1391,46.499999535,-0.052202798426151276,1.367587685585022,-0.4345695376396179,-0.3047170341014862,0.5911779403686523,-0.05621705576777458,0.0,-0.017819812521338463,1.3237100839614868,-0.5999569296836853,0.17811085283756256,0.4216890037059784,-0.10988593101501465,0.0,0.0,0.0,0.0,0.0,0.0,0.0,0.0502999983727932,0.0,0.0,0.0,0.0,0.0,0.0,0.0421999990940094
1392,46.533332868,-0.05438445881009102,1.3899104595184326,-0.4345695376396179,-0.3277553915977478,0.5719444155693054,-0.03459242731332779,0.0,-0.017819812521338463,1.3242685794830322,-0.5935865044593811,0.17528341710567474,0.4234692454338074,-0.10756464302539825,0.0,0.0,0.0,0.0,0.0,0.0,0.0,0.050200000405311584,0.0,0.0,0.0,0.0,0.0,0.0,0.04179999977350235
1393,46.566666201,-0.05438445881009102,1.3899104595184326,-0.4345695376396179,-0.3277553915977478,0.5719444155693054,-0.03459242731332779,0.0,-0.017819812521338463,1.3266422748565674,-0.593342125415802,0.17528341710567474,0.4176572859287262,-0.10756464302539825,0.0,0.0,0.0,0.0,0.0,0.0,0.0,0.050200000405311584,0.0,0.0,0.0,0.0,0.0,0.0,0.04170000180602074
1394,46.599999534,-0.05438445881009102,1.407485842704773,-0.4345695376396179,-0.3517362177371979,0.5612106323242188,-0.010506882332265377,0.0,-0.017819812521338463,1.3266422748565674,-0.593342125415802,0.17528341710567474,0.4176572859287262,-0.10756464302539825,0.0,0.0,0.0,0.0,0.0,0.0,0.0,0.050200000405311584,0.0,0.0,0.0,0.0,0.0,0.0,0.04170000180602074
1395,46.633332867,-0.056758105754852295,1.4268416166305542,-0.4345695376396179,-0.3700796067714691,0.556917130947113,0.007749261800199747,0.0,-0.017819812521338463,1.3292951583862305,-0.593342125415802,0.17528341710567474,0.4130147099494934,-0.10517354309558868,0.0,0.0,0.0,0.0,0.0,0.0,0.0,0.04989999905228615,0.0,0.0,0.0,0.0,0.0,0.0,0.04149999842047691
1396,46.6666662,-0.06073745712637901,1.4407693147659302,-0.4384441673755646,-0.385979562997818,0.556917130947113,0.0246265958994627,0.0,-0.017819812521338463,1.3336235284805298,-0.593342125415802,0.17416641116142273,0.4104665219783783,-0.10517354309558868,0.0,0.0,0.0,0.0,0.0,0.0,0.0,0.04910000041127205,0.0,0.0,0.0,0.0,0.0,0.0,0.0414000004529953
1397,46.699999533,-0.06073745712637901,1.4407693147659302,-0.4384441673755646,-0.385979562997818,0.556917130947113,0.0246265958994627,0.0,-0.017819812521338463,1.3336235284805298,-0.593342125415802,0.17416641116142273,0.4104665219783783,-0.10517354309558868,0.0,0.0,0.0,0.0,0.0,0.0,0.0,0.04910000041127205,0.0,0.0,0.0,0.0,0.0,0.0,0.0414000004529953
1398,46.733332866,-0.06073745712637901,1.455133318901062,-0.43874087929725647,-0.40275219082832336,0.5508957505226135,0.03906046971678734,0.0,-0.017819812521338463,1.337882161140442,-0.5954365134239197,0.17297957837581635,0.40831977128982544,-0.10517354309558868,0.0,0.0,0.0,0.0,0.0,0.0,0.0,0.04749999940395355,0.0,0.0,0.0,0.0,0.0,0.0,0.0414000004529953
1399,46.766666199,-0.06073745712637901,1.455133318901062,-0.43874087929725647,-0.40275219082832336,0.5508957505226135,0.03906046971678734,0.0,-0.017819812521338463,1.337882161140442,-0.5954365134239197,0.17297957837581635,0.40831977128982544,-0.10517354309558868,0.0,0.0,0.0,0.0,0.0,0.0,0.0,0.04749999940395355,0.0,0.0,0.0,0.0,0.0,0.0,0.0414000004529953
1400,46.799999532,-0.06269222497940063,1.4661812782287598,-0.43874087929725647,-0.4158421456813812,0.5486267805099487,0.05071926862001419,0.0,-0.017819812521338463,1.340011477470398,-0.5973913073539734,0.1713913381099701,0.4038691818714142,-0.10267771780490875,0.0,0.0,0.0,0.0,0.0,0.0,0.0,0.045099999755620956,0.0,0.0,0.0,0.0,0.0,0.0,0.041200000792741776
1401,46.833332865,-0.06269222497940063,1.4763565063476562,-0.4427376687526703,-0.43109631538391113,0.5434955358505249,0.06206390634179115,0.0,-0.017819812521338463,1.342262864112854,-0.599625289440155,0.17032667994499207,0.405631959438324,-0.10267771780490875,0.0,0.0,0.0,0.0,0.0,0.0,0.0,0.040300000458955765,0.0,0.0,0.0,0.0,0.0,0.0,0.04100000113248825
1402,46.866666198,-0.06269222497940063,1.4763565063476562,-0.4427376687526703,-0.43109631538391113,0.5434955358505249,0.06206390634179115,0.0,-0.017819812521338463,1.342262864112854,-0.599625289440155,0.17032667994499207,0.405631959438324,-0.10267771780490875,0.0,0.0,0.0,0.0,0.0,0.0,0.0,0.040300000458955765,0.0,0.0,0.0,0.0,0.0,0.0,0.04100000113248825
1403,46.899999531,-0.06269222497940063,1.4808071851730347,-0.4426678717136383,-0.44001495838165283,0.5406506657600403,0.07452555745840073,0.0,-0.017819812521338463,1.3442176580429077,-0.6015451550483704,0.16854645311832428,0.405631959438324,-0.10267771780490875,0.0,0.0,0.0,0.0,0.0,0.0,0.0,0.03370000049471855,0.0,0.0,0.0,0.0,0.0,0.0,0.040699999779462814
1404,46.933332864,-0.06269222497940063,1.4846992492675781,-0.4426678717136383,-0.44472736120224,0.5406506657600403,0.08232717961072922,0.0,-0.017819812521338463,1.3459630012512207,-0.6015451550483704,0.16854645311832428,0.4118627905845642,-0.10267771780490875,0.0,0.0,0.0,0.0,0.0,0.0,0.0,0.026000000536441803,0.0,0.0,0.0,0.0,0.0,0.0,0.04050000011920929
1405,46.966666197,-0.06269222497940063,1.4846992492675781,-0.4426678717136383,-0.44472736120224,0.5406506657600403,0.08232717961072922,0.0,-0.017819812521338463,1.3459630012512207,-0.6015451550483704,0.16854645311832428,0.4118627905845642,-0.10267771780490875,0.0,0.0,0.0,0.0,0.0,0.0,0.0,0.026000000536441803,0.0,0.0,0.0,0.0,0.0,0.0,0.04050000011920929
1406,46.99999953,-0.06269222497940063,1.4862700700759888,-0.4426678717136383,-0.44472736120224,0.5449965000152588,0.08232717961072922,0.0,-0.017819812521338463,1.3483716249465942,-0.6015451550483704,0.16578882932662964,0.4207988679409027,-0.10267771780490875,0.0,0.0,0.0,0.0,0.0,0.0,0.0,0.016599999740719795,0.0,0.0,0.0,0.0,0.0,0.0,0.04039999842643738
1407,47.033332863,-0.06269222497940063,1.4862700700759888,-0.44425609707832336,-0.4426678717136383,0.5449965000152588,0.08335692435503006,0.0,-0.017819812521338463,1.349907398223877,-0.5966058969497681,0.1647939831018448,0.4308170676231384,-0.10458012670278549,0.0,0.0,0.0,0.0,0.0,0.0,0.0,0.008799999952316284,0.0,0.0,0.0,0.0,0.0,0.0,0.04039999842643738
1408,47.066666196,-0.06269222497940063,1.4862700700759888,-0.44425609707832336,-0.4426678717136383,0.5449965000152588,0.08335692435503006,0.0,-0.017819812521338463,1.349907398223877,-0.5966058969497681,0.1647939831018448,0.4308170676231384,-0.10458012670278549,0.0,0.0,0.0,0.0,0.0,0.0,0.0,0.008799999952316284,0.0,0.0,0.0,0.0,0.0,0.0,0.04039999842643738
1409,47.099999529,-0.06269222497940063,1.4825350046157837,-0.44636794924736023,-0.4352676570415497,0.5465498566627502,0.08548622578382492,0.0,-0.017819812521338463,1.3538519144058228,-0.5909859538078308,0.1598547101020813,0.44462263584136963,-0.10458012670278549,0.0,0.0,0.0,0.0,0.0,0.0,0.0,0.004399999976158142,0.0,0.0,0.0,0.0,0.0,0.0,0.04019999876618385
1410,47.133332862,-0.06269222497940063,1.4746286869049072,-0.44636794924736023,-0.4331209063529968,0.5487664341926575,0.08632398396730423,0.0,-0.017819812521338463,1.3538519144058228,-0.5824512839317322,0.1547059863805771,0.46357691287994385,-0.10026916861534119,0.0,0.0,0.0,0.0,0.0,0.0,0.0,0.003100000089034438,0.0,0.0,0.0,0.0,0.0,0.0,0.04019999876618385
1411,47.166666195,-0.06269222497940063,1.4746286869049072,-0.44636794924736023,-0.4331209063529968,0.5487664341926575,0.08632398396730423,0.0,-0.017819812521338463,1.3538519144058228,-0.5824512839317322,0.1547059863805771,0.46357691287994385,-0.10026916861534119,0.0,0.0,0.0,0.0,0.0,0.0,0.0,0.003100000089034438,0.0,0.0,0.0,0.0,0.0,0.0,0.04019999876618385
1412,47.199999528,-0.06269222497940063,1.467036485671997,-0.4441339373588562,-0.42737877368927,0.5567425489425659,0.08632398396730423,0.0,-0.017819812521338463,1.3555099964141846,-0.5730614066123962,0.14927801489830017,0.47108182311058044,-0.09091419726610184,0.0,0.0,0.0,0.0,0.0,0.0,0.0,0.00279999990016222,0.0,0.0,0.0,0.0,0.0,0.0,0.04010000079870224
1413,47.233332861,-0.06269222497940063,1.4586414098739624,-0.4441339373588562,-0.4219333529472351,0.5590115189552307,0.08632398396730423,0.0,-0.017819812521338463,1.3577439785003662,-0.5562887787818909,0.14074334502220154,0.48748791217803955,-0.07956956326961517,0.0,0.0,0.0,0.0,0.0,0.0,0.0,0.0027000000700354576,0.0,0.0,0.0,0.0,0.0,0.0,0.03999999910593033
1414,47.266666194,-0.06269222497940063,1.4586414098739624,-0.4441339373588562,-0.4219333529472351,0.5590115189552307,0.08632398396730423,0.0,-0.017819812521338463,1.3577439785003662,-0.5562887787818909,0.14074334502220154,0.48748791217803955,-0.07956956326961517,0.0,0.0,0.0,0.0,0.0,0.0,0.0,0.0027000000700354576,0.0,0.0,0.0,0.0,0.0,0.0,0.03999999910593033
1415,47.299999527,-0.06269222497940063,1.4417816400527954,-0.4441339373588562,-0.4219333529472351,0.5590115189552307,0.08632398396730423,0.0,-0.017819812521338463,1.3595242500305176,-0.5389053225517273,0.12445943057537079,0.49122291803359985,-0.06073745712637901,0.0,0.0,0.0,0.0,0.0,0.0,0.0,0.0027000000700354576,0.0,0.0,0.0,0.0,0.0,0.0,0.03999999910593033
1416,47.33333286,-0.06269222497940063,1.4269812107086182,-0.4424584209918976,-0.4219333529472351,0.5590115189552307,0.08632398396730423,0.0,-0.017819812521338463,1.3632417917251587,-0.52070152759552,0.11365584284067154,0.48579493165016174,-0.04029965400695801,0.0,0.0,0.0,0.0,0.0,0.0,0.0,0.0027000000700354576,0.0,0.0,0.0,0.0,0.0,0.0,0.03999999910593033
1417,47.366666193,-0.06269222497940063,1.4269812107086182,-0.4424584209918976,-0.4219333529472351,0.5590115189552307,0.08632398396730423,0.0,-0.017819812521338463,1.3632417917251587,-0.52070152759552,0.11365584284067154,0.48579493165016174,-0.04029965400695801,0.0,0.0,0.0,0.0,0.0,0.0,0.0,0.0027000000700354576,0.0,0.0,0.0,0.0,0.0,0.0,0.03999999910593033
1418,47.399999526,-0.06269222497940063,1.4117095470428467,-0.4424584209918976,-0.4219333529472351,0.5590115189552307,0.08424704521894455,0.0,-0.017819812521338463,1.3674479722976685,-0.502288281917572,0.10763445496559143,0.48345619440078735,-0.019058994948863983,0.0,0.0,0.0,0.0,0.0,0.0,0.0,0.0027000000700354576,0.0,0.0,0.0,0.0,0.0,0.0,0.04019999876618385
1419,47.433332859,-0.06269222497940063,1.399317741394043,-0.4424584209918976,-0.4219333529472351,0.5590115189552307,0.08424704521894455,0.0,-0.017819812521338463,1.3739057779312134,-0.4850793480873108,0.10580185800790787,0.4804193377494812,0.0,0.0,0.0,0.0,0.0,0.0,0.0,0.0,0.0027000000700354576,0.0,0.0,0.0,0.0,0.0,0.0,0.04089999943971634
1420,47.466666192,-0.06269222497940063,1.399317741394043,-0.4424584209918976,-0.4219333529472351,0.5590115189552307,0.08424704521894455,0.0,-0.017819812521338463,1.3739057779312134,-0.4850793480873108,0.10580185800790787,0.4804193377494812,0.0,0.0,0.0,0.0,0.0,0.0,0.0,0.0,0.0027000000700354576,0.0,0.0,0.0,0.0,0.0,0.0,0.04089999943971634
1421,47.499999525,-0.06269222497940063,1.3901197910308838,-0.4424584209918976,-0.4219333529472351,0.5615596771240234,0.08424704521894455,0.0,-0.017819812521338463,1.380677580833435,-0.47801077365875244,0.1059763953089714,0.47399652004241943,0.012217304669320583,0.0,0.0,0.0,0.0,0.0,0.0,0.0,0.0027000000700354576,0.0,0.0,0.0,0.0,0.0,0.0,0.04170000180602074
1422,47.533332858,-0.06269222497940063,1.3825451135635376,-0.4424584209918976,-0.4219333529472351,0.5595176219940186,0.08424704521894455,0.0,-0.017819812521338463,1.393784999847412,-0.4715355932712555,0.10320132225751877,0.47399652004241943,0.025307273492217064,0.0,0.0,0.0,0.0,0.0,0.0,0.0,0.0027000000700354576,0.0,0.0,0.0,0.0,0.0,0.0,0.042500000447034836
1423,47.566666191,-0.06269222497940063,1.3825451135635376,-0.4424584209918976,-0.4219333529472351,0.5595176219940186,0.08424704521894455,0.0,-0.017819812521338463,1.393784999847412,-0.4715355932712555,0.10320132225751877,0.47399652004241943,0.025307273492217064,0.0,0.0,0.0,0.0,0.0,0.0,0.0,0.0027000000700354576,0.0,0.0,0.0,0.0,0.0,0.0,0.042500000447034836
1424,47.599999524,-0.06269222497940063,1.3794559240341187,-0.4424584209918976,-0.4219333529472351,0.5613153576850891,0.0867079570889473,0.0,-0.017819812521338463,1.4049725532531738,-0.4715355932712555,0.10320132225751877,0.47624799609184265,0.034662239253520966,0.0,0.0,0.0,0.0,0.0,0.0,0.0,0.0027000000700354576,0.0,0.0,0.0,0.0,0.0,0.0,0.0430000014603138
1425,47.633332857,-0.06269222497940063,1.3778501749038696,-0.4424584209918976,-0.4219333529472351,0.5613153576850891,0.0867079570889473,0.0,-0.017819812521338463,1.4182196855545044,-0.4715355932712555,0.10063568502664566,0.47624799609184265,0.04132939502596855,0.0,0.0,0.0,0.0,0.0,0.0,0.0,0.0027000000700354576,0.0,0.0,0.0,0.0,0.0,0.0,0.04309999942779541
1426,47.66666619,-0.06269222497940063,1.3778501749038696,-0.4424584209918976,-0.4219333529472351,0.5613153576850891,0.0867079570889473,0.0,-0.017819812521338463,1.4182196855545044,-0.4715355932712555,0.10063568502664566,0.47624799609184265,0.04132939502596855,0.0,0.0,0.0,0.0,0.0,0.0,0.0,0.0027000000700354576,0.0,0.0,0.0,0.0,0.0,0.0,0.04309999942779541
1427,47.699999523,-0.06269222497940063,1.3778501749038696,-0.4424584209918976,-0.4219333529472351,0.5613153576850891,0.08866272866725922,0.0,-0.017819812521338463,1.4325138330459595,-0.4715355932712555,0.10063568502664566,0.47884854674339294,0.04536110907793045,0.0,0.0,0.0,0.0,0.0,0.0,0.0,0.0027000000700354576,0.0,0.0,0.0,0.0,0.0,0.0,0.04320000112056732
1428,47.733332856,-0.06269222497940063,1.379770040512085,-0.4424584209918976,-0.4219333529472351,0.5613153576850891,0.09152506291866302,0.0,-0.017819812521338463,1.4471397399902344,-0.4715355932712555,0.10334094613790512,0.48087310791015625,0.04796164855360985,0.0,0.0,0.0,0.0,0.0,0.0,0.0,0.0027000000700354576,0.0,0.0,0.0,0.0,0.0,0.0,0.04320000112056732
1429,47.766666189,-0.06269222497940063,1.379770040512085,-0.4424584209918976,-0.4219333529472351,0.5613153576850891,0.09152506291866302,0.0,-0.017819812521338463,1.4471397399902344,-0.4715355932712555,0.10334094613790512,0.48087310791015625,0.04796164855360985,0.0,0.0,0.0,0.0,0.0,0.0,0.0,0.0027000000700354576,0.0,0.0,0.0,0.0,0.0,0.0,0.04320000112056732
1430,47.799999522,-0.06269222497940063,1.3798398971557617,-0.4424584209918976,-0.4219333529472351,0.5613153576850891,0.09108873456716537,0.0,-0.017819812521338463,1.461678385734558,-0.4715355932712555,0.10334094613790512,0.47652724385261536,0.05146975815296173,0.0,0.0,0.0,0.0,0.0,0.0,0.0,0.0027000000700354576,0.0,0.0,0.0,0.0,0.0,0.0,0.04320000112056732
1431,47.833332855,-0.06269222497940063,1.3845173120498657,-0.4424584209918976,-0.4219333529472351,0.5613153576850891,0.09108873456716537,0.0,-0.017819812521338463,1.4756410121917725,-0.4715355932712555,0.10557496547698975,0.47431066632270813,0.05146975815296173,0.0,0.0,0.0,0.0,0.0,0.0,0.0,0.0027000000700354576,0.0,0.0,0.0,0.0,0.0,0.0,0.042899999767541885
1432,47.866666188,-0.06269222497940063,1.3845173120498657,-0.4424584209918976,-0.4219333529472351,0.5613153576850891,0.09108873456716537,0.0,-0.017819812521338463,1.4756410121917725,-0.4715355932712555,0.10557496547698975,0.47431066632270813,0.05146975815296173,0.0,0.0,0.0,0.0,0.0,0.0,0.0,0.0027000000700354576,0.0,0.0,0.0,0.0,0.0,0.0,0.042899999767541885
1433,47.899999521,-0.06269222497940063,1.3860357999801636,-0.4424584209918976,-0.41982150077819824,0.5595700144767761,0.09339256584644318,0.0,-0.017819812521338463,1.4881200790405273,-0.47336819767951965,0.11273081600666046,0.4721639156341553,0.048607420176267624,0.0,0.0,0.0,0.0,0.0,0.0,0.0,0.0027000000700354576,0.0,0.0,0.0,0.0,0.0,0.0,0.042500000447034836
1434,47.933332854,-0.06269222497940063,1.3872400522232056,-0.4424584209918976,-0.41982150077819824,0.5595700144767761,0.09339256584644318,0.0,-0.017819812521338463,1.502937912940979,-0.47336819767951965,0.12150982022285461,0.4703487753868103,0.04167846217751503,0.0,0.0,0.0,0.0,0.0,0.0,0.0,0.0027000000700354576,0.0,0.0,0.0,0.0,0.0,0.0,0.04129999876022339
1435,47.966666187,-0.06269222497940063,1.3872400522232056,-0.4424584209918976,-0.41982150077819824,0.5595700144767761,0.09339256584644318,0.0,-0.017819812521338463,1.502937912940979,-0.47336819767951965,0.12150982022285461,0.4703487753868103,0.04167846217751503,0.0,0.0,0.0,0.0,0.0,0.0,0.0,0.0027000000700354576,0.0,0.0,0.0,0.0,0.0,0.0,0.04129999876022339
1436,47.99999952,-0.06269222497940063,1.3886712789535522,-0.4424584209918976,-0.41982150077819824,0.5595700144767761,0.09491100162267685,0.0,-0.017819812521338463,1.5119961500167847,-0.47336819767951965,0.12716469168663025,0.4703487753868103,0.03728023171424866,0.0,0.0,0.0,0.0,0.0,0.0,0.0,0.0027000000700354576,0.0,0.0,0.0,0.0,0.0,0.0,0.03959999978542328
1437,48.033332853,-0.06269222497940063,1.3909401893615723,-0.4424584209918976,-0.4179539978504181,0.5566204190254211,0.09491100162267685,0.0,-0.017819812521338463,1.5189775228500366,-0.4752705991268158,0.13775883615016937,0.47226864099502563,0.029827676713466644,0.0,0.0,0.0,0.0,0.0,0.0,0.0,0.0027000000700354576,0.0,0.0,0.0,0.0,0.0,0.0,0.035599999129772186
1438,48.066666186,-0.06269222497940063,1.3909401893615723,-0.4424584209918976,-0.4179539978504181,0.5566204190254211,0.09491100162267685,0.0,-0.017819812521338463,1.5189775228500366,-0.4752705991268158,0.13775883615016937,0.47226864099502563,0.029827676713466644,0.0,0.0,0.0,0.0,0.0,0.0,0.0,0.0027000000700354576,0.0,0.0,0.0,0.0,0.0,0.0,0.035599999129772186
1439,48.099999519,-0.06269222497940063,1.3909401893615723,-0.4424584209918976,-0.4179539978504181,0.556602954864502,0.09491100162267685,0.0,-0.017819812521338463,1.5187506675720215,-0.4752705991268158,0.1445830762386322,0.47226864099502563,0.024486970156431198,0.0,0.0,0.0,0.0,0.0,0.0,0.0,0.0027000000700354576,0.0,0.0,0.0,0.0,0.0,0.0,0.030700000002980232
1440,48.133332852,-0.06269222497940063,1.3909401893615723,-0.4424584209918976,-0.41608649492263794,0.5590463876724243,0.09491100162267685,0.0,-0.017819812521338463,1.5230964422225952,-0.4752705991268158,0.14845770597457886,0.47226864099502563,0.018971728160977364,0.0,0.0,0.0,0.0,0.0,0.0,0.0,0.0027000000700354576,0.0,0.0,0.0,0.0,0.0,0.0,0.023000000044703484
1441,48.166666185,-0.06269222497940063,1.3909401893615723,-0.4424584209918976,-0.41608649492263794,0.5590463876724243,0.09491100162267685,0.0,-0.017819812521338463,1.5230964422225952,-0.4752705991268158,0.14845770597457886,0.47226864099502563,0.018971728160977364,0.0,0.0,0.0,0.0,0.0,0.0,0.0,0.0027000000700354576,0.0,0.0,0.0,0.0,0.0,0.0,0.023000000044703484
1442,48.199999518,-0.06269222497940063,1.3909401893615723,-0.4424584209918976,-0.41608649492263794,0.5570392608642578,0.09491100162267685,0.0,-0.017819812521338463,1.5231313705444336,-0.4752705991268158,0.1509011685848236,0.47226864099502563,0.013299409300088882,0.0,0.0,0.0,0.0,0.0,0.0,0.0,0.0027000000700354576,0.0,0.0,0.0,0.0,0.0,0.0,0.01510000042617321
1443,48.233332851,-0.06269222497940063,1.3909401893615723,-0.4400847852230072,-0.41259583830833435,0.5570392608642578,0.09491100162267685,0.0,-0.017819812521338463,1.5209671258926392,-0.4752705991268158,0.15330971777439117,0.4767192304134369,0.011082841083407402,0.0,0.0,0.0,0.0,0.0,0.0,0.0,0.0027000000700354576,0.0,0.0,0.0,0.0,0.0,0.0,0.006899999920278788
1444,48.266666184,-0.06269222497940063,1.3909401893615723,-0.4400847852230072,-0.41259583830833435,0.5570392608642578,0.09491100162267685,0.0,-0.017819812521338463,1.5209671258926392,-0.4752705991268158,0.15330971777439117,0.4767192304134369,0.011082841083407402,0.0,0.0,0.0,0.0,0.0,0.0,0.0,0.0027000000700354576,0.0,0.0,0.0,0.0,0.0,0.0,0.006899999920278788
1445,48.299999517,-0.06269222497940063,1.3887759447097778,-0.4426155090332031,-0.4121944010257721,0.5591511130332947,0.09251990169286728,0.0,-0.017819812521338463,1.5120834112167358,-0.47795841097831726,0.15330971777439117,0.482217013835907,0.00753982225432992,0.0,0.0,0.0,0.0,0.0,0.0,0.0,0.0027000000700354576,0.0,0.0,0.0,0.0,0.0,0.0,0.002899999963119626
1446,48.33333285,-0.06269222497940063,1.3836970329284668,-0.4469788074493408,-0.4060857594013214,0.5591511130332947,0.09251990169286728,0.0,-0.017819812521338463,1.4990109205245972,-0.4830198585987091,0.15098842978477478,0.4911007583141327,0.0,0.0,0.0,0.0,0.0,0.0,0.0,0.0,0.0027000000700354576,0.0,0.0,0.0,0.0,0.0,0.0,0.001500000013038516
1447,48.366666183,-0.06269222497940063,1.3836970329284668,-0.4469788074493408,-0.4060857594013214,0.5591511130332947,0.09251990169286728,0.0,-0.017819812521338463,1.4990109205245972,-0.4830198585987091,0.15098842978477478,0.4911007583141327,0.0,0.0,0.0,0.0,0.0,0.0,0.0,0.0,0.0027000000700354576,0.0,0.0,0.0,0.0,0.0,0.0,0.001500000013038516
1448,48.399999516,-0.06269222497940063,1.3735042810440063,-0.4567875862121582,-0.4021238684654236,0.5645791292190552,0.09251990169286728,0.0,-0.01979203335940838,1.4782763719558716,-0.48946014046669006,0.14596188068389893,0.5016599893569946,0.0,0.0,0.0,0.0,0.0,0.0,0.0,0.0,0.0027000000700354576,0.0,0.0,0.0,0.0,0.0,0.0,0.0012000000569969416
1449,48.433332849,-0.06269222497940063,1.3735042810440063,-0.4567875862121582,-0.4021238684654236,0.5645791292190552,0.09251990169286728,0.0,-0.01979203335940838,1.4463717937469482,-0.505918562412262,0.1411622315645218,0.4988150894641876,0.0,0.0,0.0,0.0,0.0,0.0,0.0,0.0,0.0027000000700354576,0.0,0.0,0.0,0.0,0.0,0.0,0.0012000000569969416
1450,48.466666182,-0.06269222497940063,1.361444115638733,-0.47431066632270813,-0.3977430760860443,0.5641776919364929,0.0904429629445076,0.0,-0.01979203335940838,1.4463717937469482,-0.505918562412262,0.1411622315645218,0.4988150894641876,0.0,0.0,0.0,0.0,0.0,0.0,0.0,0.0,0.0027000000700354576,0.0,0.0,0.0,0.0,0.0,0.0,0.0012000000569969416
1451,48.499999515,-0.06269222497940063,1.3504310846328735,-0.49319514632225037,-0.39275145530700684,0.5641776919364929,0.08431685715913773,0.0,-0.01979203335940838,1.4153398275375366,-0.5228483080863953,0.13644984364509583,0.5012410879135132,0.0,0.0,0.0,0.0,0.0,0.0,0.0,0.0,0.0027000000700354576,0.0,0.0,0.0,0.0,0.0,0.0,0.0012000000569969416
1452,48.533332848,-0.06269222497940063,1.3504310846328735,-0.49319514632225037,-0.39275145530700684,0.5641776919364929,0.08431685715913773,0.0,-0.01979203335940838,1.383243203163147,-0.5421516299247742,0.13412855565547943,0.5046619772911072,0.0,0.0,0.0,0.0,0.0,0.0,0.0,0.0,0.0027000000700354576,0.0,0.0,0.0,0.0,0.0,0.0,0.0012000000569969416
1453,48.566666181,-0.06075491011142731,1.3354910612106323,-0.5159367918968201,-0.38788196444511414,0.5641776919364929,0.08161159604787827,0.0,-0.01979203335940838,1.383243203163147,-0.5421516299247742,0.13412855565547943,0.5046619772911072,0.0,0.0,0.0,0.0,0.0,0.0,0.0,0.0,0.0027000000700354576,0.0,0.0,0.0,0.0,0.0,0.0,0.0012000000569969416
1454,48.599999514,-0.06075491011142731,1.3257521390914917,-0.5419771075248718,-0.3792774975299835,0.5606870055198669,0.07642796635627747,0.0,-0.01979203335940838,1.3542882204055786,-0.5663593411445618,0.13000957667827606,0.504033625125885,0.0,0.0,0.0,0.0,0.0,0.0,0.0,0.0,0.0027000000700354576,0.0,0.0,0.0,0.0,0.0,0.0,0.0012000000569969416
1455,48.633332847,-0.06075491011142731,1.3257521390914917,-0.5419771075248718,-0.3792774975299835,0.5606870055198669,0.07642796635627747,0.0,-0.01979203335940838,1.3310405015945435,-0.5988573431968689,0.13000957667827606,0.5014330744743347,-0.005427973810583353,0.0,0.0,0.0,0.0,0.0,0.0,0.0,0.0027000000700354576,0.0,0.0,0.0,0.0,0.0,0.0,0.0012000000569969416
1456,48.66666618,-0.05695009231567383,1.3194165229797363,-0.5712288022041321,-0.3744603991508484,0.5535486340522766,0.07093018293380737,0.0,-0.01979203335940838,1.3310405015945435,-0.5988573431968689,0.13000957667827606,0.5014330744743347,-0.005427973810583353,0.0,0.0,0.0,0.0,0.0,0.0,0.0,0.0027000000700354576,0.0,0.0,0.0,0.0,0.0,0.0,0.0012000000569969416
1457,48.699999513,-0.05537929758429527,1.319783091545105,-0.6006899476051331,-0.3700970709323883,0.5409822463989258,0.06361725181341171,0.0,-0.01979203335940838,1.320690631866455,-0.6281788945198059,0.12685053050518036,0.5038591027259827,0.0,0.0,0.0,0.0,0.0,0.0,0.0,0.0,0.0027000000700354576,0.0,0.0,0.0,0.0,0.0,0.0,0.0012000000569969416
1458,48.733332846,-0.05537929758429527,1.319783091545105,-0.6006899476051331,-0.3700970709323883,0.5409822463989258,0.06361725181341171,0.0,-0.01979203335940838,1.320690631866455,-0.6281788945198059,0.12685053050518036,0.5038591027259827,0.0,0.0,0.0,0.0,0.0,0.0,0.0,0.0,0.0027000000700354576,0.0,0.0,0.0,0.0,0.0,0.0,0.0012000000569969416
1459,48.766666179,-0.05028293654322624,1.3250190019607544,-0.6310237646102905,-0.3676012456417084,0.5226737260818481,0.05665338784456253,0.0,-0.01979203335940838,1.3213539123535156,-0.6623175740242004,0.12276645749807358,0.49521970748901367,-0.005393067374825478,0.0,0.0,0.0,0.0,0.0,0.0,0.0,0.0027000000700354576,0.0,0.0,0.0,0.0,0.0,0.0,0.0012000000569969416
1460,48.799999512,-0.044052109122276306,1.3357354402542114,-0.6648133397102356,-0.3611609935760498,0.5067389011383057,0.05160938575863838,0.0,-0.02183406986296177,1.3354387283325195,-0.6961944103240967,0.12308061867952347,0.49066442251205444,-0.008133234456181526,0.0,0.0,0.0,0.0,0.0,0.0,0.0,0.0027000000700354576,0.0,0.0,0.0,0.0,0.0,0.0,0.0012000000569969416
1461,48.833332845,-0.044052109122276306,1.3357354402542114,-0.6648133397102356,-0.3611609935760498,0.5067389011383057,0.05160938575863838,0.0,-0.02183406986296177,1.3354387283325195,-0.6961944103240967,0.12308061867952347,0.49066442251205444,-0.008133234456181526,0.0,0.0,0.0,0.0,0.0,0.0,0.0,0.0027000000700354576,0.0,0.0,0.0,0.0,0.0,0.0,0.0012000000569969416
1462,48.866666178,-0.0388859361410141,1.3494013547897339,-0.6944665312767029,-0.35903167724609375,0.4867897927761078,0.045291293412446976,0.0,-0.02183406986296177,1.3609204292297363,-0.7324099540710449,0.12006119638681412,0.4777838885784149,-0.011920598335564137,0.0,0.0,0.0,0.0,0.0,0.0,0.0,0.0027000000700354576,0.0,0.0,0.0,0.0,0.0,0.0,0.0012000000569969416
1463,48.899999511,-0.03378957509994507,1.369472622871399,-0.7224092483520508,-0.35697218775749207,0.4705756604671478,0.03827507048845291,0.0,-0.02183406986296177,1.3883745670318604,-0.7667929530143738,0.11817624419927597,0.4778013229370117,-0.014556045643985271,0.0,0.0,0.0,0.0,0.0,0.0,0.0,0.0027000000700354576,0.0,0.0,0.0,0.0,0.0,0.0,0.0012000000569969416
1464,48.933332844,-0.03378957509994507,1.369472622871399,-0.7224092483520508,-0.35697218775749207,0.4705756604671478,0.03827507048845291,0.0,-0.02183406986296177,1.3883745670318604,-0.7667929530143738,0.11817624419927597,0.4778013229370117,-0.014556045643985271,0.0,0.0,0.0,0.0,0.0,0.0,0.0,0.0027000000700354576,0.0,0.0,0.0,0.0,0.0,0.0,0.0012000000569969416
1465,48.966666177,-0.025935592129826546,1.3895962238311768,-0.7511024475097656,-0.3549126982688904,0.45121997594833374,0.035639625042676926,0.0,-0.02183406986296177,1.4167011976242065,-0.8109672665596008,0.11828096210956573,0.47015678882598877,-0.021153390407562256,0.0,0.0,0.0,0.0,0.0,0.0,0.0,0.0027000000700354576,0.0,0.0,0.0,0.0,0.0,0.0,0.0012000000569969416
1466,48.99999951,-0.02188642881810665,1.4118666648864746,-0.7796909213066101,-0.3549126982688904,0.43242278695106506,0.030944688245654106,0.0,-0.02183406986296177,1.4477680921554565,-0.8502371311187744,0.11828096210956573,0.46647414565086365,-0.02307325229048729,0.0,0.0,0.0,0.0,0.0,0.0,0.0,0.0027000000700354576,0.0,0.0,0.0,0.0,0.0,0.0,0.0012000000569969416
1467,49.033332843,-0.02188642881810665,1.4118666648864746,-0.7796909213066101,-0.3549126982688904,0.43242278695106506,0.030944688245654106,0.0,-0.02183406986296177,1.4477680921554565,-0.8502371311187744,0.11828096210956573,0.46647414565086365,-0.02307325229048729,0.0,0.0,0.0,0.0,0.0,0.0,0.0,0.0027000000700354576,0.0,0.0,0.0,0.0,0.0,0.0,0.0012000000569969416
1468,49.066666176,-0.01736602559685707,1.4384479522705078,-0.8075115084648132,-0.3530626595020294,0.41345104575157166,0.030944688245654106,0.0,-0.02183406986296177,1.4880154132843018,-0.8902750015258789,0.11828096210956573,0.4635070860385895,-0.03070034086704254,0.0,0.0,0.0,0.0,0.0,0.0,0.0,0.0027000000700354576,0.0,0.0,0.0,0.0,0.0,0.0,0.0012000000569969416
1469,49.099999509,-0.013072515837848186,1.4683105945587158,-0.8366235494613647,-0.35327208042144775,0.40421825647354126,0.02871066704392433,0.0,-0.023753931745886803,1.5267442464828491,-0.932703971862793,0.12065461277961731,0.46642178297042847,-0.0325503908097744,0.0,0.0,0.0,0.0,0.0,0.0,0.0,0.0027000000700354576,0.0,0.0,0.0,0.0,0.0,0.0,0.0010000000474974513
1470,49.133332842,-0.013072515837848186,1.4683105945587158,-0.8366235494613647,-0.35327208042144775,0.40421825647354126,0.02871066704392433,0.0,-0.023753931745886803,1.5267442464828491,-0.932703971862793,0.12065461277961731,0.46642178297042847,-0.0325503908097744,0.0,0.0,0.0,0.0,0.0,0.0,0.0,0.0027000000700354576,0.0,0.0,0.0,0.0,0.0,0.0,0.0010000000474974513
1471,49.166666175,-0.008569566532969475,1.5006515979766846,-0.8728042244911194,-0.35093334317207336,0.3902905285358429,0.02871066704392433,0.0,-0.023753931745886803,1.5676896572113037,-0.9770527482032776,0.12065461277961731,0.4614824950695038,-0.03675663471221924,0.0,0.0,0.0,0.0,0.0,0.0,0.0,0.0027000000700354576,0.0,0.0,0.0,0.0,0.0,0.0,0.0010999999940395355
1472,49.199999508,-0.006492624990642071,1.535051941871643,-0.9050230383872986,-0.34866443276405334,0.38611918687820435,0.02871066704392433,0.0,-0.025673793628811836,1.6110261678695679,-1.021698236465454,0.12065461277961731,0.46699774265289307,-0.04145156964659691,0.0,0.0,0.0,0.0,0.0,0.0,0.0,0.0027000000700354576,0.0,0.0,0.0,0.0,0.0,0.0,0.0010999999940395355
1473,49.233332841,-0.006492624990642071,1.535051941871643,-0.9050230383872986,-0.34866443276405334,0.38611918687820435,0.02871066704392433,0.0,-0.025673793628811836,1.6110261678695679,-1.021698236465454,0.12065461277961731,0.46699774265289307,-0.04145156964659691,0.0,0.0,0.0,0.0,0.0,0.0,0.0,0.0027000000700354576,0.0,0.0,0.0,0.0,0.0,0.0,0.0010999999940395355
1474,49.266666174,-0.002949606394395232,1.5785106420516968,-0.9401739835739136,-0.34611624479293823,0.38556069135665894,0.02871066704392433,0.0,-0.025673793628811836,1.6559334993362427,-1.0684207677841187,0.11828096210956573,0.46905723214149475,-0.04372049868106842,0.0,0.0,0.0,0.0,0.0,0.0,0.0,0.0027000000700354576,0.0,0.0,0.0,0.0,0.0,0.0,0.0010999999940395355
1475,49.299999507,-0.002460914198309183,1.6173616647720337,-0.9752376079559326,-0.3435680568218231,0.3838502764701843,0.030543262138962746,0.0,-0.025673793628811836,1.7074381113052368,-1.1214438676834106,0.11828096210956573,0.4740488827228546,-0.046792276203632355,0.0,0.0,0.0,0.0,0.0,0.0,0.0,0.0027000000700354576,0.0,0.0,0.0,0.0,0.0,0.0,0.0010999999940395355
1476,49.33333284,-0.002460914198309183,1.6173616647720337,-0.9752376079559326,-0.3435680568218231,0.3838502764701843,0.030543262138962746,0.0,-0.025673793628811836,1.7074381113052368,-1.1214438676834106,0.11828096210956573,0.4740488827228546,-0.046792276203632355,0.0,0.0,0.0,0.0,0.0,0.0,0.0,0.0027000000700354576,0.0,0.0,0.0,0.0,0.0,0.0,0.0010999999940395355
1477,49.366666173,-0.002460914198309183,1.6580278873443604,-1.0121513605117798,-0.34180527925491333,0.3838502764701843,0.03378957509994507,0.0,-0.027314402163028717,1.753584623336792,-1.1688469648361206,0.11828096210956573,0.47945940494537354,-0.04942772537469864,0.0,0.0,0.0,0.0,0.0,0.0,0.0,0.0027000000700354576,0.0,0.0,0.0,0.0,0.0,0.0,0.0010999999940395355
1478,49.399999506,0.0,1.6983449459075928,-1.0483494997024536,-0.33714523911476135,0.3838502764701843,0.035238198935985565,0.0,-0.027960173785686493,1.7991726398468018,-1.2220970392227173,0.11828096210956573,0.47919759154319763,-0.052063170820474625,0.0,0.0,0.0,0.0,0.0,0.0,0.0,0.0027000000700354576,0.0,0.0,0.0,0.0,0.0,0.0,0.0010999999940395355
1479,49.433332839,0.0,1.6983449459075928,-1.0483494997024536,-0.33714523911476135,0.3838502764701843,0.035238198935985565,0.0,-0.027960173785686493,1.7991726398468018,-1.2220970392227173,0.11828096210956573,0.47919759154319763,-0.052063170820474625,0.0,0.0,0.0,0.0,0.0,0.0,0.0,0.0027000000700354576,0.0,0.0,0.0,0.0,0.0,0.0,0.0010999999940395355
1480,49.466666172,0.00045378561480902135,1.7444041967391968,-1.0870434045791626,-0.3352254033088684,0.381319522857666,0.03755948692560196,0.0,-0.02963569015264511,1.8447257280349731,-1.264857530593872,0.11555825173854828,0.4818330407142639,-0.05305800959467888,0.0,0.0,0.0,0.0,0.0,0.0,0.0,0.0027000000700354576,0.0,0.0,0.0,0.0,0.0,0.0,0.0010999999940395355
1481,49.499999505,0.00045378561480902135,1.783586859703064,-1.1173946857452393,-0.33313098549842834,0.37400659918785095,0.03954916074872017,0.0,-0.02963569015264511,1.8944851160049438,-1.309084177017212,0.11555825173854828,0.47977355122566223,-0.054593898355960846,0.0,0.0,0.0,0.0,0.0,0.0,0.0,0.0027000000700354576,0.0,0.0,0.0,0.0,0.0,0.0,0.0010999999940395355
1482,49.533332838,0.00045378561480902135,1.783586859703064,-1.1173946857452393,-0.33313098549842834,0.37400659918785095,0.03954916074872017,0.0,-0.02963569015264511,1.8944851160049438,-1.309084177017212,0.11555825173854828,0.47977355122566223,-0.054593898355960846,0.0,0.0,0.0,0.0,0.0,0.0,0.0,0.0027000000700354576,0.0,0.0,0.0,0.0,0.0,0.0,0.0010999999940395355
1483,49.566666171,0.00045378561480902135,1.821076512336731,-1.1467336416244507,-0.33313098549842834,0.37102210521698,0.042097341269254684,0.0,-0.02963569015264511,1.9370362758636475,-1.3480749130249023,0.11555825173854828,0.48031461238861084,-0.05562364310026169,0.0,0.0,0.0,0.0,0.0,0.0,0.0,0.0027000000700354576,0.0,0.0,0.0,0.0,0.0,0.0,0.0010999999940395355
1484,49.599999504,0.00045378561480902135,1.855180263519287,-1.1650770902633667,-0.3297450542449951,0.3648785352706909,0.044226642698049545,0.0,-0.02963569015264511,1.9764981269836426,-1.3819692134857178,0.11555825173854828,0.4779060482978821,-0.05562364310026169,0.0,0.0,0.0,0.0,0.0,0.0,0.0,0.0027000000700354576,0.0,0.0,0.0,0.0,0.0,0.0,0.0010999999940395355
1485,49.633332837,0.00045378561480902135,1.855180263519287,-1.1650770902633667,-0.3297450542449951,0.3648785352706909,0.044226642698049545,0.0,-0.02963569015264511,1.9764981269836426,-1.3819692134857178,0.11555825173854828,0.4779060482978821,-0.05562364310026169,0.0,0.0,0.0,0.0,0.0,0.0,0.0,0.0027000000700354576,0.0,0.0,0.0,0.0,0.0,0.0,0.0010999999940395355
1486,49.66666617,0.00045378561480902135,1.8908722400665283,-1.1780273914337158,-0.3297450542449951,0.35955527424812317,0.044226642698049545,0.0,-0.02963569015264511,2.013272285461426,-1.4111684560775757,0.11555825173854828,0.4779060482978821,-0.05562364310026169,0.0,0.0,0.0,0.0,0.0,0.0,0.0,0.0027000000700354576,0.0,0.0,0.0,0.0,0.0,0.0,0.0010999999940395355
1487,49.699999503,0.00045378561480902135,1.9175233840942383,-1.182286024093628,-0.3297450542449951,0.35468581318855286,0.044226642698049545,0.0,-0.02963569015264511,2.045072078704834,-1.4357078075408936,0.11555825173854828,0.4738394320011139,-0.05562364310026169,0.0,0.0,0.0,0.0,0.0,0.0,0.0,0.0027000000700354576,0.0,0.0,0.0,0.0,0.0,0.0,0.0010999999940395355
1488,49.733332836,0.00045378561480902135,1.9175233840942383,-1.182286024093628,-0.3297450542449951,0.35468581318855286,0.044226642698049545,0.0,-0.02963569015264511,2.045072078704834,-1.4357078075408936,0.11555825173854828,0.4738394320011139,-0.05562364310026169,0.0,0.0,0.0,0.0,0.0,0.0,0.0,0.0027000000700354576,0.0,0.0,0.0,0.0,0.0,0.0,0.0010999999940395355
1489,49.766666169,0.00045378561480902135,1.9411901235580444,-1.1842232942581177,-0.3274063169956207,0.34953707456588745,0.04689699783921242,0.0,-0.02963569015264511,2.0740795135498047,-1.4499322175979614,0.11555825173854828,0.4738394320011139,-0.05562364310026169,0.0,0.0,0.0,0.0,0.0,0.0,0.0,0.0027000000700354576,0.0,0.0,0.0,0.0,0.0,0.0,0.0010999999940395355
1490,49.799999502,0.00045378561480902135,1.9605633020401,-1.18654465675354,-0.3274063169956207,0.3441440165042877,0.04689699783921242,0.0,-0.02754129469394684,2.0982871055603027,-1.454609751701355,0.11555825173854828,0.4738394320011139,-0.05562364310026169,0.0,0.0,0.0,0.0,0.0,0.0,0.0,0.0027000000700354576,0.0,0.0,0.0,0.0,0.0,0.0,0.0010999999940395355
1491,49.833332835,0.00045378561480902135,1.9605633020401,-1.18654465675354,-0.3274063169956207,0.3441440165042877,0.04689699783921242,0.0,-0.02754129469394684,2.0982871055603027,-1.454609751701355,0.11555825173854828,0.4738394320011139,-0.05562364310026169,0.0,0.0,0.0,0.0,0.0,0.0,0.0,0.0027000000700354576,0.0,0.0,0.0,0.0,0.0,0.0,0.0010999999940395355
1492,49.866666168,0.002251474652439356,1.9745956659317017,-1.1881502866744995,-0.32567843794822693,0.3373197913169861,0.04689699783921242,0.0,-0.02754129469394684,2.113035202026367,-1.4554649591445923,0.11761774122714996,0.46959829330444336,-0.05562364310026169,0.0,0.0,0.0,0.0,0.0,0.0,0.0,0.00279999990016222,0.0,0.0,0.0,0.0,0.0,0.0,0.0010999999940395355
1493,49.899999501,0.002251474652439356,1.9840728044509888,-1.1887263059616089,-0.3236887753009796,0.33252012729644775,0.04689699783921242,0.0,-0.02754129469394684,2.119859457015991,-1.4554649591445923,0.11761774122714996,0.46956339478492737,-0.05562364310026169,0.0,0.0,0.0,0.0,0.0,0.0,0.0,0.003000000026077032,0.0,0.0,0.0,0.0,0.0,0.0,0.0010999999940395355
1494,49.933332834,0.002251474652439356,1.9840728044509888,-1.1887263059616089,-0.3236887753009796,0.33252012729644775,0.04689699783921242,0.0,-0.02754129469394684,2.119859457015991,-1.4554649591445923,0.11761774122714996,0.46956339478492737,-0.05562364310026169,0.0,0.0,0.0,0.0,0.0,0.0,0.0,0.003000000026077032,0.0,0.0,0.0,0.0,0.0,0.0,0.0010999999940395355
1495,49.966666167,0.002251474652439356,1.9916126728057861,-1.1903843879699707,-0.3236887753009796,0.32702234387397766,0.04689699783921242,0.0,-0.02577851340174675,2.121744394302368,-1.4554649591445923,0.11761774122714996,0.46956339478492737,-0.057211894541978836,0.0,0.0,0.0,0.0,0.0,0.0,0.0,0.004699999932199717,0.0,0.0,0.0,0.0,0.0,0.0,0.00139999995008111
1496,49.9999995,0.002251474652439356,1.993933916091919,-1.1923565864562988,-0.3236887753009796,0.31901127099990845,0.04689699783921242,0.0,-0.026249751448631287,2.1174509525299072,-1.4554649591445923,0.11761774122714996,0.46727699041366577,-0.057211894541978836,0.0,0.0,0.0,0.0,0.0,0.0,0.0,0.008999999612569809,0.0,0.0,0.0,0.0,0.0,0.0,0.004000000189989805
1497,50.033332833,0.002251474652439356,1.993933916091919,-1.1923565864562988,-0.3236887753009796,0.31901127099990845,0.04689699783921242,0.0,-0.026249751448631287,2.1174509525299072,-1.4554649591445923,0.11761774122714996,0.46727699041366577,-0.057211894541978836,0.0,0.0,0.0,0.0,0.0,0.0,0.0,0.008999999612569809,0.0,0.0,0.0,0.0,0.0,0.0,0.004000000189989805
1498,50.066666166,0.004031710792332888,1.993933916091919,-1.1923565864562988,-0.3236887753009796,0.31211721897125244,0.04689699783921242,0.0,-0.026249751448631287,2.1130003929138184,-1.4554649591445923,0.11761774122714996,0.46727699041366577,-0.059952061623334885,0.0,0.0,0.0,0.0,0.0,0.0,0.0,0.015799999237060547,0.0,0.0,0.0,0.0,0.0,0.0,0.010599999688565731
1499,50.099999499,0.004031710792332888,1.993933916091919,-1.194328784942627,-0.32606241106987,0.3070383071899414,0.04420918971300125,0.0,-0.026249751448631287,2.10797381401062,-1.4554649591445923,0.11761774122714996,0.4758640229701996,-0.059952061623334885,0.0,0.0,0.0,0.0,0.0,0.0,0.0,0.023499999195337296,0.0,0.0,0.0,0.0,0.0,0.0,0.01940000057220459
1500,50.133332832,0.004031710792332888,1.993933916091919,-1.194328784942627,-0.32606241106987,0.3070383071899414,0.04420918971300125,0.0,-0.026249751448631287,2.10797381401062,-1.4554649591445923,0.11761774122714996,0.4758640229701996,-0.059952061623334885,0.0,0.0,0.0,0.0,0.0,0.0,0.0,0.023499999195337296,0.0,0.0,0.0,0.0,0.0,0.0,0.01940000057220459
1501,50.166666165,0.006143558770418167,1.9844743013381958,-1.1984652280807495,-0.32606241106987,0.3090105354785919,0.04057890549302101,0.0,-0.026249751448631287,2.094761610031128,-1.4554649591445923,0.1215272769331932,0.48607420921325684,-0.059952061623334885,0.0,0.0,0.0,0.0,0.0,0.0,0.0,0.033399999141693115,0.0,0.0,0.0,0.0,0.0,0.0,0.029500000178813934
1502,50.199999498,0.006143558770418167,1.9735136032104492,-1.2012403011322021,-0.32606241106987,0.3112794756889343,0.03850196301937103,0.0,-0.026249751448631287,2.078512668609619,-1.4554649591445923,0.11936306953430176,0.5024802684783936,-0.059952061623334885,0.0,0.0,0.0,0.0,0.0,0.0,0.0,0.04010000079870224,0.0,0.0,0.0,0.0,0.0,0.0,0.0364999994635582
1503,50.233332831,0.006143558770418167,1.9735136032104492,-1.2012403011322021,-0.32606241106987,0.3112794756889343,0.03850196301937103,0.0,-0.026249751448631287,2.078512668609619,-1.4554649591445923,0.11936306953430176,0.5024802684783936,-0.059952061623334885,0.0,0.0,0.0,0.0,0.0,0.0,0.0,0.04010000079870224,0.0,0.0,0.0,0.0,0.0,0.0,0.0364999994635582
1504,50.266666164,0.008604473434388638,1.9628146886825562,-1.2012403011322021,-0.3240203857421875,0.32447415590286255,0.04098033159971237,0.0,-0.026249751448631287,2.060605525970459,-1.457035779953003,0.1212480217218399,0.5157622694969177,-0.059952061623334885,0.0,0.0,0.0,0.0,0.0,0.0,0.0,0.045499999076128006,0.0,0.0,0.0,0.0,0.0,0.0,0.03970000147819519
1505,50.299999497,0.008604473434388638,1.9628146886825562,-1.2012403011322021,-0.3240203857421875,0.32447415590286255,0.04098033159971237,0.0,-0.025359634310007095,2.038771390914917,-1.457035779953003,0.1212480217218399,0.5313829183578491,-0.0625176951289177,0.0,0.0,0.0,0.0,0.0,0.0,0.0,0.045499999076128006,0.0,0.0,0.0,0.0,0.0,0.0,0.041200000792741776
1506,50.33333283,0.010105456225574017,1.9583641290664673,-1.2012403011322021,-0.3240203857421875,0.33822736144065857,0.04098033159971237,0.0,-0.025359634310007095,2.038771390914917,-1.457035779953003,0.1212480217218399,0.5313829183578491,-0.0625176951289177,0.0,0.0,0.0,0.0,0.0,0.0,0.0,0.049800001084804535,0.0,0.0,0.0,0.0,0.0,0.0,0.041200000792741776
1507,50.366666163,0.012601276859641075,1.9541579484939575,-1.2012403011322021,-0.3240203857421875,0.35896188020706177,0.04098033159971237,0.0,-0.023841196671128273,2.0175483226776123,-1.4577513933181763,0.12334241718053818,0.5386609435081482,-0.06401867419481277,0.0,0.0,0.0,0.0,0.0,0.0,0.0,0.05299999937415123,0.0,0.0,0.0,0.0,0.0,0.0,0.04170000180602074
1508,50.399999496,0.012601276859641075,1.9541579484939575,-1.2012403011322021,-0.3240203857421875,0.35896188020706177,0.04098033159971237,0.0,-0.023841196671128273,1.997511863708496,-1.4593396186828613,0.12826424837112427,0.5412440299987793,-0.06401867419481277,0.0,0.0,0.0,0.0,0.0,0.0,0.0,0.05299999937415123,0.0,0.0,0.0,0.0,0.0,0.0,0.04179999977350235
1509,50.433332829,0.012601276859641075,1.962744951248169,-1.1989015340805054,-0.3258529603481293,0.3680375814437866,0.04098033159971237,0.0,-0.023841196671128273,1.997511863708496,-1.4593396186828613,0.12826424837112427,0.5412440299987793,-0.06401867419481277,0.0,0.0,0.0,0.0,0.0,0.0,0.0,0.05649999901652336,0.0,0.0,0.0,0.0,0.0,0.0,0.04179999977350235
1510,50.466666162,0.012601276859641075,1.9767425060272217,-1.1970515251159668,-0.3283313512802124,0.3850545287132263,0.04098033159971237,0.0,-0.023841196671128273,1.9811755418777466,-1.4593396186828613,0.12826424837112427,0.5438271164894104,-0.06401867419481277,0.0,0.0,0.0,0.0,0.0,0.0,0.0,0.059300001710653305,0.0,0.0,0.0,0.0,0.0,0.0,0.04179999977350235
1511,50.499999495,0.012601276859641075,1.9767425060272217,-1.1970515251159668,-0.3283313512802124,0.3850545287132263,0.04098033159971237,0.0,-0.023841196671128273,1.9722918272018433,-1.4593396186828613,0.13224360346794128,0.548277735710144,-0.06157521530985832,0.0,0.0,0.0,0.0,0.0,0.0,0.0,0.059300001710653305,0.0,0.0,0.0,0.0,0.0,0.0,0.04179999977350235
1512,50.533332828,0.012601276859641075,1.991089105606079,-1.1953411102294922,-0.3330088257789612,0.3876201808452606,0.04098033159971237,0.0,-0.023841196671128273,1.9722918272018433,-1.4593396186828613,0.13224360346794128,0.548277735710144,-0.06157521530985832,0.0,0.0,0.0,0.0,0.0,0.0,0.0,0.06129999831318855,0.0,0.0,0.0,0.0,0.0,0.0,0.04179999977350235
1513,50.566666161,0.008325220085680485,2.007093667984009,-1.1953411102294922,-0.33944907784461975,0.3871838450431824,0.04265584796667099,0.0,-0.023841196671128273,1.9666893482208252,-1.457576870918274,0.1351233869791031,0.5526934266090393,-0.06157521530985832,0.0,0.0,0.0,0.0,0.0,0.0,0.0,0.062199998646974564,0.0,0.0,0.0,0.0,0.0,0.0,0.04149999842047691
1514,50.599999494,0.008325220085680485,2.007093667984009,-1.1953411102294922,-0.33944907784461975,0.3871838450431824,0.04265584796667099,0.0,-0.023841196671128273,1.9666893482208252,-1.45755934715271,0.13721778988838196,0.5548227429389954,-0.06157521530985832,0.0,0.0,0.0,0.0,0.0,0.0,0.0,0.062199998646974564,0.0,0.0,0.0,0.0,0.0,0.0,0.0414000004529953
1515,50.633332827,0.008325220085680485,2.0214054584503174,-1.1975401639938354,-0.34295719861984253,0.3920184075832367,0.046530477702617645,0.0,-0.023841196671128273,1.9666893482208252,-1.45755934715271,0.13721778988838196,0.5548227429389954,-0.06157521530985832,0.0,0.0,0.0,0.0,0.0,0.0,0.0,0.06210000067949295,0.0,0.0,0.0,0.0,0.0,0.0,0.0414000004529953
1516,50.66666616,0.006021386012434959,2.036048650741577,-1.1992855072021484,-0.35210272669792175,0.38988909125328064,0.0483805276453495,0.0,-0.023108160123229027,1.9666893482208252,-1.45529043674469,0.1391201913356781,0.5548227429389954,-0.05913175642490387,0.0,0.0,0.0,0.0,0.0,0.0,0.0,0.061000000685453415,0.0,0.0,0.0,0.0,0.0,0.0,0.041200000792741776
1517,50.699999493,0.006021386012434959,2.036048650741577,-1.1992855072021484,-0.35210272669792175,0.38988909125328064,0.0483805276453495,0.0,-0.021415190771222115,1.969010591506958,-1.45529043674469,0.14152875542640686,0.5555732250213623,-0.056094881147146225,0.0,0.0,0.0,0.0,0.0,0.0,0.0,0.061000000685453415,0.0,0.0,0.0,0.0,0.0,0.0,0.04100000113248825
1518,50.733332826,0.003228859044611454,2.0482659339904785,-1.2015020847320557,-0.36075955629348755,0.39500290155410767,0.0483805276453495,0.0,-0.021415190771222115,1.969010591506958,-1.45529043674469,0.14152875542640686,0.5555732250213623,-0.056094881147146225,0.0,0.0,0.0,0.0,0.0,0.0,0.0,0.05869999900460243,0.0,0.0,0.0,0.0,0.0,0.0,0.04100000113248825
1519,50.766666159,0.00205948855727911,2.059278964996338,-1.2015020847320557,-0.3710046410560608,0.406661719083786,0.05054473504424095,0.0,-0.021415190771222115,1.9704244136810303,-1.45529043674469,0.143413707613945,0.5520302057266235,-0.056094881147146225,0.0,0.0,0.0,0.0,0.0,0.0,0.0,0.051899999380111694,0.0,0.0,0.0,0.0,0.0,0.0,0.0406000018119812
1520,50.799999492,0.00205948855727911,2.059278964996338,-1.2015020847320557,-0.3710046410560608,0.406661719083786,0.05054473504424095,0.0,-0.021415190771222115,1.9704244136810303,-1.45529043674469,0.143413707613945,0.5550321340560913,-0.0529881976544857,0.0,0.0,0.0,0.0,0.0,0.0,0.0,0.051899999380111694,0.0,0.0,0.0,0.0,0.0,0.0,0.04039999842643738
1521,50.833332825,0.0,2.063328266143799,-1.2033172845840454,-0.3782128393650055,0.4119500517845154,0.053127821534872055,0.0,-0.021415190771222115,1.9704244136810303,-1.45529043674469,0.143413707613945,0.5550321340560913,-0.0529881976544857,0.0,0.0,0.0,0.0,0.0,0.0,0.0,0.04360000044107437,0.0,0.0,0.0,0.0,0.0,0.0,0.04039999842643738
1522,50.866666158,-0.0024260077625513077,2.0655970573425293,-1.2033172845840454,-0.3946363925933838,0.4286179542541504,0.053127821534872055,0.0,-0.021415190771222115,1.9704244136810303,-1.4535800218582153,0.143413707613945,0.5550321340560913,-0.0529881976544857,0.0,0.0,0.0,0.0,0.0,0.0,0.0,0.031300000846385956,0.0,0.0,0.0,0.0,0.0,0.0,0.04019999876618385
1523,50.899999491,-0.0024260077625513077,2.0655970573425293,-1.2033172845840454,-0.3946363925933838,0.4286179542541504,0.053127821534872055,0.0,-0.021415190771222115,1.9704244136810303,-1.4535800218582153,0.1460666060447693,0.5550321340560913,-0.0529881976544857,0.0,0.0,0.0,0.0,0.0,0.0,0.0,0.031300000846385956,0.0,0.0,0.0,0.0,0.0,0.0,0.03999999910593033
1524,50.933332824,-0.0024434609804302454,2.069070339202881,-1.2033172845840454,-0.4021413028240204,0.43423792719841003,0.053127821534872055,0.0,-0.021415190771222115,1.9704244136810303,-1.4535800218582153,0.1460666060447693,0.5550321340560913,-0.0529881976544857,0.0,0.0,0.0,0.0,0.0,0.0,0.0,0.021199999377131462,0.0,0.0,0.0,0.0,0.0,0.0,0.03999999910593033
1525,50.966666157,-0.0024434609804302454,2.069960594177246,-1.2033172845840454,-0.4122293293476105,0.4438023269176483,0.05511749908328056,0.0,-0.021415190771222115,1.9704244136810303,-1.4535800218582153,0.1480562835931778,0.5568996667861938,-0.0529881976544857,0.0,0.0,0.0,0.0,0.0,0.0,0.0,0.01360000018030405,0.0,0.0,0.0,0.0,0.0,0.0,0.039799999445676804
1526,50.99999949,-0.0024434609804302454,2.069960594177246,-1.2033172845840454,-0.4122293293476105,0.4438023269176483,0.05511749908328056,0.0,-0.021415190771222115,1.9704244136810303,-1.4553951025009155,0.14793410897254944,0.5592035055160522,-0.0529881976544857,0.0,0.0,0.0,0.0,0.0,0.0,0.0,0.01360000018030405,0.0,0.0,0.0,0.0,0.0,0.0,0.039799999445676804
1527,51.033332823,0.002146754879504442,2.069960594177246,-1.2033172845840454,-0.4155977964401245,0.4533143639564514,0.05511749908328056,0.0,-0.021415190771222115,1.9704244136810303,-1.4553951025009155,0.14793410897254944,0.5592035055160522,-0.0529881976544857,0.0,0.0,0.0,0.0,0.0,0.0,0.0,0.009399999864399433,0.0,0.0,0.0,0.0,0.0,0.0,0.039799999445676804
1528,51.066666156,0.011013027280569077,2.0644452571868896,-1.2058653831481934,-0.4179365336894989,0.4691444933414459,0.057560957968235016,0.0,-0.021415190771222115,1.9681553840637207,-1.4553951025009155,0.14793410897254944,0.5678777694702148,-0.054995324462652206,0.0,0.0,0.0,0.0,0.0,0.0,0.0,0.00839999970048666,0.0,0.0,0.0,0.0,0.0,0.0,0.03959999978542328
1529,51.099999489,0.011013027280569077,2.0644452571868896,-1.2058653831481934,-0.4179365336894989,0.4691444933414459,0.057560957968235016,0.0,-0.021415190771222115,1.9665671586990356,-1.4553951025009155,0.14793410897254944,0.5730614066123962,-0.05700245499610901,0.0,0.0,0.0,0.0,0.0,0.0,0.0,0.00839999970048666,0.0,0.0,0.0,0.0,0.0,0.0,0.039400000125169754
1530,51.133332822,0.022602014243602753,2.0538511276245117,-1.2058653831481934,-0.41985639929771423,0.48780205845832825,0.06340780854225159,0.0,-0.021415190771222115,1.9665671586990356,-1.4553951025009155,0.14793410897254944,0.5730614066123962,-0.05700245499610901,0.0,0.0,0.0,0.0,0.0,0.0,0.0,0.008299999870359898,0.0,0.0,0.0,0.0,0.0,0.0,0.039400000125169754
1531,51.166666155,0.038467057049274445,2.0355775356292725,-1.2058653831481934,-0.41488221287727356,0.511538565158844,0.06953391432762146,0.0,-0.021415190771222115,1.961540699005127,-1.4553951025009155,0.14610150456428528,0.584179162979126,-0.05939355492591858,0.0,0.0,0.0,0.0,0.0,0.0,0.0,0.008200000040233135,0.0,0.0,0.0,0.0,0.0,0.0,0.03929999843239784
1532,51.199999488,0.038467057049274445,2.0355775356292725,-1.2058653831481934,-0.41488221287727356,0.511538565158844,0.06953391432762146,0.0,-0.021415190771222115,1.9614359140396118,-1.4571579694747925,0.14610150456428528,0.586378276348114,-0.05939355492591858,0.0,0.0,0.0,0.0,0.0,0.0,0.0,0.008200000040233135,0.0,0.0,0.0,0.0,0.0,0.0,0.03920000046491623
1533,51.233332821,0.06462953984737396,2.0151920318603516,-1.2058653831481934,-0.4051956534385681,0.5411044359207153,0.07716100662946701,0.0,-0.021415190771222115,1.9614359140396118,-1.4571579694747925,0.14610150456428528,0.586378276348114,-0.05939355492591858,0.0,0.0,0.0,0.0,0.0,0.0,0.0,0.008100000210106373,0.0,0.0,0.0,0.0,0.0,0.0,0.03920000046491623
1534,51.266666154,0.09288642555475235,1.9898847341537476,-1.2039804458618164,-0.39875537157058716,0.5624323487281799,0.08316493779420853,0.0,-0.021415190771222115,1.9589924812316895,-1.4571579694747925,0.14193017780780792,0.5992064476013184,-0.05939355492591858,0.0,0.0,0.0,0.0,0.0,0.0,0.0,0.008100000210106373,0.0,0.0,0.0,0.0,0.0,0.0,0.03909999877214432
1535,51.299999487,0.09288642555475235,1.9898847341537476,-1.2039804458618164,-0.39875537157058716,0.5624323487281799,0.08316493779420853,0.0,-0.021415190771222115,1.9589924812316895,-1.4571579694747925,0.14193017780780792,0.5992064476013184,-0.05939355492591858,0.0,0.0,0.0,0.0,0.0,0.0,0.0,0.008100000210106373,0.0,0.0,0.0,0.0,0.0,0.0,0.03909999877214432
1536,51.33333282,0.1247212290763855,1.9556413888931274,-1.2058130502700806,-0.3963991701602936,0.5817880630493164,0.09386380761861801,0.0,-0.021415190771222115,1.9552574157714844,-1.4571579694747925,0.14182545244693756,0.6032730340957642,-0.0613483227789402,0.0,0.0,0.0,0.0,0.0,0.0,0.0,0.008100000210106373,0.0,0.0,0.0,0.0,0.0,0.0,0.03909999877214432
1537,51.366666153,0.16020376980304718,1.9166333675384521,-1.208256483078003,-0.39222782850265503,0.6119473576545715,0.10004227608442307,0.0,-0.021415190771222115,1.9509116411209106,-1.4571579694747925,0.14048154652118683,0.607880711555481,-0.0613483227789402,0.0,0.0,0.0,0.0,0.0,0.0,0.0,0.008100000210106373,0.0,0.0,0.0,0.0,0.0,0.0,0.03909999877214432
1538,51.399999486,0.16020376980304718,1.9166333675384521,-1.208256483078003,-0.39222782850265503,0.6119473576545715,0.10004227608442307,0.0,-0.021415190771222115,1.9509116411209106,-1.4571579694747925,0.14048154652118683,0.607880711555481,-0.0613483227789402,0.0,0.0,0.0,0.0,0.0,0.0,0.0,0.008100000210106373,0.0,0.0,0.0,0.0,0.0,0.0,0.03909999877214432
1539,51.433332819,0.1992991417646408,1.879562497138977,-1.2109442949295044,-0.39013344049453735,0.6438519358634949,0.10698868334293365,0.0,-0.021415190771222115,1.948939323425293,-1.4550635814666748,0.13953907787799835,0.6126280426979065,-0.0613483227789402,0.0,0.0,0.0,0.0,0.0,0.0,0.0,0.008100000210106373,0.0,0.0,0.0,0.0,0.0,0.0,0.03889999911189079
1540,51.466666152,0.2451140433549881,1.8369066715240479,-1.2187459468841553,-0.3882485032081604,0.6765943169593811,0.10705849528312683,0.0,-0.021415190771222115,1.9446632862091064,-1.4550635814666748,0.13772393763065338,0.6171483993530273,-0.0613483227789402,0.0,0.0,0.0,0.0,0.0,0.0,0.0,0.008100000210106373,0.0,0.0,0.0,0.0,0.0,0.0,0.038600001484155655
1541,51.499999485,0.2451140433549881,1.8369066715240479,-1.2187459468841553,-0.3882485032081604,0.6765943169593811,0.10705849528312683,0.0,-0.021415190771222115,1.9446632862091064,-1.4550635814666748,0.13772393763065338,0.6171483993530273,-0.0613483227789402,0.0,0.0,0.0,0.0,0.0,0.0,0.0,0.008100000210106373,0.0,0.0,0.0,0.0,0.0,0.0,0.038600001484155655
1542,51.533332818,0.29244735836982727,1.7822778224945068,-1.230631709098816,-0.3882485032081604,0.7080626487731934,0.10705849528312683,0.0,-0.021415190771222115,1.9399160146713257,-1.4531261920928955,0.13772393763065338,0.6230301856994629,-0.05890486389398575,0.0,0.0,0.0,0.0,0.0,0.0,0.0,0.008100000210106373,0.0,0.0,0.0,0.0,0.0,0.0,0.03819999843835831
1543,51.566666151,0.3470761775970459,1.7354332208633423,-1.2468457221984863,-0.391739159822464,0.7448192834854126,0.10705849528312683,0.0,-0.021415190771222115,1.9356573820114136,-1.4531261920928955,0.13950416445732117,0.6241995692253113,-0.0576133169233799,0.0,0.0,0.0,0.0,0.0,0.0,0.0,0.008100000210106373,0.0,0.0,0.0,0.0,0.0,0.0,0.03799999877810478
1544,51.599999484,0.3470761775970459,1.7354332208633423,-1.2468457221984863,-0.391739159822464,0.7448192834854126,0.10705849528312683,0.0,-0.021415190771222115,1.9356573820114136,-1.4531261920928955,0.13950416445732117,0.6241995692253113,-0.0576133169233799,0.0,0.0,0.0,0.0,0.0,0.0,0.0,0.008100000210106373,0.0,0.0,0.0,0.0,0.0,0.0,0.03799999877810478
1545,51.633332817,0.3896622061729431,1.6919221878051758,-1.266917109489441,-0.3986855745315552,0.7809301018714905,0.09761626273393631,0.0,-0.021415190771222115,1.93312668800354,-1.4531261920928955,0.14186036586761475,0.626747727394104,-0.0576133169233799,0.0,0.0,0.0,0.0,0.0,0.0,0.0,0.008100000210106373,0.0,0.0,0.0,0.0,0.0,0.0,0.03790000081062317
1546,51.66666615,0.4269249737262726,1.646630883216858,-1.2928526401519775,-0.40907028317451477,0.8163602948188782,0.08967501670122147,0.0,-0.021415190771222115,1.9324110746383667,-1.4531261920928955,0.14405947923660278,0.6295228004455566,-0.0576133169233799,0.0,0.0,0.0,0.0,0.0,0.0,0.0,0.008100000210106373,0.0,0.0,0.0,0.0,0.0,0.0,0.03790000081062317
1547,51.699999483,0.4269249737262726,1.646630883216858,-1.2928526401519775,-0.40907028317451477,0.8163602948188782,0.08967501670122147,0.0,-0.021415190771222115,1.9324110746383667,-1.4531261920928955,0.14405947923660278,0.6295228004455566,-0.0576133169233799,0.0,0.0,0.0,0.0,0.0,0.0,0.0,0.008100000210106373,0.0,0.0,0.0,0.0,0.0,0.0,0.03790000081062317
1548,51.733332816,0.44601890444755554,1.6161224842071533,-1.3235704898834229,-0.4247956871986389,0.8445124626159668,0.07625343650579453,0.0,-0.019111355766654015,1.9286236763000488,-1.4531261920928955,0.1483180820941925,0.6295228004455566,-0.0576133169233799,0.0,0.0,0.0,0.0,0.0,0.0,0.0,0.008100000210106373,0.0,0.0,0.0,0.0,0.0,0.0,0.03750000149011612
1549,51.766666149,0.45352381467819214,1.5994372367858887,-1.3501867055892944,-0.4407130777835846,0.8678649663925171,0.061191242188215256,0.0,-0.019111355766654015,1.9268085956573486,-1.4553253650665283,0.15299555659294128,0.6317393779754639,-0.0576133169233799,0.0,0.0,0.0,0.0,0.0,0.0,0.0,0.008100000210106373,0.0,0.0,0.0,0.0,0.0,0.0,0.037300001829862595
1550,51.799999482,0.45352381467819214,1.5994372367858887,-1.3501867055892944,-0.4407130777835846,0.8678649663925171,0.061191242188215256,0.0,-0.019111355766654015,1.9268085956573486,-1.4553253650665283,0.15299555659294128,0.6317393779754639,-0.0576133169233799,0.0,0.0,0.0,0.0,0.0,0.0,0.0,0.008100000210106373,0.0,0.0,0.0,0.0,0.0,0.0,0.037300001829862595
1551,51.833332815,0.4506963789463043,1.5917751789093018,-1.3742024898529053,-0.453925222158432,0.8733976483345032,0.04038691893219948,0.0,-0.019111355766654015,1.9261802434921265,-1.4553253650665283,0.1543743759393692,0.6340781450271606,-0.0576133169233799,0.0,0.0,0.0,0.0,0.0,0.0,0.0,0.008100000210106373,0.0,0.0,0.0,0.0,0.0,0.0,0.03709999844431877
1552,51.866666148,0.43422046303749084,1.5952483415603638,-1.3974502086639404,-0.46354198455810547,0.8716349005699158,0.018325956538319588,0.0,-0.019111355766654015,1.9244873523712158,-1.4553253650665283,0.15966272354125977,0.6364343166351318,-0.0576133169233799,0.0,0.0,0.0,0.0,0.0,0.0,0.0,0.008100000210106373,0.0,0.0,0.0,0.0,0.0,0.0,0.03689999878406525
1553,51.899999481,0.43422046303749084,1.5952483415603638,-1.3974502086639404,-0.46354198455810547,0.8716349005699158,0.018325956538319588,0.0,-0.019111355766654015,1.9244873523712158,-1.4553253650665283,0.15966272354125977,0.6364343166351318,-0.0576133169233799,0.0,0.0,0.0,0.0,0.0,0.0,0.0,0.008100000210106373,0.0,0.0,0.0,0.0,0.0,0.0,0.03689999878406525
1554,51.933332814,0.40599849820137024,1.6110610961914062,-1.4113779067993164,-0.46593308448791504,0.8525933623313904,-0.005811946466565132,0.0,-0.019111355766654015,1.9244873523712158,-1.4553253650665283,0.16226325929164886,0.638720691204071,-0.05951572582125664,0.0,0.0,0.0,0.0,0.0,0.0,0.0,0.008100000210106373,0.0,0.0,0.0,0.0,0.0,0.0,0.03680000081658363
1555,51.966666147,0.36023595929145813,1.6272053718566895,-1.4168059825897217,-0.46357691287994385,0.8326442241668701,-0.035674531012773514,0.0,-0.019111355766654015,1.9223231077194214,-1.456634283065796,0.16470672190189362,0.638720691204071,-0.05951572582125664,0.0,0.0,0.0,0.0,0.0,0.0,0.0,0.008100000210106373,0.0,0.0,0.0,0.0,0.0,0.0,0.03669999912381172
1556,51.99999948,0.36023595929145813,1.6272053718566895,-1.4168059825897217,-0.46357691287994385,0.8326442241668701,-0.035674531012773514,0.0,-0.02125811018049717,1.9223231077194214,-1.456634283065796,0.16699309647083282,0.6394537091255188,-0.05951572582125664,0.0,0.0,0.0,0.0,0.0,0.0,0.0,0.008100000210106373,0.0,0.0,0.0,0.0,0.0,0.0,0.03669999912381172
1557,52.033332813,0.3076666295528412,1.6365253925323486,-1.4168583154678345,-0.46214574575424194,0.8029212951660156,-0.06644468754529953,0.0,-0.02125811018049717,1.9223231077194214,-1.456634283065796,0.16699309647083282,0.6394537091255188,-0.05951572582125664,0.0,0.0,0.0,0.0,0.0,0.0,0.0,0.008100000210106373,0.0,0.0,0.0,0.0,0.0,0.0,0.03669999912381172
1558,52.066666146,0.24272294342517853,1.6527045965194702,-1.418865442276001,-0.46134287118911743,0.7706326842308044,-0.09990264475345612,0.0,-0.02125811018049717,1.9223231077194214,-1.456634283065796,0.1710771769285202,0.6437996029853821,-0.06181956082582474,0.0,0.0,0.0,0.0,0.0,0.0,0.0,0.008100000210106373,0.0,0.0,0.0,0.0,0.0,0.0,0.0364999994635582
1559,52.099999479,0.24272294342517853,1.6527045965194702,-1.418865442276001,-0.46134287118911743,0.7706326842308044,-0.09990264475345612,0.0,-0.02125811018049717,1.9223231077194214,-1.456634283065796,0.17331118881702423,0.6437996029853821,-0.063372902572155,0.0,0.0,0.0,0.0,0.0,0.0,0.0,0.008100000210106373,0.0,0.0,0.0,0.0,0.0,0.0,0.03629999980330467
1560,52.133332812,0.16985544562339783,1.6741198301315308,-1.4235254526138306,-0.458550363779068,0.7288320660591125,-0.13493140041828156,0.0,-0.02125811018049717,1.9223231077194214,-1.456634283065796,0.17331118881702423,0.6437996029853821,-0.063372902572155,0.0,0.0,0.0,0.0,0.0,0.0,0.0,0.008100000210106373,0.0,0.0,0.0,0.0,0.0,0.0,0.03629999980330467
1561,52.166666145,0.09911724925041199,1.6977864503860474,-1.4313968420028687,-0.45587998628616333,0.6986553072929382,-0.17474237084388733,0.0,-0.02125811018049717,1.9241207838058472,-1.456634283065796,0.1751088798046112,0.6437996029853821,-0.063372902572155,0.0,0.0,0.0,0.0,0.0,0.0,0.0,0.008100000210106373,0.0,0.0,0.0,0.0,0.0,0.0,0.03610000014305115
1562,52.199999478,0.09911724925041199,1.6977864503860474,-1.4313968420028687,-0.45587998628616333,0.6986553072929382,-0.17474237084388733,0.0,-0.02125811018049717,1.9241207838058472,-1.456634283065796,0.1751088798046112,0.6437996029853821,-0.063372902572155,0.0,0.0,0.0,0.0,0.0,0.0,0.0,0.008100000210106373,0.0,0.0,0.0,0.0,0.0,0.0,0.03610000014305115
1563,52.233332811,0.029914943501353264,1.7240537405014038,-1.4419386386871338,-0.45587998628616333,0.6618812084197998,-0.20633281767368317,0.0,-0.02125811018049717,1.9241207838058472,-1.456634283065796,0.1748645305633545,0.6459637880325317,-0.06562437862157822,0.0,0.0,0.0,0.0,0.0,0.0,0.0,0.008200000040233135,0.0,0.0,0.0,0.0,0.0,0.0,0.03590000048279762
1564,52.266666144,-0.037542033940553665,1.7566040754318237,-1.452620029449463,-0.45350635051727295,0.6307969093322754,-0.23638738691806793,0.0,-0.02125811018049717,1.9241207838058472,-1.456634283065796,0.17720328271389008,0.6459637880325317,-0.06562437862157822,0.0,0.0,0.0,0.0,0.0,0.0,0.0,0.008200000040233135,0.0,0.0,0.0,0.0,0.0,0.0,0.035599999129772186
1565,52.299999477,-0.037542033940553665,1.7566040754318237,-1.452620029449463,-0.45350635051727295,0.6307969093322754,-0.23638738691806793,0.0,-0.02125811018049717,1.9241207838058472,-1.456634283065796,0.17720328271389008,0.6459637880325317,-0.06562437862157822,0.0,0.0,0.0,0.0,0.0,0.0,0.0,0.008200000040233135,0.0,0.0,0.0,0.0,0.0,0.0,0.035599999129772186
1566,52.33333281,-0.11184069514274597,1.7888578176498413,-1.4643312692642212,-0.4521624445915222,0.6028367280960083,-0.26598817110061646,0.0,-0.02125811018049717,1.9241207838058472,-1.456634283065796,0.17720328271389008,0.6459637880325317,-0.0676838681101799,0.0,0.0,0.0,0.0,0.0,0.0,0.0,0.00839999970048666,0.0,0.0,0.0,0.0,0.0,0.0,0.03550000116229057
1567,52.366666143,-0.17348572611808777,1.8210415840148926,-1.4767404794692993,-0.4496142566204071,0.5785592198371887,-0.2894802987575531,0.0,-0.02125811018049717,1.9241207838058472,-1.456634283065796,0.17865189909934998,0.6459637880325317,-0.0676838681101799,0.0,0.0,0.0,0.0,0.0,0.0,0.0,0.00839999970048666,0.0,0.0,0.0,0.0,0.0,0.0,0.035599999129772186
1568,52.399999476,-0.17348572611808777,1.8210415840148926,-1.4767404794692993,-0.4496142566204071,0.5785592198371887,-0.2894802987575531,0.0,-0.02125811018049717,1.9241207838058472,-1.456634283065796,0.17865189909934998,0.6459637880325317,-0.0676838681101799,0.0,0.0,0.0,0.0,0.0,0.0,0.0,0.00839999970048666,0.0,0.0,0.0,0.0,0.0,0.0,0.035599999129772186
1569,52.433332809,-0.23094196617603302,1.8525447845458984,-1.4901272058486938,-0.4496142566204071,0.5507910251617432,-0.310494065284729,0.0,-0.02125811018049717,1.9219216108322144,-1.4547842741012573,0.17865189909934998,0.6459637880325317,-0.0676838681101799,0.0,0.0,0.0,0.0,0.0,0.0,0.0,0.00839999970048666,0.0,0.0,0.0,0.0,0.0,0.0,0.03539999946951866
1570,52.466666142,-0.28904396295547485,1.8871721029281616,-1.5032869577407837,-0.4496142566204071,0.5339486002922058,-0.32915163040161133,0.0,-0.02125811018049717,1.9198970794677734,-1.4547842741012573,0.1794198453426361,0.6441486477851868,-0.0676838681101799,0.0,0.0,0.0,0.0,0.0,0.0,0.0,0.00839999970048666,0.0,0.0,0.0,0.0,0.0,0.0,0.035100001841783524
1571,52.499999475,-0.28904396295547485,1.8871721029281616,-1.5032869577407837,-0.4496142566204071,0.5339486002922058,-0.32915163040161133,0.0,-0.02125811018049717,1.9198970794677734,-1.4547842741012573,0.1794198453426361,0.6441486477851868,-0.0676838681101799,0.0,0.0,0.0,0.0,0.0,0.0,0.0,0.00839999970048666,0.0,0.0,0.0,0.0,0.0,0.0,0.035100001841783524
1572,52.533332808,-0.3329739272594452,1.9164762496948242,-1.5138113498687744,-0.443016916513443,0.5152561068534851,-0.3407755494117737,0.0,-0.02125811018049717,1.9198970794677734,-1.4547842741012573,0.1794198453426361,0.6421066522598267,-0.0676838681101799,0.0,0.0,0.0,0.0,0.0,0.0,0.0,0.00839999970048666,0.0,0.0,0.0,0.0,0.0,0.0,0.0348999984562397
1573,52.566666141,-0.36826446652412415,1.9425688982009888,-1.520356297492981,-0.442947119474411,0.5020788908004761,-0.35236451029777527,0.0,-0.02125811018049717,1.918413519859314,-1.4533356428146362,0.1794198453426361,0.644480288028717,-0.0676838681101799,0.0,0.0,0.0,0.0,0.0,0.0,0.0,0.00839999970048666,0.0,0.0,0.0,0.0,0.0,0.0,0.034699998795986176
1574,52.599999474,-0.36826446652412415,1.9425688982009888,-1.520356297492981,-0.442947119474411,0.5020788908004761,-0.35236451029777527,0.0,-0.02125811018049717,1.918413519859314,-1.4533356428146362,0.1794198453426361,0.644480288028717,-0.0676838681101799,0.0,0.0,0.0,0.0,0.0,0.0,0.0,0.00839999970048666,0.0,0.0,0.0,0.0,0.0,0.0,0.034699998795986176
1575,52.633332807,-0.396852970123291,1.9651011228561401,-1.5244927406311035,-0.44114941358566284,0.48808133602142334,-0.35756561160087585,0.0,-0.02125811018049717,1.918413519859314,-1.4533356428146362,0.1794198453426361,0.6418797373771667,-0.0676838681101799,0.0,0.0,0.0,0.0,0.0,0.0,0.0,0.00839999970048666,0.0,0.0,0.0,0.0,0.0,0.0,0.03460000082850456
1576,52.66666614,-0.41800636053085327,1.9858356714248657,-1.5257668495178223,-0.43730971217155457,0.4813269078731537,-0.359433114528656,0.0,-0.02125811018049717,1.9177677631378174,-1.4533356428146362,0.1794198453426361,0.6402216553688049,-0.0676838681101799,0.0,0.0,0.0,0.0,0.0,0.0,0.0,0.008500000461935997,0.0,0.0,0.0,0.0,0.0,0.0,0.03440000116825104
1577,52.699999473,-0.41800636053085327,1.9858356714248657,-1.5257668495178223,-0.43730971217155457,0.4813269078731537,-0.359433114528656,0.0,-0.02125811018049717,1.9177677631378174,-1.4533356428146362,0.1794198453426361,0.6402216553688049,-0.0676838681101799,0.0,0.0,0.0,0.0,0.0,0.0,0.0,0.008500000461935997,0.0,0.0,0.0,0.0,0.0,0.0,0.03440000116825104
1578,52.733332806,-0.4300142228603363,2.0055928230285645,-1.5235852003097534,-0.43338271975517273,0.4813269078731537,-0.3666064143180847,0.0,-0.02125811018049717,1.9160224199295044,-1.4524106979370117,0.1794198453426361,0.6402216553688049,-0.0676838681101799,0.0,0.0,0.0,0.0,0.0,0.0,0.0,0.00839999970048666,0.0,0.0,0.0,0.0,0.0,0.0,0.03440000116825104
1579,52.766666139,-0.4329463839530945,2.0175483226776123,-1.5192742347717285,-0.4308694303035736,0.4718672037124634,-0.36906731128692627,0.0,-0.02125811018049717,1.9160224199295044,-1.4524106979370117,0.1794198453426361,0.6427698731422424,-0.0676838681101799,0.0,0.0,0.0,0.0,0.0,0.0,0.0,0.00839999970048666,0.0,0.0,0.0,0.0,0.0,0.0,0.03440000116825104
1580,52.799999472,-0.4329463839530945,2.0175483226776123,-1.5192742347717285,-0.4308694303035736,0.4718672037124634,-0.36906731128692627,0.0,-0.02125811018049717,1.9160224199295044,-1.4524106979370117,0.1794198453426361,0.6427698731422424,-0.0676838681101799,0.0,0.0,0.0,0.0,0.0,0.0,0.0,0.00839999970048666,0.0,0.0,0.0,0.0,0.0,0.0,0.03440000116825104
1581,52.833332805,-0.4329463839530945,2.0247042179107666,-1.5116820335388184,-0.4308694303035736,0.4642924964427948,-0.3712838888168335,0.0,-0.02125811018049717,1.9160224199295044,-1.4524106979370117,0.18111281096935272,0.6429443955421448,-0.0676838681101799,0.0,0.0,0.0,0.0,0.0,0.0,0.0,0.00839999970048666,0.0,0.0,0.0,0.0,0.0,0.0,0.03420000150799751
1582,52.866666138,-0.4329463839530945,2.0316505432128906,-1.5058177709579468,-0.4308694303035736,0.4559672772884369,-0.37365755438804626,0.0,-0.02125811018049717,1.9160224199295044,-1.4524106979370117,0.18111281096935272,0.6399948000907898,-0.0676838681101799,0.0,0.0,0.0,0.0,0.0,0.0,0.0,0.00839999970048666,0.0,0.0,0.0,0.0,0.0,0.0,0.03400000184774399
1583,52.899999471,-0.4329463839530945,2.0316505432128906,-1.5058177709579468,-0.4308694303035736,0.4559672772884369,-0.37365755438804626,0.0,-0.02125811018049717,1.9160224199295044,-1.4524106979370117,0.18111281096935272,0.6399948000907898,-0.0676838681101799,0.0,0.0,0.0,0.0,0.0,0.0,0.0,0.00839999970048666,0.0,0.0,0.0,0.0,0.0,0.0,0.03400000184774399
1584,52.933332804,-0.4329463839530945,2.0362582206726074,-1.5030601024627686,-0.4308694303035736,0.4515864849090576,-0.37365755438804626,0.0,-0.02125811018049717,1.9160224199295044,-1.4524106979370117,0.18111281096935272,0.6421240568161011,-0.0676838681101799,0.0,0.0,0.0,0.0,0.0,0.0,0.0,0.008999999612569809,0.0,0.0,0.0,0.0,0.0,0.0,0.03400000184774399
1585,52.966666137,-0.4347265958786011,2.0415639877319336,-1.4963929653167725,-0.43505823612213135,0.4420395493507385,-0.37060320377349854,0.0,-0.02125811018049717,1.9160224199295044,-1.4524106979370117,0.18186330795288086,0.6421764492988586,-0.0676838681101799,0.0,0.0,0.0,0.0,0.0,0.0,0.0,0.01080000028014183,0.0,0.0,0.0,0.0,0.0,0.0,0.03370000049471855
1586,52.99999947,-0.4347265958786011,2.0415639877319336,-1.4963929653167725,-0.43505823612213135,0.4420395493507385,-0.37060320377349854,0.0,-0.02125811018049717,1.9160224199295044,-1.4524106979370117,0.18186330795288086,0.6421764492988586,-0.0676838681101799,0.0,0.0,0.0,0.0,0.0,0.0,0.0,0.01080000028014183,0.0,0.0,0.0,0.0,0.0,0.0,0.03370000049471855
1587,53.033332803,-0.4340808391571045,2.0439376831054688,-1.4946999549865723,-0.4389503002166748,0.4420569837093353,-0.37060320377349854,0.0,-0.02125811018049717,1.9160224199295044,-1.4524106979370117,0.18381807208061218,0.6421764492988586,-0.0676838681101799,0.0,0.0,0.0,0.0,0.0,0.0,0.0,0.014299999922513962,0.0,0.0,0.0,0.0,0.0,0.0,0.03359999880194664
1588,53.066666136,-0.4340808391571045,2.0446531772613525,-1.4923787117004395,-0.44464007019996643,0.43500587344169617,-0.3643549382686615,0.0,-0.02125811018049717,1.9160224199295044,-1.4506478309631348,0.18610446155071259,0.6421764492988586,-0.06581636518239975,0.0,0.0,0.0,0.0,0.0,0.0,0.0,0.019200000911951065,0.0,0.0,0.0,0.0,0.0,0.0,0.03359999880194664
1589,53.099999469,-0.4340808391571045,2.0446531772613525,-1.4923787117004395,-0.44464007019996643,0.43500587344169617,-0.3643549382686615,0.0,-0.02125811018049717,1.9160224199295044,-1.4506478309631348,0.18610446155071259,0.6421764492988586,-0.06581636518239975,0.0,0.0,0.0,0.0,0.0,0.0,0.0,0.019200000911951065,0.0,0.0,0.0,0.0,0.0,0.0,0.03359999880194664
1590,53.133332802,-0.4340808391571045,2.0446531772613525,-1.4923787117004395,-0.4533667266368866,0.43500587344169617,-0.357722669839859,0.0,-0.02125811018049717,1.9182040691375732,-1.4506478309631348,0.18610446155071259,0.6453180313110352,-0.06581636518239975,0.0,0.0,0.0,0.0,0.0,0.0,0.0,0.027799999341368675,0.0,0.0,0.0,0.0,0.0,0.0,0.033399999141693115
1591,53.166666135,-0.4340808391571045,2.0446531772613525,-1.4923787117004395,-0.4656713008880615,0.43500587344169617,-0.3559948205947876,0.0,-0.02125811018049717,1.9182040691375732,-1.4506478309631348,0.18610446155071259,0.6453180313110352,-0.06581636518239975,0.0,0.0,0.0,0.0,0.0,0.0,0.0,0.03620000183582306,0.0,0.0,0.0,0.0,0.0,0.0,0.03319999948143959
1592,53.199999468,-0.4340808391571045,2.0446531772613525,-1.4923787117004395,-0.4656713008880615,0.43500587344169617,-0.3559948205947876,0.0,-0.02125811018049717,1.9182040691375732,-1.4506478309631348,0.18610446155071259,0.6453180313110352,-0.06581636518239975,0.0,0.0,0.0,0.0,0.0,0.0,0.0,0.03620000183582306,0.0,0.0,0.0,0.0,0.0,0.0,0.03319999948143959
1593,53.233332801,-0.4340808391571045,2.0389459133148193,-1.4941937923431396,-0.4764574468135834,0.43708279728889465,-0.3485073447227478,0.0,-0.02125811018049717,1.920176386833191,-1.4506478309631348,0.18610446155071259,0.6433283686637878,-0.06581636518239975,0.0,0.0,0.0,0.0,0.0,0.0,0.0,0.043800000101327896,0.0,0.0,0.0,0.0,0.0,0.0,0.03319999948143959
1594,53.266666134,-0.43533748388290405,2.0324010848999023,-1.497317910194397,-0.48092547059059143,0.43708279728889465,-0.34143877029418945,0.0,-0.02125811018049717,1.9223754405975342,-1.4506478309631348,0.18610446155071259,0.6433283686637878,-0.06581636518239975,0.0,0.0,0.0,0.0,0.0,0.0,0.0,0.048900000751018524,0.0,0.0,0.0,0.0,0.0,0.0,0.03310000151395798
1595,53.299999467,-0.43533748388290405,2.0324010848999023,-1.497317910194397,-0.48092547059059143,0.43708279728889465,-0.34143877029418945,0.0,-0.02125811018049717,1.9223754405975342,-1.4506478309631348,0.18610446155071259,0.6433283686637878,-0.06581636518239975,0.0,0.0,0.0,0.0,0.0,0.0,0.0,0.048900000751018524,0.0,0.0,0.0,0.0,0.0,0.0,0.03310000151395798
1596,53.3333328,-0.4366639256477356,2.03086519241333,-1.497317910194397,-0.4809429347515106,0.43708279728889465,-0.33459708094596863,0.0,-0.02125811018049717,1.9223754405975342,-1.4506478309631348,0.18610446155071259,0.6391046643257141,-0.06581636518239975,0.0,0.0,0.0,0.0,0.0,0.0,0.0,0.051899999380111694,0.0,0.0,0.0,0.0,0.0,0.0,0.03280000016093254
1597,53.366666133,-0.4395437240600586,2.0299923419952393,-1.498400092124939,-0.4809429347515106,0.43905502557754517,-0.32703980803489685,0.0,-0.02125811018049717,1.9223754405975342,-1.4498624801635742,0.18610446155071259,0.6395584344863892,-0.06581636518239975,0.0,0.0,0.0,0.0,0.0,0.0,0.0,0.053300000727176666,0.0,0.0,0.0,0.0,0.0,0.0,0.03280000016093254
1598,53.399999466,-0.4395437240600586,2.0299923419952393,-1.498400092124939,-0.4809429347515106,0.43905502557754517,-0.32703980803489685,0.0,-0.02125811018049717,1.9223754405975342,-1.4498624801635742,0.18610446155071259,0.6395584344863892,-0.06581636518239975,0.0,0.0,0.0,0.0,0.0,0.0,0.0,0.053300000727176666,0.0,0.0,0.0,0.0,0.0,0.0,0.03280000016093254
1599,53.433332799,-0.4410097897052765,2.0299923419952393,-1.5018035173416138,-0.4809429347515106,0.44142866134643555,-0.3216816484928131,0.0,-0.02125811018049717,1.9223754405975342,-1.4482567310333252,0.1883908361196518,0.6374989748001099,-0.06581636518239975,0.0,0.0,0.0,0.0,0.0,0.0,0.0,0.05400000140070915,0.0,0.0,0.0,0.0,0.0,0.0,0.032499998807907104
1600,53.466666132,-0.4438023269176483,2.0282819271087646,-1.5054162740707397,-0.47769662737846375,0.44081780314445496,-0.3170739710330963,0.0,-0.02125811018049717,1.9237018823623657,-1.4460227489471436,0.1883908361196518,0.6380051374435425,-0.06581636518239975,0.0,0.0,0.0,0.0,0.0,0.0,0.0,0.05420000106096268,0.0,0.0,0.0,0.0,0.0,0.0,0.03240000084042549
1601,53.499999465,-0.4438023269176483,2.0282819271087646,-1.5054162740707397,-0.47769662737846375,0.44081780314445496,-0.3170739710330963,0.0,-0.02125811018049717,1.9237018823623657,-1.4460227489471436,0.1883908361196518,0.6380051374435425,-0.06581636518239975,0.0,0.0,0.0,0.0,0.0,0.0,0.0,0.05420000106096268,0.0,0.0,0.0,0.0,0.0,0.0,0.03240000084042549
1602,53.533332798,-0.4462283253669739,2.0282819271087646,-1.5059747695922852,-0.47595128417015076,0.44256314635276794,-0.31438615918159485,0.0,-0.02125811018049717,1.9237018823623657,-1.4460227489471436,0.1883908361196518,0.6399424076080322,-0.06581636518239975,0.0,0.0,0.0,0.0,0.0,0.0,0.0,0.0544000007212162,0.0,0.0,0.0,0.0,0.0,0.0,0.03229999914765358
1603,53.566666131,-0.447642058134079,2.0282819271087646,-1.5076677799224854,-0.4697204530239105,0.4484100043773651,-0.31201252341270447,0.0,-0.02125811018049717,1.9237018823623657,-1.4460227489471436,0.1883908361196518,0.6362597942352295,-0.06581636518239975,0.0,0.0,0.0,0.0,0.0,0.0,0.0,0.0544000007212162,0.0,0.0,0.0,0.0,0.0,0.0,0.032099999487400055
1604,53.599999464,-0.447642058134079,2.0282819271087646,-1.5076677799224854,-0.4697204530239105,0.4484100043773651,-0.31201252341270447,0.0,-0.02125811018049717,1.9237018823623657,-1.4460227489471436,0.1883908361196518,0.6362597942352295,-0.06581636518239975,0.0,0.0,0.0,0.0,0.0,0.0,0.0,0.0544000007212162,0.0,0.0,0.0,0.0,0.0,0.0,0.032099999487400055
1605,53.633332797,-0.447642058134079,2.030376434326172,-1.5099540948867798,-0.4697204530239105,0.44659483432769775,-0.30925488471984863,0.0,-0.02125811018049717,1.9237018823623657,-1.4460227489471436,0.1883908361196518,0.6384763717651367,-0.06581636518239975,0.0,0.0,0.0,0.0,0.0,0.0,0.0,0.0544000007212162,0.0,0.0,0.0,0.0,0.0,0.0,0.03200000151991844
1606,53.66666613,-0.4506963789463043,2.030376434326172,-1.5099540948867798,-0.4640132486820221,0.44659483432769775,-0.3070383071899414,0.0,-0.02125811018049717,1.9213457107543945,-1.4441378116607666,0.1883908361196518,0.6382843852043152,-0.06581636518239975,0.0,0.0,0.0,0.0,0.0,0.0,0.0,0.0544000007212162,0.0,0.0,0.0,0.0,0.0,0.0,0.03189999982714653
1607,53.699999463,-0.4506963789463043,2.030376434326172,-1.5099540948867798,-0.4640132486820221,0.44659483432769775,-0.3070383071899414,0.0,-0.02125811018049717,1.9213457107543945,-1.4441378116607666,0.1883908361196518,0.6382843852043152,-0.06581636518239975,0.0,0.0,0.0,0.0,0.0,0.0,0.0,0.0544000007212162,0.0,0.0,0.0,0.0,0.0,0.0,0.03189999982714653
1608,53.733332796,-0.45010295510292053,2.031737804412842,-1.512031078338623,-0.46158722043037415,0.44659483432769775,-0.3070383071899414,0.0,-0.02125811018049717,1.9213107824325562,-1.4441378116607666,0.1863662600517273,0.6341304779052734,-0.06581636518239975,0.0,0.0,0.0,0.0,0.0,0.0,0.0,0.0544000007212162,0.0,0.0,0.0,0.0,0.0,0.0,0.031700000166893005
1609,53.766666129,-0.45010295510292053,2.031737804412842,-1.512031078338623,-0.4585677981376648,0.44659483432769775,-0.3070383071899414,0.0,-0.02125811018049717,1.9196702241897583,-1.4441378116607666,0.1863662600517273,0.6346541047096252,-0.0677013248205185,0.0,0.0,0.0,0.0,0.0,0.0,0.0,0.0544000007212162,0.0,0.0,0.0,0.0,0.0,0.0,0.031700000166893005
1610,53.799999462,-0.45010295510292053,2.031737804412842,-1.512031078338623,-0.4585677981376648,0.44659483432769775,-0.3070383071899414,0.0,-0.02125811018049717,1.9196702241897583,-1.4441378116607666,0.1863662600517273,0.6346541047096252,-0.0677013248205185,0.0,0.0,0.0,0.0,0.0,0.0,0.0,0.0544000007212162,0.0,0.0,0.0,0.0,0.0,0.0,0.031700000166893005
1611,53.833332795,-0.4512897729873657,2.034198760986328,-1.512031078338623,-0.4571191966533661,0.44462263584136963,-0.30372220277786255,0.0,-0.02125811018049717,1.9196702241897583,-1.4441378116607666,0.1863662600517273,0.6346541047096252,-0.0676838681101799,0.0,0.0,0.0,0.0,0.0,0.0,0.0,0.05490000173449516,0.0,0.0,0.0,0.0,0.0,0.0,0.03189999982714653
1612,53.866666128,-0.4525813162326813,2.0365374088287354,-1.512031078338623,-0.4571191966533661,0.44699627161026,-0.30372220277786255,0.0,-0.02125811018049717,1.9196702241897583,-1.4441378116607666,0.1863662600517273,0.6329960227012634,-0.0676838681101799,0.0,0.0,0.0,0.0,0.0,0.0,0.0,0.05609999969601631,0.0,0.0,0.0,0.0,0.0,0.0,0.03420000150799751
1613,53.899999461,-0.4525813162326813,2.0365374088287354,-1.512031078338623,-0.4571191966533661,0.44699627161026,-0.30372220277786255,0.0,-0.02125811018049717,1.9196702241897583,-1.4441378116607666,0.1863662600517273,0.6329960227012634,-0.0676838681101799,0.0,0.0,0.0,0.0,0.0,0.0,0.0,0.05609999969601631,0.0,0.0,0.0,0.0,0.0,0.0,0.03420000150799751
1614,53.933332794,-0.454536110162735,2.041703701019287,-1.510146141052246,-0.45354124903678894,0.44916048645973206,-0.30372220277786255,0.0,-0.02125811018049717,1.9176106452941895,-1.4441378116607666,0.1863662600517273,0.6305001974105835,-0.0676838681101799,0.0,0.0,0.0,0.0,0.0,0.0,0.0,0.05739999935030937,0.0,0.0,0.0,0.0,0.0,0.0,0.0364999994635582
1615,53.966666127,-0.4551120698451996,2.0413894653320312,-1.510146141052246,-0.4514293968677521,0.45752060413360596,-0.30168014764785767,0.0,-0.02125811018049717,1.9176106452941895,-1.4423575401306152,0.1863662600517273,0.6283360123634338,-0.0676838681101799,0.0,0.0,0.0,0.0,0.0,0.0,0.0,0.05860000103712082,0.0,0.0,0.0,0.0,0.0,0.0,0.03869999945163727
1616,53.99999946,-0.4551120698451996,2.0413894653320312,-1.510146141052246,-0.4514293968677521,0.45752060413360596,-0.30168014764785767,0.0,-0.02125811018049717,1.9176106452941895,-1.4423575401306152,0.1863662600517273,0.6283360123634338,-0.0676838681101799,0.0,0.0,0.0,0.0,0.0,0.0,0.0,0.05860000103712082,0.0,0.0,0.0,0.0,0.0,0.0,0.03869999945163727
1617,54.033332793,-0.457904577255249,2.042977809906006,-1.5057828426361084,-0.4498237073421478,0.46266934275627136,-0.2992367148399353,0.0,-0.02125811018049717,1.9176106452941895,-1.4388319253921509,0.1863662600517273,0.6283360123634338,-0.06553710997104645,0.0,0.0,0.0,0.0,0.0,0.0,0.0,0.059700001031160355,0.0,0.0,0.0,0.0,0.0,0.0,0.0406000018119812
1618,54.066666126,-0.457904577255249,2.0411102771759033,-1.4983128309249878,-0.4449542462825775,0.46586328744888306,-0.2894279360771179,0.0,-0.019303342327475548,1.9102280139923096,-1.4332643747329712,0.17933258414268494,0.6206914186477661,-0.061103977262973785,0.0,0.0,0.0,0.0,0.0,0.0,0.0,0.05999999865889549,0.0,0.0,0.0,0.0,0.0,0.0,0.042500000447034836
1619,54.099999459,-0.457904577255249,2.0411102771759033,-1.4983128309249878,-0.4449542462825775,0.46586328744888306,-0.2894279360771179,0.0,-0.019303342327475548,1.9102280139923096,-1.4332643747329712,0.17933258414268494,0.6206914186477661,-0.061103977262973785,0.0,0.0,0.0,0.0,0.0,0.0,0.0,0.05999999865889549,0.0,0.0,0.0,0.0,0.0,0.0,0.042500000447034836
1620,54.133332792,-0.4538554251194,2.0313713550567627,-1.4838614463806152,-0.43511056900024414,0.462529718875885,-0.274819552898407,0.0,-0.016702800989151,1.8983073234558105,-1.4201918840408325,0.17128661274909973,0.613570511341095,-0.05337216705083847,0.0,0.0,0.0,0.0,0.0,0.0,0.0,0.0608999989926815,0.0,0.0,0.0,0.0,0.0,0.0,0.04439999908208847
1621,54.166666125,-0.4421966075897217,2.013202428817749,-1.4689738750457764,-0.42088615894317627,0.44598397612571716,-0.25623178482055664,0.0,-0.015219271183013916,1.8816568851470947,-1.399178147315979,0.15620696544647217,0.595227062702179,-0.04485496133565903,0.0,0.0,0.0,0.0,0.0,0.0,0.0,0.061900001019239426,0.0,0.0,0.0,0.0,0.0,0.0,0.04699999839067459
1622,54.199999458,-0.4421966075897217,2.013202428817749,-1.4689738750457764,-0.42088615894317627,0.44598397612571716,-0.25623178482055664,0.0,-0.015219271183013916,1.8816568851470947,-1.399178147315979,0.15620696544647217,0.595227062702179,-0.04485496133565903,0.0,0.0,0.0,0.0,0.0,0.0,0.0,0.061900001019239426,0.0,0.0,0.0,0.0,0.0,0.0,0.04699999839067459
1623,54.233332791,-0.42041492462158203,1.986970067024231,-1.449635624885559,-0.39938369393348694,0.42898446321487427,-0.2350609451532364,0.0,-0.014590952545404434,1.8605209589004517,-1.3781818151474,0.13817772269248962,0.5746496319770813,-0.03998549282550812,0.0,0.0,0.0,0.0,0.0,0.0,0.0,0.06340000033378601,0.0,0.0,0.0,0.0,0.0,0.0,0.04960000142455101
1624,54.266666124,-0.39793506264686584,1.96204674243927,-1.4232985973358154,-0.3709871768951416,0.41519638895988464,-0.21191787719726562,0.0,-0.012845623306930065,1.8295762538909912,-1.3518098592758179,0.12159708887338638,0.5521697998046875,-0.03851941600441933,0.0,0.0,0.0,0.0,0.0,0.0,0.0,0.06449999660253525,0.0,0.0,0.0,0.0,0.0,0.0,0.052299998700618744
1625,54.299999457,-0.39793506264686584,1.96204674243927,-1.4232985973358154,-0.3709871768951416,0.41519638895988464,-0.21191787719726562,0.0,-0.012845623306930065,1.8295762538909912,-1.3518098592758179,0.12159708887338638,0.5521697998046875,-0.03851941600441933,0.0,0.0,0.0,0.0,0.0,0.0,0.0,0.06449999660253525,0.0,0.0,0.0,0.0,0.0,0.0,0.052299998700618744
1626,54.33333279,-0.370376318693161,1.93007230758667,-1.391516089439392,-0.34206709265708923,0.4027347266674042,-0.1875007152557373,0.0,-0.012845623306930065,1.7956645488739014,-1.3188230991363525,0.10417870432138443,0.5224992036819458,-0.030752701684832573,0.0,0.0,0.0,0.0,0.0,0.0,0.0,0.06520000100135803,0.0,0.0,0.0,0.0,0.0,0.0,0.054499998688697815
1627,54.366666123,-0.3390651047229767,1.8877655267715454,-1.3539741039276123,-0.3102671802043915,0.38119736313819885,-0.16430529952049255,0.0,-0.008342674002051353,1.7537766695022583,-1.279326319694519,0.09117600321769714,0.4934220314025879,-0.02347467839717865,0.0,0.0,0.0,0.0,0.0,0.0,0.0,0.06549999862909317,0.0,0.0,0.0,0.0,0.0,0.0,0.0560000017285347
1628,54.399999456,-0.3390651047229767,1.8877655267715454,-1.3539741039276123,-0.3102671802043915,0.38119736313819885,-0.16430529952049255,0.0,-0.008342674002051353,1.7537766695022583,-1.279326319694519,0.09117600321769714,0.4934220314025879,-0.02347467839717865,0.0,0.0,0.0,0.0,0.0,0.0,0.0,0.06549999862909317,0.0,0.0,0.0,0.0,0.0,0.0,0.0560000017285347
1629,54.433332789,-0.30342549085617065,1.8386520147323608,-1.3097997903823853,-0.27553513646125793,0.35932838916778564,-0.13519319891929626,0.0,-0.00617846567183733,1.7065480947494507,-1.2337907552719116,0.07614871859550476,0.458585262298584,-0.01679006777703762,0.0,0.0,0.0,0.0,0.0,0.0,0.0,0.06589999794960022,0.0,0.0,0.0,0.0,0.0,0.0,0.05739999935030937
1630,54.466666122,-0.2667735815048218,1.785175085067749,-1.2514533996582031,-0.2416233867406845,0.3381749987602234,-0.11180578917264938,0.0,-0.00617846567183733,1.6524951457977295,-1.183350682258606,0.05705481395125389,0.42781510949134827,-0.01473057921975851,0.0,0.0,0.0,0.0,0.0,0.0,0.0,0.06639999896287918,0.0,0.0,0.0,0.0,0.0,0.0,0.058400001376867294
1631,54.499999455,-0.2667735815048218,1.785175085067749,-1.2514533996582031,-0.2416233867406845,0.3381749987602234,-0.11180578917264938,0.0,-0.00617846567183733,1.6524951457977295,-1.183350682258606,0.05705481395125389,0.42781510949134827,-0.01473057921975851,0.0,0.0,0.0,0.0,0.0,0.0,0.0,0.06639999896287918,0.0,0.0,0.0,0.0,0.0,0.0,0.058400001376867294
1632,54.533332788,-0.23235568404197693,1.7282249927520752,-1.2009261846542358,-0.2123018503189087,0.3214372992515564,-0.0901637077331543,0.0,-0.004642575979232788,1.595196008682251,-1.1237651109695435,0.046652652323246,0.4035201370716095,-0.01473057921975851,0.0,0.0,0.0,0.0,0.0,0.0,0.0,0.066600002348423,0.0,0.0,0.0,0.0,0.0,0.0,0.05900000035762787
1633,54.566666121,-0.19654153287410736,1.657992959022522,-1.148810625076294,-0.1843591332435608,0.3053278923034668,-0.07370525598526001,0.0,-0.004642575979232788,1.526360273361206,-1.0697298049926758,0.043161991983652115,0.3759090006351471,-0.01473057921975851,0.0,0.0,0.0,0.0,0.0,0.0,0.0,0.06669999659061432,0.0,0.0,0.0,0.0,0.0,0.0,0.05920000001788139
1634,54.599999454,-0.19654153287410736,1.657992959022522,-1.148810625076294,-0.1843591332435608,0.3053278923034668,-0.07370525598526001,0.0,-0.004642575979232788,1.526360273361206,-1.0697298049926758,0.043161991983652115,0.3759090006351471,-0.01473057921975851,0.0,0.0,0.0,0.0,0.0,0.0,0.0,0.06669999659061432,0.0,0.0,0.0,0.0,0.0,0.0,0.05920000001788139
1635,54.633332787,-0.16927948594093323,1.596941351890564,-1.0955257415771484,-0.15692254900932312,0.30377456545829773,-0.06532767415046692,0.0,-0.004642575979232788,1.4637203216552734,-1.0089399814605713,0.043161991983652115,0.35871753096580505,-0.01473057921975851,0.0,0.0,0.0,0.0,0.0,0.0,0.0,0.06669999659061432,0.0,0.0,0.0,0.0,0.0,0.0,0.05939999967813492
1636,54.66666612,-0.14999359846115112,1.5380713939666748,-1.0448064804077148,-0.14006267488002777,0.3087487518787384,-0.06532767415046692,0.0,-0.004642575979232788,1.3941864967346191,-0.9591282606124878,0.04593706503510475,0.3501828610897064,-0.01473057921975851,0.0,0.0,0.0,0.0,0.0,0.0,0.0,0.06669999659061432,0.0,0.0,0.0,0.0,0.0,0.0,0.05939999967813492
1637,54.699999453,-0.14999359846115112,1.5380713939666748,-1.0448064804077148,-0.14006267488002777,0.3087487518787384,-0.06532767415046692,0.0,-0.004642575979232788,1.3941864967346191,-0.9591282606124878,0.04593706503510475,0.3501828610897064,-0.01473057921975851,0.0,0.0,0.0,0.0,0.0,0.0,0.0,0.06669999659061432,0.0,0.0,0.0,0.0,0.0,0.0,0.05939999967813492
1638,54.733332786,-0.14308209717273712,1.478328824043274,-0.997089147567749,-0.13774138689041138,0.3119601607322693,-0.07415904104709625,0.0,-0.004642575979232788,1.3347580432891846,-0.913156270980835,0.05417501926422119,0.356553316116333,-0.01473057921975851,0.0,0.0,0.0,0.0,0.0,0.0,0.0,0.06669999659061432,0.0,0.0,0.0,0.0,0.0,0.0,0.05900000035762787
1639,54.766666119,-0.14840534329414368,1.422879695892334,-0.9569814801216125,-0.14482742547988892,0.3170739710330963,-0.08274605870246887,0.0,-0.004642575979232788,1.2829391956329346,-0.875579297542572,0.058974675834178925,0.36847391724586487,-0.01473057921975851,0.0,0.0,0.0,0.0,0.0,0.0,0.0,0.06669999659061432,0.0,0.0,0.0,0.0,0.0,0.0,0.05860000103712082
1640,54.799999452,-0.14840534329414368,1.422879695892334,-0.9569814801216125,-0.14482742547988892,0.3170739710330963,-0.08274605870246887,0.0,-0.004642575979232788,1.2829391956329346,-0.875579297542572,0.058974675834178925,0.36847391724586487,-0.01473057921975851,0.0,0.0,0.0,0.0,0.0,0.0,0.0,0.06669999659061432,0.0,0.0,0.0,0.0,0.0,0.0,0.05860000103712082
1641,54.833332785,-0.16809265315532684,1.370100975036621,-0.9223541617393494,-0.16542230546474457,0.32239723205566406,-0.08806931227445602,0.0,-0.004642575979232788,1.240527629852295,-0.8493993878364563,0.061592668294906616,0.3784571886062622,-0.016598081216216087,0.0,0.0,0.0,0.0,0.0,0.0,0.0,0.06669999659061432,0.0,0.0,0.0,0.0,0.0,0.0,0.057999998331069946
1642,54.866666118,-0.18619172275066376,1.3331348896026611,-0.902090847492218,-0.17807593941688538,0.3310016989707947,-0.09526006877422333,0.0,-0.004642575979232788,1.20729660987854,-0.8354192972183228,0.06632251292467117,0.389993816614151,-0.018936822190880775,0.0,0.0,0.0,0.0,0.0,0.0,0.0,0.06650000065565109,0.0,0.0,0.0,0.0,0.0,0.0,0.05739999935030937
1643,54.899999451,-0.18619172275066376,1.3331348896026611,-0.902090847492218,-0.17807593941688538,0.3310016989707947,-0.09526006877422333,0.0,-0.004642575979232788,1.20729660987854,-0.8354192972183228,0.06632251292467117,0.389993816614151,-0.018936822190880775,0.0,0.0,0.0,0.0,0.0,0.0,0.0,0.06650000065565109,0.0,0.0,0.0,0.0,0.0,0.0,0.05739999935030937
1644,54.933332784,-0.20069541037082672,1.3031675815582275,-0.8913919925689697,-0.18933331966400146,0.3309842348098755,-0.09731955826282501,0.0,-0.006422811653465033,1.1818147897720337,-0.8332201838493347,0.06876597553491592,0.3989473581314087,-0.018936822190880775,0.0,0.0,0.0,0.0,0.0,0.0,0.0,0.06650000065565109,0.0,0.0,0.0,0.0,0.0,0.0,0.056699998676776886
1645,54.966666117,-0.2114466428756714,1.2733747959136963,-0.8869937658309937,-0.19591321051120758,0.3337418735027313,-0.10245082527399063,0.0,-0.006422811653465033,1.1594396829605103,-0.8379325866699219,0.07124433666467667,0.4012337327003479,-0.020315632224082947,0.0,0.0,0.0,0.0,0.0,0.0,0.0,0.06639999896287918,0.0,0.0,0.0,0.0,0.0,0.0,0.05640000104904175
1646,54.99999945,-0.2114466428756714,1.2733747959136963,-0.8869937658309937,-0.19591321051120758,0.3337418735027313,-0.10245082527399063,0.0,-0.006422811653465033,1.1594396829605103,-0.8379325866699219,0.07124433666467667,0.4012337327003479,-0.020315632224082947,0.0,0.0,0.0,0.0,0.0,0.0,0.0,0.06639999896287918,0.0,0.0,0.0,0.0,0.0,0.0,0.05640000104904175
1647,55.033332783,-0.21902136504650116,1.2487831115722656,-0.8844979405403137,-0.2047620266675949,0.33597588539123535,-0.10377727448940277,0.0,-0.006422811653465033,1.1351796388626099,-0.8380023837089539,0.0728674978017807,0.40303143858909607,-0.021205751225352287,0.0,0.0,0.0,0.0,0.0,0.0,0.0,0.06639999896287918,0.0,0.0,0.0,0.0,0.0,0.0,0.0560000017285347
1648,55.066666116,-0.22251202166080475,1.2208752632141113,-0.8776562809944153,-0.20696114003658295,0.33597588539123535,-0.10613346844911575,0.0,-0.006422811653465033,1.1135026216506958,-0.8380023837089539,0.0754505842924118,0.40571925044059753,-0.021205751225352287,0.0,0.0,0.0,0.0,0.0,0.0,0.0,0.06639999896287918,0.0,0.0,0.0,0.0,0.0,0.0,0.055799998342990875
1649,55.099999449,-0.22251202166080475,1.2208752632141113,-0.8776562809944153,-0.20696114003658295,0.33597588539123535,-0.10613346844911575,0.0,-0.006422811653465033,1.1135026216506958,-0.8380023837089539,0.0754505842924118,0.40571925044059753,-0.021205751225352287,0.0,0.0,0.0,0.0,0.0,0.0,0.0,0.06639999896287918,0.0,0.0,0.0,0.0,0.0,0.0,0.055799998342990875
1650,55.133332782,-0.2206270694732666,1.1937353610992432,-0.8756142258644104,-0.20486675202846527,0.3373197913169861,-0.10423105955123901,0.0,-0.006422811653465033,1.093518614768982,-0.8358556032180786,0.0754505842924118,0.40804052352905273,-0.021205751225352287,0.0,0.0,0.0,0.0,0.0,0.0,0.0,0.06639999896287918,0.0,0.0,0.0,0.0,0.0,0.0,0.05570000037550926
1651,55.166666115,-0.21884682774543762,1.1701734066009521,-0.8756142258644104,-0.1995958536863327,0.33288663625717163,-0.09979792684316635,0.0,-0.006422811653465033,1.0756289958953857,-0.8344768285751343,0.07347836345434189,0.39964547753334045,-0.021205751225352287,0.0,0.0,0.0,0.0,0.0,0.0,0.0,0.06639999896287918,0.0,0.0,0.0,0.0,0.0,0.0,0.05570000037550926
1652,55.199999448,-0.21884682774543762,1.1701734066009521,-0.8756142258644104,-0.1995958536863327,0.33288663625717163,-0.09979792684316635,0.0,-0.006422811653465033,1.0756289958953857,-0.8344768285751343,0.07347836345434189,0.39964547753334045,-0.021205751225352287,0.0,0.0,0.0,0.0,0.0,0.0,0.0,0.06639999896287918,0.0,0.0,0.0,0.0,0.0,0.0,0.05570000037550926
1653,55.233332781,-0.2114466428756714,1.149875283241272,-0.8672192096710205,-0.19512781500816345,0.330722451210022,-0.09374163299798965,0.0,-0.006422811653465033,1.061387062072754,-0.8291710019111633,0.07080800831317902,0.39502036571502686,-0.021205751225352287,0.0,0.0,0.0,0.0,0.0,0.0,0.0,0.066600002348423,0.0,0.0,0.0,0.0,0.0,0.0,0.056299999356269836
1654,55.266666114,-0.20338322222232819,1.1369597911834717,-0.8591557741165161,-0.1898220032453537,0.3274586796760559,-0.08887216448783875,0.0,-0.006422811653465033,1.0497632026672363,-0.8187863230705261,0.06899286806583405,0.39241981506347656,-0.021205751225352287,0.0,0.0,0.0,0.0,0.0,0.0,0.0,0.06750000268220901,0.0,0.0,0.0,0.0,0.0,0.0,0.05779999867081642
1655,55.299999447,-0.20338322222232819,1.1369597911834717,-0.8591557741165161,-0.1898220032453537,0.3274586796760559,-0.08887216448783875,0.0,-0.006422811653465033,1.0497632026672363,-0.8187863230705261,0.06899286806583405,0.39241981506347656,-0.021205751225352287,0.0,0.0,0.0,0.0,0.0,0.0,0.0,0.06750000268220901,0.0,0.0,0.0,0.0,0.0,0.0,0.05779999867081642
1656,55.33333278,-0.19516271352767944,1.1229971647262573,-0.8497310280799866,-0.18168877065181732,0.32473596930503845,-0.08306021988391876,0.0,-0.006422811653465033,1.0395355224609375,-0.8074591159820557,0.06248278543353081,0.38383281230926514,-0.019250981509685516,0.0,0.0,0.0,0.0,0.0,0.0,0.0,0.06849999725818634,0.0,0.0,0.0,0.0,0.0,0.0,0.059300001710653305
1657,55.366666113,-0.18399260938167572,1.1139912605285645,-0.8350527882575989,-0.17149604856967926,0.31780698895454407,-0.07407177239656448,0.0,-0.006422811653465033,1.0290461778640747,-0.7939677238464355,0.06031857803463936,0.3787190020084381,-0.015830136835575104,0.0,0.0,0.0,0.0,0.0,0.0,0.0,0.06930000334978104,0.0,0.0,0.0,0.0,0.0,0.0,0.061000000685453415
1658,55.399999446,-0.18399260938167572,1.1139912605285645,-0.8350527882575989,-0.17149604856967926,0.31780698895454407,-0.07407177239656448,0.0,-0.006422811653465033,1.0290461778640747,-0.7939677238464355,0.06031857803463936,0.3787190020084381,-0.015830136835575104,0.0,0.0,0.0,0.0,0.0,0.0,0.0,0.06930000334978104,0.0,0.0,0.0,0.0,0.0,0.0,0.061000000685453415
1659,55.433332779,-0.17296212911605835,1.1032226085662842,-0.8197462558746338,-0.16229817271232605,0.3177022933959961,-0.066811203956604,0.0,-0.006422811653465033,1.015432596206665,-0.779464066028595,0.05504768341779709,0.3717725872993469,-0.015830136835575104,0.0,0.0,0.0,0.0,0.0,0.0,0.0,0.07010000199079514,0.0,0.0,0.0,0.0,0.0,0.0,0.0625
1660,55.466666112,-0.15535175800323486,1.0849140882492065,-0.7995876669883728,-0.1448448747396469,0.30312877893447876,-0.053791046142578125,0.0,-0.006422811653465033,0.9968448281288147,-0.7584677338600159,0.045378562062978745,0.35906657576560974,-0.01021017599850893,0.0,0.0,0.0,0.0,0.0,0.0,0.0,0.07020000368356705,0.0,0.0,0.0,0.0,0.0,0.0,0.06350000202655792
1661,55.499999445,-0.15535175800323486,1.0849140882492065,-0.7995876669883728,-0.1448448747396469,0.30312877893447876,-0.053791046142578125,0.0,-0.006422811653465033,0.9968448281288147,-0.7584677338600159,0.045378562062978745,0.35906657576560974,-0.01021017599850893,0.0,0.0,0.0,0.0,0.0,0.0,0.0,0.07020000368356705,0.0,0.0,0.0,0.0,0.0,0.0,0.06350000202655792
1662,55.533332778,-0.1347917765378952,1.056535005569458,-0.7731110453605652,-0.12606513500213623,0.29426249861717224,-0.04136430472135544,0.0,-0.006422811653465033,0.9683959484100342,-0.7298094034194946,0.0406138114631176,0.3421368896961212,-0.00839503388851881,0.0,0.0,0.0,0.0,0.0,0.0,0.0,0.07020000368356705,0.0,0.0,0.0,0.0,0.0,0.0,0.06440000236034393
1663,55.566666111,-0.11096803098917007,1.024438500404358,-0.7382393479347229,-0.10409143567085266,0.27640780806541443,-0.02802998758852482,0.0,-0.004642575979232788,0.9390394687652588,-0.7025299072265625,0.03246312588453293,0.31433379650115967,-0.008098327554762363,0.0,0.0,0.0,0.0,0.0,0.0,0.0,0.07020000368356705,0.0,0.0,0.0,0.0,0.0,0.0,0.06530000269412994
1664,55.599999444,-0.11096803098917007,1.024438500404358,-0.7382393479347229,-0.10409143567085266,0.27640780806541443,-0.02802998758852482,0.0,-0.004642575979232788,0.9390394687652588,-0.7025299072265625,0.03246312588453293,0.31433379650115967,-0.008098327554762363,0.0,0.0,0.0,0.0,0.0,0.0,0.0,0.07020000368356705,0.0,0.0,0.0,0.0,0.0,0.0,0.06530000269412994
1665,55.633332777,-0.08445648103952408,0.9834057688713074,-0.702337920665741,-0.08333947509527206,0.2718350291252136,-0.01563815027475357,0.0,-0.004642575979232788,0.9073792099952698,-0.6698748469352722,0.026110125705599785,0.30288442969322205,0.0,0.0,0.0,0.0,0.0,0.0,0.0,0.0,0.07039999961853027,0.0,0.0,0.0,0.0,0.0,0.0,0.0658000037074089
1666,55.66666611,-0.06248278543353081,0.9434202909469604,-0.663783609867096,-0.05785766616463661,0.25961771607398987,0.0,0.0,-0.004642575979232788,0.8734849095344543,-0.6288770437240601,0.01864011585712433,0.283947616815567,0.0,0.0,0.0,0.0,0.0,0.0,0.0,0.0,0.07020000368356705,0.0,0.0,0.0,0.0,0.0,0.0,0.06589999794960022
1667,55.699999443,-0.06248278543353081,0.9434202909469604,-0.663783609867096,-0.05785766616463661,0.25961771607398987,0.0,0.0,-0.004642575979232788,0.8734849095344543,-0.6288770437240601,0.01864011585712433,0.283947616815567,0.0,0.0,0.0,0.0,0.0,0.0,0.0,0.0,0.07020000368356705,0.0,0.0,0.0,0.0,0.0,0.0,0.06589999794960022
1668,55.733332776,-0.0417657308280468,0.8966105580329895,-0.6211277842521667,-0.03691371530294418,0.24867451190948486,0.0,0.0,-0.0028797932900488377,0.8319112062454224,-0.5901830792427063,0.012496557086706161,0.26373669505119324,0.0,0.0,0.0,0.0,0.0,0.0,0.0,0.0,0.07029999792575836,0.0,0.0,0.0,0.0,0.0,0.0,0.06610000133514404
1669,55.766666109,-0.019949113950133324,0.8422435522079468,-0.5721538066864014,-0.018325956538319588,0.2439446747303009,0.008674286305904388,0.0,-0.0012915435945615172,0.7738091945648193,-0.5437573194503784,0.00663225119933486,0.24808110296726227,0.0,0.0,0.0,0.0,0.0,0.0,0.0,0.0,0.07029999792575836,0.0,0.0,0.0,0.0,0.0,0.0,0.06629999727010727
1670,55.799999442,-0.019949113950133324,0.8422435522079468,-0.5721538066864014,-0.018325956538319588,0.2439446747303009,0.008674286305904388,0.0,-0.0012915435945615172,0.7738091945648193,-0.5437573194503784,0.00663225119933486,0.24808110296726227,0.0,0.0,0.0,0.0,0.0,0.0,0.0,0.0,0.07029999792575836,0.0,0.0,0.0,0.0,0.0,0.0,0.06629999727010727
1671,55.833332775,-0.003281218931078911,0.7809475660324097,-0.5239478349685669,-0.006544984877109528,0.24233897030353546,0.008674286305904388,0.0,0.0,0.7162482142448425,-0.49813443422317505,0.0,0.2430545538663864,0.0,0.0,0.0,0.0,0.0,0.0,0.0,0.0,0.07029999792575836,0.0,0.0,0.0,0.0,0.0,0.0,0.06650000065565109
1672,55.866666108,0.0038746309000998735,0.7167892456054688,-0.47797587513923645,0.0,0.24233897030353546,0.008674286305904388,0.0,0.0,0.6555456519126892,-0.4551120698451996,0.0,0.24153611063957214,0.0,0.0,0.0,0.0,0.0,0.0,0.0,0.0,0.07029999792575836,0.0,0.0,0.0,0.0,0.0,0.0,0.066600002348423
1673,55.899999441,0.0038746309000998735,0.7167892456054688,-0.47797587513923645,0.0,0.24233897030353546,0.008674286305904388,0.0,0.0,0.6555456519126892,-0.4551120698451996,0.0,0.24153611063957214,0.0,0.0,0.0,0.0,0.0,0.0,0.0,0.0,0.07029999792575836,0.0,0.0,0.0,0.0,0.0,0.0,0.066600002348423
1674,55.933332774,0.0038746309000998735,0.6510078310966492,-0.43104395270347595,0.0,0.24233897030353546,0.006510077975690365,0.0,0.0,0.5940751433372498,-0.41716858744621277,0.0,0.24258331954479218,0.0,0.0,0.0,0.0,0.0,0.0,0.0,0.0,0.07029999792575836,0.0,0.0,0.0,0.0,0.0,0.0,0.06650000065565109
1675,55.966666107,0.0038746309000998735,0.5763775110244751,-0.39507272839546204,0.0,0.24233897030353546,0.006510077975690365,0.0,0.0009773843921720982,0.5324475765228271,-0.3868173360824585,0.0,0.2384817898273468,0.0,0.0,0.0,0.0,0.0,0.0,0.0,0.0,0.07029999792575836,0.0,0.0,0.0,0.0,0.0,0.0,0.06650000065565109
1676,55.99999944,0.0038746309000998735,0.5763775110244751,-0.39507272839546204,0.0,0.24233897030353546,0.006510077975690365,0.0,0.0009773843921720982,0.5324475765228271,-0.3868173360824585,0.0,0.2384817898273468,0.0,0.0,0.0,0.0,0.0,0.0,0.0,0.0,0.07029999792575836,0.0,0.0,0.0,0.0,0.0,0.0,0.06650000065565109
1677,56.033332773,0.002024581888690591,0.515011727809906,-0.37491416931152344,0.0,0.24233897030353546,0.006510077975690365,0.0,0.0009773843921720982,0.47631779313087463,-0.36362189054489136,0.0,0.23912756145000458,0.0,0.0,0.0,0.0,0.0,0.0,0.0,0.0,0.07029999792575836,0.0,0.0,0.0,0.0,0.0,0.0,0.06650000065565109
1678,56.066666106,0.0020769417751580477,0.4545011818408966,-0.3655068576335907,0.0,0.24233897030353546,0.0,0.0,0.0009773843921720982,0.41975167393684387,-0.3567976653575897,0.0,0.23912756145000458,0.0,0.0,0.0,0.0,0.0,0.0,0.0,0.0,0.07029999792575836,0.0,0.0,0.0,0.0,0.0,0.0,0.06650000065565109
1679,56.099999439,0.0020769417751580477,0.4545011818408966,-0.3655068576335907,0.0,0.24233897030353546,0.0,0.0,0.0009773843921720982,0.41975167393684387,-0.3567976653575897,0.0,0.23912756145000458,0.0,0.0,0.0,0.0,0.0,0.0,0.0,0.0,0.07029999792575836,0.0,0.0,0.0,0.0,0.0,0.0,0.06650000065565109
1680,56.133332772,0.0020769417751580477,0.41029199957847595,-0.3655068576335907,0.0,0.24233897030353546,0.0,0.0,0.0009773843921720982,0.3798709213733673,-0.3567976653575897,0.0,0.23579397797584534,0.0,0.0,0.0,0.0,0.0,0.0,0.0,0.0,0.07029999792575836,0.0,0.0,0.0,0.0,0.0,0.0,0.06650000065565109
1681,56.166666105,0.0020769417751580477,0.37742745876312256,-0.3655068576335907,0.0,0.23830725252628326,0.0,0.0,0.0009773843921720982,0.35093334317207336,-0.35876989364624023,0.0,0.2352878302335739,0.0,0.0,0.0,0.0,0.0,0.0,0.0,0.0,0.07029999792575836,0.0,0.0,0.0,0.0,0.0,0.0,0.06650000065565109
1682,56.199999438,0.0020769417751580477,0.37742745876312256,-0.3655068576335907,0.0,0.23830725252628326,0.0,0.0,0.0009773843921720982,0.35093334317207336,-0.35876989364624023,0.0,0.2352878302335739,0.0,0.0,0.0,0.0,0.0,0.0,0.0,0.0,0.07029999792575836,0.0,0.0,0.0,0.0,0.0,0.0,0.06650000065565109
1683,56.233332771,0.0020769417751580477,0.3563438653945923,-0.3640582263469696,0.0,0.23830725252628326,0.0,0.0,0.0009773843921720982,0.33334043622016907,-0.35876989364624023,0.0,0.2352878302335739,0.0,0.0,0.0,0.0,0.0,0.0,0.0,0.0,0.07029999792575836,0.0,0.0,0.0,0.0,0.0,0.0,0.06650000065565109
1684,56.266666104,0.0020769417751580477,0.34758231043815613,-0.3640582263469696,0.0,0.2408030778169632,0.0,0.0,0.0009773843921720982,0.3263591229915619,-0.35876989364624023,0.0,0.2352878302335739,0.0,0.0,0.0,0.0,0.0,0.0,0.0,0.0,0.07029999792575836,0.0,0.0,0.0,0.0,0.0,0.0,0.06650000065565109
1685,56.299999437,0.0020769417751580477,0.34758231043815613,-0.3640582263469696,0.0,0.2408030778169632,0.0,0.0,0.0009773843921720982,0.3263591229915619,-0.35876989364624023,0.0,0.2352878302335739,0.0,0.0,0.0,0.0,0.0,0.0,0.0,0.0,0.07029999792575836,0.0,0.0,0.0,0.0,0.0,0.0,0.06650000065565109
1686,56.33333277,0.0020769417751580477,0.34780922532081604,-0.3640582263469696,0.0,0.2408030778169632,0.0,0.0,0.0009773843921720982,0.3263591229915619,-0.35876989364624023,0.0,0.2370855212211609,0.0,0.0,0.0,0.0,0.0,0.0,0.0,0.0,0.07029999792575836,0.0,0.0,0.0,0.0,0.0,0.0,0.06650000065565109
1687,56.366666103,0.0020769417751580477,0.349659264087677,-0.3640582263469696,0.0,0.2408030778169632,0.0,0.0,0.0009773843921720982,0.3263591229915619,-0.35876989364624023,0.0,0.23521801829338074,0.0,0.0,0.0,0.0,0.0,0.0,0.0,0.0,0.07029999792575836,0.0,0.0,0.0,0.0,0.0,0.0,0.06650000065565109
1688,56.399999436,0.0020769417751580477,0.349659264087677,-0.3640582263469696,0.0,0.2408030778169632,0.0,0.0,0.0009773843921720982,0.3263591229915619,-0.35876989364624023,0.0,0.23521801829338074,0.0,0.0,0.0,0.0,0.0,0.0,0.0,0.0,0.07029999792575836,0.0,0.0,0.0,0.0,0.0,0.0,0.06650000065565109
1689,56.433332769,0.0020769417751580477,0.349659264087677,-0.3640582263469696,0.0,0.2408030778169632,0.0,0.0,0.0009773843921720982,0.3263591229915619,-0.35876989364624023,0.0,0.23719024658203125,0.0,0.0,0.0,0.0,0.0,0.0,0.0,0.0,0.07029999792575836,0.0,0.0,0.0,0.0,0.0,0.0,0.06650000065565109
1690,56.466666102,0.0020769417751580477,0.3516663908958435,-0.3640582263469696,0.0,0.2408030778169632,0.0,0.0,0.0009773843921720982,0.3263591229915619,-0.35876989364624023,0.0,0.23485150933265686,0.0,0.0,0.0,0.0,0.0,0.0,0.0,0.0,0.07029999792575836,0.0,0.0,0.0,0.0,0.0,0.0,0.06650000065565109
1691,56.499999435,0.0020769417751580477,0.3516663908958435,-0.3640582263469696,0.0,0.2408030778169632,0.0,0.0,0.0009773843921720982,0.3263591229915619,-0.35876989364624023,0.0,0.23485150933265686,0.0,0.0,0.0,0.0,0.0,0.0,0.0,0.0,0.07029999792575836,0.0,0.0,0.0,0.0,0.0,0.0,0.06650000065565109
1692,56.533332768,0.0020769417751580477,0.349624365568161,-0.3640582263469696,0.0,0.2408030778169632,0.0,0.0,0.0009773843921720982,0.3263591229915619,-0.35876989364624023,0.0,0.236736461520195,0.0,0.0,0.0,0.0,0.0,0.0,0.0,0.0,0.07029999792575836,0.0,0.0,0.0,0.0,0.0,0.0,0.06650000065565109
