frame_index,t_sec,state.left_joint1,state.left_joint2,state.left_joint3,state.left_joint4,state.left_joint5,state.left_joint6,state.left_joint7,state.right_joint1,state.right_joint2,state.right_joint3,state.right_joint4,state.right_joint5,state.right_joint6,state.right_joint7,action.left_joint1,action.left_joint2,action.left_joint3,action.left_joint4,action.left_joint5,action.left_joint6,action.left_joint7,action.right_joint1,action.right_joint2,action.right_joint3,action.right_joint4,action.right_joint5,action.right_joint6,action.right_joint7
0,0.0,0.0,0.31953486800193787,-0.3599916100502014,0.0,0.240768164396286,0.0,0.06939999759197235,0.0,0.3200759291648865,-0.360602468252182,0.0,0.24055872857570648,0.0,0.06949999928474426,0.0,0.31953486800193787,-0.3599916100502014,0.0,0.240768164396286,0.0,0.06939999759197235,0.0,0.3200759291648865,-0.360602468252182,0.0,0.24055872857570648,0.0,0.06949999928474426
1,0.033333333,0.0,0.31953486800193787,-0.3599916100502014,0.0,0.240768164396286,0.0,0.06939999759197235,0.0,0.3200759291648865,-0.360602468252182,0.0,0.24055872857570648,0.0,0.06949999928474426,-0.47263509035110474,2.1224472522735596,-1.768173336982727,-0.3222704231739044,0.6251152157783508,-0.13347676396369934,0.06927582621574402,-0.03496960178017616,1.9517033100128174,-1.348185658454895,0.01917412504553795,0.48425185680389404,0.0644085705280304,0.05174825340509415
2,0.066666666,0.0,0.31953486800193787,-0.3599916100502014,0.0,0.240768164396286,0.0,0.06939999759197235,0.0,0.3200759291648865,-0.360602468252182,0.0,0.24055872857570648,0.0,0.06949999928474426,-0.47263509035110474,2.1224472522735596,-1.768173336982727,-0.3222704231739044,0.6251152157783508,-0.13347676396369934,0.06927582621574402,-0.03496960178017616,1.9517033100128174,-1.348185658454895,0.01917412504553795,0.48425185680389404,0.0644085705280304,0.05174825340509415
3,0.099999999,0.0,0.31953486800193787,-0.3599916100502014,0.0,0.240768164396286,0.0,0.06939999759197235,0.0,0.3200759291648865,-0.360602468252182,0.0,0.24055872857570648,0.0,0.06949999928474426,-0.47263509035110474,2.1224472522735596,-1.768173336982727,-0.3222704231739044,0.6251152157783508,-0.13347676396369934,0.06927582621574402,-0.03496960178017616,1.9517033100128174,-1.348185658454895,0.01917412504553795,0.48425185680389404,0.0644085705280304,0.05174825340509415
4,0.133333332,0.0,0.31953486800193787,-0.3599916100502014,0.0,0.240768164396286,0.0,0.06939999759197235,0.0,0.3200759291648865,-0.360602468252182,0.0,0.24055872857570648,0.0,0.06949999928474426,-0.47263509035110474,2.1224472522735596,-1.768173336982727,-0.3222704231739044,0.6251152157783508,-0.13347676396369934,0.06927582621574402,-0.03496960178017616,1.9517033100128174,-1.348185658454895,0.01917412504553795,0.48425185680389404,0.0644085705280304,0.05174825340509415
5,0.166666665,0.0,0.31953486800193787,-0.3599916100502014,0.0,0.240768164396286,0.0,0.06939999759197235,0.0,0.3200759291648865,-0.360602468252182,0.0,0.24055872857570648,0.0,0.06949999928474426,-0.47263509035110474,2.1224472522735596,-1.768173336982727,-0.3222704231739044,0.6251152157783508,-0.13347676396369934,0.06927582621574402,-0.03496960178017616,1.9517033100128174,-1.348185658454895,0.01917412504553795,0.48425185680389404,0.0644085705280304,0.05174825340509415
6,0.199999998,0.0,0.31953486800193787,-0.3599916100502014,0.0,0.240768164396286,0.0,0.06939999759197235,0.0,0.3200759291648865,-0.360602468252182,0.0,0.24055872857570648,0.0,0.06949999928474426,-0.47263509035110474,2.1224472522735596,-1.768173336982727,-0.3222704231739044,0.6251152157783508,-0.13347676396369934,0.06927582621574402,-0.03496960178017616,1.9517033100128174,-1.348185658454895,0.01917412504553795,0.48425185680389404,0.0644085705280304,0.05174825340509415
7,0.233333331,0.0,0.31953486800193787,-0.3599916100502014,0.0,0.240768164396286,0.0,0.06939999759197235,0.0,0.3200759291648865,-0.360602468252182,0.0,0.24055872857570648,0.0,0.06949999928474426,-0.47263509035110474,2.1224472522735596,-1.768173336982727,-0.3222704231739044,0.6251152157783508,-0.13347676396369934,0.06927582621574402,-0.03496960178017616,1.9517033100128174,-1.348185658454895,0.01917412504553795,0.48425185680389404,0.0644085705280304,0.05174825340509415
8,0.266666664,0.0,0.31953486800193787,-0.3599916100502014,0.0,0.240768164396286,0.0,0.06939999759197235,0.0,0.3200759291648865,-0.360602468252182,0.0,0.24055872857570648,0.0,0.06949999928474426,-0.47263509035110474,2.1224472522735596,-1.768173336982727,-0.3222704231739044,0.6251152157783508,-0.13347676396369934,0.06927582621574402,-0.03496960178017616,1.9517033100128174,-1.348185658454895,0.01917412504553795,0.48425185680389404,0.0644085705280304,0.05174825340509415
9,0.299999997,0.0,0.31953486800193787,-0.3599916100502014,0.0,0.240768164396286,0.0,0.06939999759197235,0.0,0.3200759291648865,-0.360602468252182,0.0,0.24055872857570648,0.0,0.06949999928474426,-0.47263509035110474,2.1224472522735596,-1.768173336982727,-0.3222704231739044,0.6251152157783508,-0.13347676396369934,0.06927582621574402,-0.03496960178017616,1.9517033100128174,-1.348185658454895,0.01917412504553795,0.48425185680389404,0.0644085705280304,0.05174825340509415
10,0.33333333,0.00010471975838299841,0.31953486800193787,-0.3599916100502014,0.0,0.240768164396286,0.0,0.06939999759197235,0.0,0.3200759291648865,-0.360602468252182,0.0,0.24055872857570648,0.0,0.06949999928474426,-0.007250521332025528,0.3397235572338104,-0.36685487627983093,-0.003377010114490986,0.23850880563259125,-0.006643554661422968,0.06946628540754318,0.005313069559633732,0.3178654909133911,-0.36322757601737976,0.003994601313024759,0.2323864996433258,-0.009234256111085415,0.06695868819952011
11,0.366666663,0.00010471975838299841,0.31953486800193787,-0.3599916100502014,0.0,0.240768164396286,0.0,0.06939999759197235,0.0,0.3200759291648865,-0.360602468252182,0.0,0.24055872857570648,0.0,0.06949999928474426,-0.007250521332025528,0.3397235572338104,-0.36685487627983093,-0.003377010114490986,0.23850880563259125,-0.006643554661422968,0.06946628540754318,0.005313069559633732,0.3178654909133911,-0.36322757601737976,0.003994601313024759,0.2323864996433258,-0.009234256111085415,0.06695868819952011
12,0.399999996,-0.006841690745204687,0.3337767720222473,-0.3665889501571655,0.0,0.2434036135673523,-0.007871435023844242,0.06939999759197235,0.004380776546895504,0.3200759291648865,-0.3626619577407837,0.005497787147760391,0.23863886296749115,-0.006230825558304787,0.06790000200271606,-0.007862956263124943,0.34053346514701843,-0.36624255776405334,-0.005884828511625528,0.2392037957906723,-0.006150518078356981,0.06958062946796417,0.008117776364088058,0.3261224031448364,-0.36469700932502747,0.006322216242551804,0.23773397505283356,-0.004972527734935284,0.0669829398393631
13,0.433333329,-0.00945968460291624,0.33944907784461975,-0.3665889501571655,-0.007016223389655352,0.2379407435655594,-0.007871435023844242,0.06939999759197235,0.008203047327697277,0.3247010409832001,-0.3645992875099182,0.005497787147760391,0.23284438252449036,-0.006230825558304787,0.06729999929666519,-0.006871235091239214,0.3423551321029663,-0.36346492171287537,-0.018673652783036232,0.23874513804912567,-0.0068862177431583405,0.06959173828363419,0.006542745977640152,0.3234044015407562,-0.365958034992218,0.007422981783747673,0.23800407350063324,-0.010213926434516907,0.06698942929506302
14,0.466666662,-0.00945968460291624,0.33944907784461975,-0.3665889501571655,-0.007016223389655352,0.2379407435655594,-0.007871435023844242,0.06939999759197235,0.008203047327697277,0.3247010409832001,-0.3645992875099182,0.005497787147760391,0.23284438252449036,-0.006230825558304787,0.06729999929666519,-0.006871235091239214,0.3423551321029663,-0.36346492171287537,-0.018673652783036232,0.23874513804912567,-0.0068862177431583405,0.06959173828363419,0.006542745977640152,0.3234044015407562,-0.365958034992218,0.007422981783747673,0.23800407350063324,-0.010213926434516907,0.06698942929506302
15,0.499999995,-0.00724311638623476,0.34180527925491333,-0.36246997117996216,-0.01918116770684719,0.24075071513652802,-0.007871435023844242,0.06939999759197235,0.008203047327697277,0.3263940215110779,-0.3645992875099182,0.01061160210520029,0.2416757345199585,-0.008517206646502018,0.06719999760389328,-0.008583062328398228,0.34803059697151184,-0.36631959676742554,-0.021007036790251732,0.2397509664297104,-0.012120349332690239,0.06950221955776215,0.008412777446210384,0.3283383250236511,-0.37001755833625793,0.018354903906583786,0.24680563807487488,-0.011172548867762089,0.06676890701055527
16,0.533333328,-0.00724311638623476,0.34180527925491333,-0.36246997117996216,-0.01918116770684719,0.24075071513652802,-0.007871435023844242,0.06939999759197235,0.008464846760034561,0.3263940215110779,-0.36911967396736145,0.01788962446153164,0.24633577466011047,-0.011344640515744686,0.06710000336170197,-0.008583062328398228,0.34803059697151184,-0.36631959676742554,-0.021007036790251732,0.2397509664297104,-0.012120349332690239,0.06950221955776215,0.008011644706130028,0.33339956402778625,-0.3743385076522827,0.021670417860150337,0.2567329704761505,-0.008151808753609657,0.0668390616774559
17,0.566666661,-0.00724311638623476,0.35096827149391174,-0.3684215545654297,-0.023457225412130356,0.24075071513652802,-0.012828170321881771,0.06939999759197235,0.008464846760034561,0.3263940215110779,-0.36911967396736145,0.01788962446153164,0.24633577466011047,-0.011344640515744686,0.06710000336170197,-0.0024782021064311266,0.3680206537246704,-0.38512247800827026,-0.0386868417263031,0.2532520592212677,-0.017210600897669792,0.06929264217615128,0.008011644706130028,0.33339956402778625,-0.3743385076522827,0.021670417860150337,0.2567329704761505,-0.008151808753609657,0.0668390616774559
18,0.599999994,-0.003089232835918665,0.36421531438827515,-0.38032469153404236,-0.03516838327050209,0.24954718351364136,-0.016022123396396637,0.06939999759197235,0.008464846760034561,0.3367612659931183,-0.37655478715896606,0.022863812744617462,0.2539977729320526,-0.007801621686667204,0.06710000336170197,-0.003838290460407734,0.3994373083114624,-0.41530677676200867,-0.050840940326452255,0.2805200517177582,-0.012717695906758308,0.0693417340517044,0.007711303420364857,0.36073145270347595,-0.40175506472587585,0.03543974459171295,0.2925991415977478,-0.011674411594867706,0.06667955219745636
19,0.633333327,-0.003089232835918665,0.36421531438827515,-0.38032469153404236,-0.03516838327050209,0.24954718351364136,-0.016022123396396637,0.06939999759197235,0.008464846760034561,0.35185837745666504,-0.3876725435256958,0.03230604529380798,0.2771757245063782,-0.011431906372308731,0.06710000336170197,-0.003838290460407734,0.3994373083114624,-0.41530677676200867,-0.050840940326452255,0.2805200517177582,-0.012717695906758308,0.0693417340517044,0.006860803812742233,0.37788471579551697,-0.41899374127388,0.038666095584630966,0.3134673237800598,-0.01482553780078888,0.06657005101442337
20,0.66666666,-0.003089232835918665,0.3857003152370453,-0.4050559997558594,-0.05112069472670555,0.26832690834999084,-0.014765485189855099,0.06930000334978104,0.008464846760034561,0.37432077527046204,-0.41003021597862244,0.04124213010072708,0.3007027804851532,-0.01507964450865984,0.06689999997615814,-0.0024980229791253805,0.46978598833084106,-0.47821685671806335,-0.07733192294836044,0.3423430025577545,-0.002794988453388214,0.06915980577468872,0.008043202571570873,0.4413386285305023,-0.4857715666294098,0.05724185332655907,0.3730318248271942,-0.014267022721469402,0.0664914920926094
21,0.699999993,-0.003089232835918665,0.4199436604976654,-0.43767622113227844,-0.06684610992670059,0.30454251170158386,-0.0057072266936302185,0.06920000165700912,0.008464846760034561,0.37432077527046204,-0.41003021597862244,0.04124213010072708,0.3007027804851532,-0.01507964450865984,0.06689999997615814,-0.005657017696648836,0.5169727802276611,-0.519666314125061,-0.098173126578331,0.38656488060951233,0.006912223994731903,0.06920266896486282,0.008043202571570873,0.4413386285305023,-0.4857715666294098,0.05724185332655907,0.3730318248271942,-0.014267022721469402,0.0664914920926094
22,0.733333326,-0.003089232835918665,0.4199436604976654,-0.43767622113227844,-0.06684610992670059,0.30454251170158386,-0.0057072266936302185,0.06920000165700912,0.008464846760034561,0.4040786325931549,-0.44338345527648926,0.05331980809569359,0.330041766166687,-0.01507964450865984,0.066600002348423,-0.005657017696648836,0.5169727802276611,-0.519666314125061,-0.098173126578331,0.38656488060951233,0.006912223994731903,0.06920266896486282,0.008984693326056004,0.4921477437019348,-0.5336061716079712,0.07335555553436279,0.41069045662879944,-0.01445541437715292,0.06631910800933838
23,0.766666659,-0.007051130291074514,0.4637863337993622,-0.47911033034324646,-0.08932594954967499,0.3461511433124542,0.00945968460291624,0.06930000334978104,0.008464846760034561,0.44287729263305664,-0.48230427503585815,0.07110471278429031,0.3767118752002716,-0.01507964450865984,0.06629999727010727,-0.009735379368066788,0.6378933787345886,-0.6231259107589722,-0.15520170331001282,0.4884292781352997,0.037485189735889435,0.06939781457185745,0.009020309895277023,0.6130954027175903,-0.6432530879974365,0.10802160203456879,0.5068886876106262,-0.01903829537332058,0.0663476288318634
24,0.799999992,-0.009337511844933033,0.5256757140159607,-0.5298296213150024,-0.12512265145778656,0.394653856754303,0.02914699912071228,0.06930000334978104,0.008464846760034561,0.44287729263305664,-0.48230427503585815,0.07110471278429031,0.3767118752002716,-0.01507964450865984,0.06629999727010727,-0.012225069105625153,0.7284420728683472,-0.692400336265564,-0.20400819182395935,0.5462244153022766,0.07066210359334946,0.06952162086963654,0.009020309895277023,0.6130954027175903,-0.6432530879974365,0.10802160203456879,0.5068886876106262,-0.01903829537332058,0.0663476288318634
25,0.833333325,-0.009337511844933033,0.5256757140159607,-0.5298296213150024,-0.12512265145778656,0.394653856754303,0.02914699912071228,0.06930000334978104,0.008464846760034561,0.4922875761985779,-0.5392369031906128,0.09402088820934296,0.4187219440937042,-0.017924532294273376,0.06629999727010727,-0.012225069105625153,0.7284420728683472,-0.692400336265564,-0.20400819182395935,0.5462244153022766,0.07066210359334946,0.06952162086963654,0.013203603215515614,0.6614409685134888,-0.6793324947357178,0.12048938125371933,0.5371063351631165,-0.018996194005012512,0.06618305295705795
26,0.866666658,-0.011379546485841274,0.5900260210037231,-0.5861513614654541,-0.1636071652173996,0.45170867443084717,0.05562364310026169,0.06930000334978104,0.01448623277246952,0.5584530234336853,-0.5937260985374451,0.11508700996637344,0.46621236205101013,-0.020228365436196327,0.06629999727010727,-0.01572188176214695,0.8374295830726624,-0.7777320742607117,-0.26105013489723206,0.6114271283149719,0.11193927377462387,0.06960006803274155,0.02411964163184166,0.7877695560455322,-0.7712957859039307,0.16802208125591278,0.6201832890510559,-0.03968643397092819,0.0660494714975357
27,0.899999991,-0.015865042805671692,0.659699559211731,-0.6465572118759155,-0.20359265804290771,0.501834511756897,0.0838281661272049,0.06930000334978104,0.01448623277246952,0.5584530234336853,-0.5937260985374451,0.11508700996637344,0.46621236205101013,-0.020228365436196327,0.06629999727010727,-0.022847848013043404,0.9074731469154358,-0.8220773339271545,-0.29712480306625366,0.6437164545059204,0.1309666484594345,0.06963026523590088,0.02411964163184166,0.7877695560455322,-0.7712957859039307,0.16802208125591278,0.6201832890510559,-0.03968643397092819,0.0660494714975357
28,0.933333324,-0.015865042805671692,0.659699559211731,-0.6465572118759155,-0.20359265804290771,0.501834511756897,0.0838281661272049,0.06930000334978104,0.02382374368607998,0.6238330602645874,-0.6499955058097839,0.1422443389892578,0.5208585858345032,-0.032044246792793274,0.06620000302791595,-0.022847848013043404,0.9074731469154358,-0.8220773339271545,-0.29712480306625366,0.6437164545059204,0.1309666484594345,0.06963026523590088,0.03139347583055496,0.8377900719642639,-0.8075015544891357,0.19686271250247955,0.6572539806365967,-0.055352833122015,0.06601108610630035
29,0.966666657,-0.02471386268734932,0.7333524227142334,-0.7072947025299072,-0.24727824330329895,0.5557128190994263,0.11339404433965683,0.06930000334978104,0.03431317210197449,0.7016398310661316,-0.7152184844017029,0.17844246327877045,0.578489363193512,-0.05351179465651512,0.06610000133514404,-0.038236699998378754,1.0138715505599976,-0.8962906002998352,-0.3527708351612091,0.6866112351417542,0.16703885793685913,0.06968279182910919,0.059474505484104156,0.9587008953094482,-0.8759316802024841,0.25534430146217346,0.7244052886962891,-0.09524290263652802,0.06568514555692673
30,0.99999999,-0.03609341010451317,0.789307713508606,-0.7747516632080078,-0.28902652859687805,0.6133435964584351,0.14152875542640686,0.06930000334978104,0.03431317210197449,0.7016398310661316,-0.7152184844017029,0.17844246327877045,0.578489363193512,-0.05351179465651512,0.06610000133514404,-0.047445476055145264,1.0789966583251953,-0.9378111362457275,-0.37923747301101685,0.709945559501648,0.18421563506126404,0.06973091512918472,0.059474505484104156,0.9587008953094482,-0.8759316802024841,0.25534430146217346,0.7244052886962891,-0.09524290263652802,0.06568514555692673
31,1.033333323,-0.03609341010451317,0.789307713508606,-0.7747516632080078,-0.28902652859687805,0.6133435964584351,0.14152875542640686,0.06930000334978104,0.051574479788541794,0.7722383737564087,-0.7703359723091125,0.2125636488199234,0.6296100616455078,-0.07770206034183502,0.06599999964237213,-0.047445476055145264,1.0789966583251953,-0.9378111362457275,-0.37923747301101685,0.709945559501648,0.18421563506126404,0.06973091512918472,0.07349245250225067,0.9976540207862854,-0.8912588953971863,0.2807024121284485,0.7428045868873596,-0.11263885349035263,0.06556534022092819
32,1.066666656,-0.04937536269426346,0.8696277737617493,-0.8340579271316528,-0.3307049870491028,0.6556329131126404,0.172822505235672,0.06930000334978104,0.07389724254608154,0.8425925970077515,-0.8202000260353088,0.24982643127441406,0.6764197945594788,-0.1042834222316742,0.06589999794960022,-0.0758872702717781,1.1725817918777466,-0.9936768412590027,-0.41574254631996155,0.7414418458938599,0.2156195044517517,0.06967847794294357,0.10637207329273224,1.088539481163025,-0.9235652089118958,0.3283543586730957,0.7790440320968628,-0.15137097239494324,0.06506316363811493
33,1.099999989,-0.06953391432762146,0.9501048922538757,-0.8885994553565979,-0.37428584694862366,0.6900159120559692,0.19769343733787537,0.06930000334978104,0.07389724254608154,0.8425925970077515,-0.8202000260353088,0.24982643127441406,0.6764197945594788,-0.1042834222316742,0.06589999794960022,-0.09076123684644699,1.2214791774749756,-1.0226737260818481,-0.43194645643234253,0.7564784288406372,0.23492321372032166,0.06963172554969788,0.10637207329273224,1.088539481163025,-0.9235652089118958,0.3283543586730957,0.7790440320968628,-0.15137097239494324,0.06506316363811493
34,1.133333322,-0.06953391432762146,0.9501048922538757,-0.8885994553565979,-0.37428584694862366,0.6900159120559692,0.19769343733787537,0.06930000334978104,0.09576621651649475,0.8988620042800903,-0.8637634515762329,0.2853962481021881,0.7189883589744568,-0.13041099905967712,0.06549999862909317,-0.09076123684644699,1.2214791774749756,-1.0226737260818481,-0.43194645643234253,0.7564784288406372,0.23492321372032166,0.06963172554969788,0.11724191159009933,1.1175254583358765,-0.9290289878845215,0.3380638659000397,0.7852913737297058,-0.15984483063220978,0.06489846110343933
35,1.166666655,-0.08983209729194641,1.039413332939148,-0.9415004253387451,-0.4050211012363434,0.7289193272590637,0.2235243171453476,0.06930000334978104,0.116378553211689,0.9691464304924011,-0.898006796836853,0.3165329098701477,0.7519751191139221,-0.1506568193435669,0.0649000033736229,-0.12397897243499756,1.3088568449020386,-1.083067536354065,-0.44889259338378906,0.7871046662330627,0.25856655836105347,0.06955164670944214,0.14962004125118256,1.1811665296554565,-0.9322775602340698,0.360520601272583,0.7909715175628662,-0.17523761093616486,0.06435320526361465
36,1.199999988,-0.11458086222410202,1.1158937215805054,-0.9987297654151917,-0.434307724237442,0.7617140412330627,0.24834290146827698,0.06930000334978104,0.116378553211689,0.9691464304924011,-0.898006796836853,0.3165329098701477,0.7519751191139221,-0.1506568193435669,0.0649000033736229,-0.1421859860420227,1.3544633388519287,-1.1191229820251465,-0.45285531878471375,0.8040857315063477,0.2688247561454773,0.06950192898511887,0.14962004125118256,1.1811665296554565,-0.9322775602340698,0.360520601272583,0.7909715175628662,-0.17523761093616486,0.06435320526361465
37,1.233333321,-0.11458086222410202,1.1158937215805054,-0.9987297654151917,-0.434307724237442,0.7617140412330627,0.24834290146827698,0.06930000334978104,0.13779374957084656,1.0358703136444092,-0.9224414229393005,0.34489449858665466,0.7776663303375244,-0.17006488144397736,0.06469999998807907,-0.1421859860420227,1.3544633388519287,-1.1191229820251465,-0.45285531878471375,0.8040857315063477,0.2688247561454773,0.06950192898511887,0.1623341143131256,1.203282356262207,-0.9309099912643433,0.367384672164917,0.7912344336509705,-0.17955243587493896,0.06422910839319229
38,1.266666654,-0.1388583928346634,1.1986048221588135,-1.0496584177017212,-0.4479387402534485,0.7917511463165283,0.26864108443260193,0.06930000334978104,0.13779374957084656,1.0358703136444092,-0.9224414229393005,0.34489449858665466,0.7776663303375244,-0.17006488144397736,0.06469999998807907,-0.17755965888500214,1.43778395652771,-1.1773667335510254,-0.45255380868911743,0.8318362236022949,0.2856999635696411,0.06939223408699036,0.1623341143131256,1.203282356262207,-0.9309099912643433,0.367384672164917,0.7912344336509705,-0.17955243587493896,0.06422910839319229
39,1.299999987,-0.16290903091430664,1.2691510915756226,-1.0982658863067627,-0.4513770639896393,0.8133583664894104,0.28265607357025146,0.06930000334978104,0.15905185043811798,1.0950545072555542,-0.9311331510543823,0.3629063069820404,0.7877368927001953,-0.17928022146224976,0.06449999660253525,-0.20005568861961365,1.4860528707504272,-1.212653398513794,-0.4500596523284912,0.8516204357147217,0.2986939549446106,0.06936507672071457,0.188985213637352,1.238369107246399,-0.926772952079773,0.3750654458999634,0.7882764339447021,-0.17374399304389954,0.06393121182918549
40,1.33333332,-0.16290903091430664,1.2691510915756226,-1.0982658863067627,-0.4513770639896393,0.8133583664894104,0.28265607357025146,0.06930000334978104,0.1788264364004135,1.153749942779541,-0.9311331510543823,0.3729419410228729,0.7877368927001953,-0.17928022146224976,0.06430000066757202,-0.20005568861961365,1.4860528707504272,-1.212653398513794,-0.4500596523284912,0.8516204357147217,0.2986939549446106,0.06936507672071457,0.19881846010684967,1.2499287128448486,-0.9236164689064026,0.373958557844162,0.7855699062347412,-0.16903454065322876,0.06378967314958572
41,1.366666653,-0.1907121241092682,1.3394877910614014,-1.1482172012329102,-0.4490033984184265,0.8406901955604553,0.29846876859664917,0.06930000334978104,0.1788264364004135,1.153749942779541,-0.9311331510543823,0.3729419410228729,0.7877368927001953,-0.17928022146224976,0.06430000066757202,-0.2451685667037964,1.574144721031189,-1.2795584201812744,-0.4402153193950653,0.8856056332588196,0.314505010843277,0.06928050518035889,0.19881846010684967,1.2499287128448486,-0.9236164689064026,0.373958557844162,0.7855699062347412,-0.16903454065322876,0.06378967314958572
42,1.399999986,-0.2191784530878067,1.40788733959198,-1.2031078338623047,-0.4432263672351837,0.8638157844543457,0.3121695816516876,0.06930000334978104,0.19737929105758667,1.1982907056808472,-0.9232268333435059,0.37290704250335693,0.7853632569313049,-0.16608552634716034,0.06400000303983688,-0.26950615644454956,1.6193615198135376,-1.3121145963668823,-0.43366456031799316,0.9023203253746033,0.32150405645370483,0.06924260407686234,0.21454739570617676,1.2595386505126953,-0.9219790697097778,0.36552560329437256,0.7879492044448853,-0.15306447446346283,0.06356232613325119
43,1.433333319,-0.2191784530878067,1.40788733959198,-1.2031078338623047,-0.4432263672351837,0.8638157844543457,0.3121695816516876,0.06930000334978104,0.21296507120132446,1.2316614389419556,-0.9227904677391052,0.36569884419441223,0.7874576449394226,-0.15645131468772888,0.06360000371932983,-0.26950615644454956,1.6193615198135376,-1.3121145963668823,-0.43366456031799316,0.9023203253746033,0.32150405645370483,0.06924260407686234,0.21925519406795502,1.2587517499923706,-0.9203425645828247,0.3646855056285858,0.7888678312301636,-0.147231325507164,0.06337212771177292
44,1.466666652,-0.25136232376098633,1.4764962196350098,-1.252291202545166,-0.4309217929840088,0.8945510387420654,0.3215070962905884,0.06930000334978104,0.21296507120132446,1.2316614389419556,-0.9227904677391052,0.36569884419441223,0.7874576449394226,-0.15645131468772888,0.06360000371932983,-0.31524795293807983,1.7041678428649902,-1.3671386241912842,-0.4179403483867645,0.9302653670310974,0.3277123272418976,0.06921324878931046,0.21925519406795502,1.2587517499923706,-0.9203425645828247,0.3646855056285858,0.7888678312301636,-0.147231325507164,0.06337212771177292
45,1.499999985,-0.2831971347332001,1.5438833236694336,-1.2986994981765747,-0.4199960231781006,0.9144477844238281,0.3280695378780365,0.06909999996423721,0.22134265303611755,1.2505109310150146,-0.9210625886917114,0.36569884419441223,0.7899360060691833,-0.14503686130046844,0.06360000371932983,-0.3380555808544159,1.7426546812057495,-1.391087293624878,-0.40610742568969727,0.9394562244415283,0.32389193773269653,0.06911758333444595,0.22295953333377838,1.2500298023223877,-0.9201447367668152,0.3546169698238373,0.7945836782455444,-0.13024982810020447,0.06334394216537476
46,1.533333318,-0.2831971347332001,1.5438833236694336,-1.2986994981765747,-0.4199960231781006,0.9144477844238281,0.3280695378780365,0.06909999996423721,0.2232101559638977,1.2585917711257935,-0.9210625886917114,0.35665804147720337,0.7944389581680298,-0.13355259597301483,0.06360000371932983,-0.3380555808544159,1.7426546812057495,-1.391087293624878,-0.40610742568969727,0.9394562244415283,0.32389193773269653,0.06911758333444595,0.22273628413677216,1.2440383434295654,-0.9198758602142334,0.3511098027229309,0.798270583152771,-0.12227081507444382,0.0632973462343216
47,1.566666651,-0.3208438754081726,1.618600845336914,-1.3426294326782227,-0.404462605714798,0.9355139136314392,0.3235142230987549,0.06909999996423721,0.2232101559638977,1.2585917711257935,-0.9210625886917114,0.35665804147720337,0.7944389581680298,-0.13355259597301483,0.06360000371932983,-0.37953805923461914,1.820974349975586,-1.434967279434204,-0.3909794092178345,0.9539539813995361,0.32181623578071594,0.06874869018793106,0.22273628413677216,1.2440383434295654,-0.9198758602142334,0.3511098027229309,0.798270583152771,-0.12227081507444382,0.0632973462343216
48,1.599999984,-0.3208438754081726,1.618600845336914,-1.3426294326782227,-0.404462605714798,0.9355139136314392,0.3235142230987549,0.06909999996423721,0.2232101559638977,1.257806420326233,-0.9210625886917114,0.34894368052482605,0.8009315729141235,-0.12318533658981323,0.06350000202655792,-0.37953805923461914,1.820974349975586,-1.434967279434204,-0.3909794092178345,0.9539539813995361,0.32181623578071594,0.06874869018793106,0.22224101424217224,1.231934666633606,-0.9213760495185852,0.3433208465576172,0.8058852553367615,-0.11221484839916229,0.06334401667118073
49,1.633333317,-0.35215508937835693,1.6828464269638062,-1.383260726928711,-0.3920184075832367,0.9480453729629517,0.3235142230987549,0.0689999982714653,0.2232101559638977,1.2392536401748657,-0.9210625886917114,0.3441265821456909,0.8030783534049988,-0.11428415775299072,0.06350000202655792,-0.39758971333503723,1.8544694185256958,-1.4525480270385742,-0.3815276324748993,0.9590046405792236,0.3197764754295349,0.0685335025191307,0.2195172905921936,1.225337266921997,-0.9232286810874939,0.34331178665161133,0.8073359131813049,-0.10916485637426376,0.06334695219993591
50,1.66666665,-0.3819827735424042,1.7442646026611328,-1.4194588661193848,-0.3795393109321594,0.9602277874946594,0.3187843859195709,0.06870000064373016,0.2209412306547165,1.2232489585876465,-0.9228951930999756,0.3441265821456909,0.8090822696685791,-0.10681415349245071,0.06350000202655792,-0.42710816860198975,1.919096827507019,-1.4858063459396362,-0.36706992983818054,0.9675249457359314,0.30686336755752563,0.06790736317634583,0.22065898776054382,1.2126132249832153,-0.9272706508636475,0.3376457989215851,0.8178333640098572,-0.10090110450983047,0.06317759305238724
51,1.699999983,-0.3819827735424042,1.7442646026611328,-1.4194588661193848,-0.3795393109321594,0.9602277874946594,0.3187843859195709,0.06870000064373016,0.2209412306547165,1.2232489585876465,-0.9228951930999756,0.3441265821456909,0.8090822696685791,-0.10681415349245071,0.06350000202655792,-0.42710816860198975,1.919096827507019,-1.4858063459396362,-0.36706992983818054,0.9675249457359314,0.30686336755752563,0.06790736317634583,0.22065898776054382,1.2126132249832153,-0.9272706508636475,0.3376457989215851,0.8178333640098572,-0.10090110450983047,0.06317759305238724
52,1.733333316,-0.40887829661369324,1.8026982545852661,-1.4532833099365234,-0.3675837814807892,0.968378484249115,0.31009265780448914,0.0681999996304512,0.2209412306547165,1.2149237394332886,-0.926874577999115,0.33649948239326477,0.8149640560150146,-0.10171779245138168,0.0632999986410141,-0.4384233057498932,1.9459103345870972,-1.5011587142944336,-0.3630436360836029,0.9701485633850098,0.3015124201774597,0.06776776909828186,0.2177729308605194,1.2108250856399536,-0.9300075173377991,0.3361709415912628,0.8219826221466064,-0.09552396833896637,0.06308908015489578
53,1.766666649,-0.43505823612213135,1.865774393081665,-1.4872474670410156,-0.362347811460495,0.9719040393829346,0.2989574372768402,0.06800000369548798,0.2186024934053421,1.2105255126953125,-0.9315345883369446,0.33649948239326477,0.8235859870910645,-0.09714502841234207,0.06319999694824219,-0.4573363959789276,1.9981014728546143,-1.5287705659866333,-0.35535699129104614,0.9741719365119934,0.28588855266571045,0.06784863770008087,0.21639668941497803,1.2034672498703003,-0.9367014765739441,0.33278998732566833,0.8302300572395325,-0.09279448539018631,0.06293150782585144
54,1.799999982,-0.43505823612213135,1.865774393081665,-1.4872474670410156,-0.362347811460495,0.9719040393829346,0.2989574372768402,0.06800000369548798,0.2186024934053421,1.2105255126953125,-0.9315345883369446,0.33649948239326477,0.8235859870910645,-0.09714502841234207,0.06319999694824219,-0.4573363959789276,1.9981014728546143,-1.5287705659866333,-0.35535699129104614,0.9741719365119934,0.28588855266571045,0.06784863770008087,0.21639668941497803,1.2034672498703003,-0.9367014765739441,0.33278998732566833,0.8302300572395325,-0.09279448539018631,0.06293150782585144
55,1.833333315,-0.4536808729171753,1.9171743392944336,-1.5128339529037476,-0.35477307438850403,0.975272536277771,0.28930577635765076,0.06790000200271606,0.21680480241775513,1.2056734561920166,-0.9347983598709106,0.33245033025741577,0.8296597003936768,-0.09222319722175598,0.0632999986410141,-0.4662567377090454,2.0234150886535645,-1.5410971641540527,-0.35479843616485596,0.9778419137001038,0.2761780917644501,0.06795339286327362,0.2156001180410385,1.2051432132720947,-0.9386616349220276,0.3324161469936371,0.8314281105995178,-0.08758631348609924,0.06295789778232574
56,1.866666648,-0.4659854471683502,1.9643681049346924,-1.53817617893219,-0.35477307438850403,0.9774891138076782,0.27321383357048035,0.06790000200271606,0.21680480241775513,1.2035092115402222,-0.9398598074913025,0.3323630392551422,0.831265389919281,-0.08735372871160507,0.0632999986410141,-0.4753069281578064,2.0578606128692627,-1.557732105255127,-0.3527675271034241,0.9801495671272278,0.2584206461906433,0.06823810935020447,0.21405930817127228,1.2090989351272583,-0.9456452131271362,0.33048370480537415,0.8347606062889099,-0.08812087029218674,0.06278946995735168
57,1.899999981,-0.4659854471683502,1.9643681049346924,-1.53817617893219,-0.35477307438850403,0.9774891138076782,0.27321383357048035,0.06790000200271606,0.21680480241775513,1.2035092115402222,-0.9398598074913025,0.3323630392551422,0.831265389919281,-0.08735372871160507,0.0632999986410141,-0.4753069281578064,2.0578606128692627,-1.557732105255127,-0.3527675271034241,0.9801495671272278,0.2584206461906433,0.06823810935020447,0.21405930817127228,1.2090989351272583,-0.9456452131271362,0.33048370480537415,0.8347606062889099,-0.08812087029218674,0.06278946995735168
58,1.933333314,-0.4758291244506836,2.0061511993408203,-1.5544774532318115,-0.35304519534111023,0.9802641868591309,0.25909411907196045,0.06790000200271606,0.21444860100746155,1.2065809965133667,-0.944886326789856,0.3304082751274109,0.8351051211357117,-0.08689994364976883,0.06310000270605087,-0.47891998291015625,2.0738556385040283,-1.566613793373108,-0.3516395688056946,0.9812495708465576,0.25007811188697815,0.06838821619749069,0.21566706895828247,1.211618185043335,-0.9504220485687256,0.3304542899131775,0.8356730341911316,-0.0880604237318039,0.06270905584096909
59,1.966666647,-0.4813443422317505,2.042576313018799,-1.568405270576477,-0.35100317001342773,0.9802641868591309,0.24553291499614716,0.06790000200271606,0.21444860100746155,1.213579773902893,-0.9505411982536316,0.3304082751274109,0.8351051211357117,-0.08702211827039719,0.06279999762773514,-0.4853099584579468,2.094978094100952,-1.5755321979522705,-0.3540380001068115,0.9825754165649414,0.23531422019004822,0.06843534111976624,0.21487276256084442,1.217514991760254,-0.9554269313812256,0.32898861169815063,0.8370763659477234,-0.08782271295785904,0.06262394040822983
60,1.99999998,-0.4813443422317505,2.042576313018799,-1.568405270576477,-0.35100317001342773,0.9802641868591309,0.24553291499614716,0.06790000200271606,0.21444860100746155,1.213579773902893,-0.9505411982536316,0.3304082751274109,0.8351051211357117,-0.08702211827039719,0.06279999762773514,-0.4853099584579468,2.094978094100952,-1.5755321979522705,-0.3540380001068115,0.9825754165649414,0.23531422019004822,0.06843534111976624,0.21487276256084442,1.217514991760254,-0.9554269313812256,0.32898861169815063,0.8370763659477234,-0.08782271295785904,0.06262394040822983
61,2.033333313,-0.48684215545654297,2.07645320892334,-1.5759276151657104,-0.3531673848628998,0.9828821420669556,0.2358812540769577,0.06800000369548798,0.21444860100746155,1.2158137559890747,-0.9561437368392944,0.3283662497997284,0.837705671787262,-0.08702211827039719,0.06279999762773514,-0.4882716238498688,2.1037380695343018,-1.579419493675232,-0.35601890087127686,0.9832774996757507,0.2297438681125641,0.06834472715854645,0.21574024856090546,1.2213340997695923,-0.955865204334259,0.3276480734348297,0.8378282785415649,-0.08820280432701111,0.06254833191633224
62,2.066666646,-0.48921579122543335,2.098531484603882,-1.5806574821472168,-0.35470327734947205,0.9852907061576843,0.22797490656375885,0.06800000369548798,0.21444860100746155,1.2206308841705322,-0.9558120965957642,0.3283662497997284,0.837705671787262,-0.08854055404663086,0.0625,-0.49203017354011536,2.113415479660034,-1.5868464708328247,-0.36381927132606506,0.9860205054283142,0.22009238600730896,0.06810823827981949,0.21615126729011536,1.2276034355163574,-0.9568054676055908,0.3242468535900116,0.8368597030639648,-0.08957931399345398,0.06223798915743828
63,2.099999979,-0.48921579122543335,2.098531484603882,-1.5806574821472168,-0.35470327734947205,0.9852907061576843,0.22797490656375885,0.06800000369548798,0.21444860100746155,1.2206308841705322,-0.9558120965957642,0.3283662497997284,0.837705671787262,-0.08854055404663086,0.0625,-0.49203017354011536,2.113415479660034,-1.5868464708328247,-0.36381927132606506,0.9860205054283142,0.22009238600730896,0.06810823827981949,0.21615126729011536,1.2276034355163574,-0.9568054676055908,0.3242468535900116,0.8368597030639648,-0.08957931399345398,0.06223798915743828
64,2.133333312,-0.4914498031139374,2.1132447719573975,-1.587551474571228,-0.36330774426460266,0.9852907061576843,0.2197544127702713,0.06800000369548798,0.21444860100746155,1.2291830778121948,-0.9558120965957642,0.32304298877716064,0.8391892313957214,-0.08854055404663086,0.06239999830722809,-0.4947129487991333,2.117798089981079,-1.5918124914169312,-0.36938583850860596,0.9840846061706543,0.2159968465566635,0.0679081380367279,0.2170930951833725,1.229602575302124,-0.9565649032592773,0.3246138393878937,0.8339027166366577,-0.09065234661102295,0.062145862728357315
65,2.166666645,-0.49675559997558594,2.118759870529175,-1.5945502519607544,-0.3686484396457672,0.9831090569496155,0.21549580991268158,0.06790000200271606,0.2166302651166916,1.2300382852554321,-0.9558120965957642,0.325416624546051,0.8327489495277405,-0.09030333906412125,0.062199998646974564,-0.4987432062625885,2.1236767768859863,-1.5983480215072632,-0.3785818815231323,0.9858724474906921,0.2118181437253952,0.06728462874889374,0.21531209349632263,1.2365264892578125,-0.9545686841011047,0.3230912983417511,0.8328532576560974,-0.09174477308988571,0.06191592290997505
66,2.199999978,-0.49675559997558594,2.118759870529175,-1.5945502519607544,-0.3686484396457672,0.9831090569496155,0.21549580991268158,0.06790000200271606,0.2166302651166916,1.2300382852554321,-0.9558120965957642,0.325416624546051,0.8327489495277405,-0.09030333906412125,0.062199998646974564,-0.4987432062625885,2.1236767768859863,-1.5983480215072632,-0.3785818815231323,0.9858724474906921,0.2118181437253952,0.06728462874889374,0.21531209349632263,1.2365264892578125,-0.9545686841011047,0.3230912983417511,0.8328532576560974,-0.09174477308988571,0.06191592290997505
67,2.233333311,-0.4989023804664612,2.1236817836761475,-1.5999782085418701,-0.3765373229980469,0.9852383732795715,0.21348866820335388,0.06759999692440033,0.21479767560958862,1.2365832328796387,-0.9558120965957642,0.325416624546051,0.8327489495277405,-0.09091419726610184,0.06210000067949295,-0.5006884932518005,2.128253936767578,-1.6026111841201782,-0.3842547833919525,0.9872187972068787,0.20959703624248505,0.06707771122455597,0.2145642191171646,1.2389805316925049,-0.9536753296852112,0.3244483172893524,0.8321706056594849,-0.09275201708078384,0.061832401901483536
68,2.266666644,-0.5033704042434692,2.1280100345611572,-1.603765606880188,-0.38760271668434143,0.987385094165802,0.20762436091899872,0.06719999760389328,0.21479767560958862,1.2365832328796387,-0.9558120965957642,0.325416624546051,0.8327489495277405,-0.09091419726610184,0.06210000067949295,-0.507157564163208,2.1331422328948975,-1.6073240041732788,-0.39396852254867554,0.9874856472015381,0.20502108335494995,0.0664137676358223,0.2145642191171646,1.2389805316925049,-0.9536753296852112,0.3244483172893524,0.8321706056594849,-0.09275201708078384,0.061832401901483536
69,2.299999977,-0.5033704042434692,2.1280100345611572,-1.603765606880188,-0.38760271668434143,0.987385094165802,0.20762436091899872,0.06719999760389328,0.21479767560958862,1.2419413328170776,-0.9539969563484192,0.32410764694213867,0.8300262093544006,-0.09091419726610184,0.06210000067949295,-0.507157564163208,2.1331422328948975,-1.6073240041732788,-0.39396852254867554,0.9874856472015381,0.20502108335494995,0.0664137676358223,0.21359534561634064,1.243194818496704,-0.9521269202232361,0.3257654309272766,0.8288606405258179,-0.09402772784233093,0.06160442531108856
70,2.33333331,-0.5081875324249268,2.1323211193084717,-1.6061217784881592,-0.39413025975227356,0.9896191358566284,0.20516344904899597,0.066600002348423,0.21479767560958862,1.2424824237823486,-0.952164351940155,0.3252072036266327,0.8299389481544495,-0.09342747181653976,0.061900001019239426,-0.5097432732582092,2.1350793838500977,-1.6096022129058838,-0.39921244978904724,0.9865505695343018,0.20331817865371704,0.06589434295892715,0.2137308269739151,1.2466505765914917,-0.9496901631355286,0.3271667957305908,0.8280532956123352,-0.09543326497077942,0.06156981736421585
71,2.366666643,-0.5109102129936218,2.1365272998809814,-1.6106247901916504,-0.4029092490673065,0.9856223464012146,0.20285962522029877,0.0658000037074089,0.21479767560958862,1.2468981742858887,-0.9502619504928589,0.3266558349132538,0.8275478482246399,-0.09580112248659134,0.0617000013589859,-0.5142314434051514,2.1377511024475098,-1.6113499402999878,-0.40738892555236816,0.9870017766952515,0.20071923732757568,0.06384710967540741,0.2130441963672638,1.2490873336791992,-0.94754958152771,0.33064866065979004,0.8255152106285095,-0.09955031424760818,0.06129958853125572
72,2.399999976,-0.5109102129936218,2.1365272998809814,-1.6106247901916504,-0.4029092490673065,0.9856223464012146,0.20285962522029877,0.0658000037074089,0.21479767560958862,1.2468981742858887,-0.9502619504928589,0.3266558349132538,0.8275478482246399,-0.09580112248659134,0.0617000013589859,-0.5142314434051514,2.1377511024475098,-1.6113499402999878,-0.40738892555236816,0.9870017766952515,0.20071923732757568,0.06384710967540741,0.2130441963672638,1.2490873336791992,-0.94754958152771,0.33064866065979004,0.8255152106285095,-0.09955031424760818,0.06129958853125572
73,2.433333309,-0.5134060382843018,2.1365272998809814,-1.6106247901916504,-0.4069409668445587,0.9856223464012146,0.2010793834924698,0.06449999660253525,0.21299998462200165,1.2495684623718262,-0.9479406476020813,0.32759830355644226,0.8257327079772949,-0.09827949106693268,0.06159999966621399,-0.5161892771720886,2.1391489505767822,-1.612099528312683,-0.4100627303123474,0.9845559000968933,0.20126879215240479,0.06303195655345917,0.21381355822086334,1.2506178617477417,-0.9466803669929504,0.3324142396450043,0.8236223459243774,-0.09666488319635391,0.06109803169965744
74,2.466666642,-0.5159367918968201,2.1388661861419678,-1.6127889156341553,-0.4107632339000702,0.9834930300712585,0.2010793834924698,0.0632999986410141,0.21299998462200165,1.2495684623718262,-0.9463873505592346,0.33220598101615906,0.8231845498085022,-0.0999375507235527,0.06129999831318855,-0.5195431709289551,2.144594192504883,-1.612989902496338,-0.41440802812576294,0.981511652469635,0.19772732257843018,0.06126914173364639,0.2134990245103836,1.2508964538574219,-0.9440600275993347,0.3335665166378021,0.8221001029014587,-0.09963938593864441,0.061059098690748215
75,2.499999975,-0.5159367918968201,2.1388661861419678,-1.6127889156341553,-0.4107632339000702,0.9834930300712585,0.2010793834924698,0.0632999986410141,0.21299998462200165,1.2495684623718262,-0.9463873505592346,0.33220598101615906,0.8231845498085022,-0.0999375507235527,0.06129999831318855,-0.5195431709289551,2.144594192504883,-1.612989902496338,-0.41440802812576294,0.981511652469635,0.19772732257843018,0.06126914173364639,0.2134990245103836,1.2508964538574219,-0.9440600275993347,0.3335665166378021,0.8221001029014587,-0.09963938593864441,0.061059098690748215
76,2.533333308,-0.5198463201522827,2.1452016830444336,-1.6127889156341553,-0.4139048457145691,0.9797230958938599,0.19751891493797302,0.061799999326467514,0.21299998462200165,1.2495684623718262,-0.9441533088684082,0.33220598101615906,0.823027491569519,-0.0999375507235527,0.06109999865293503,-0.5210281610488892,2.145946502685547,-1.6140440702438354,-0.4155873954296112,0.9799088835716248,0.20028471946716309,0.060314588248729706,0.21360832452774048,1.2501847743988037,-0.9443035125732422,0.33452194929122925,0.8205114006996155,-0.09815663844347,0.060909684747457504
77,2.566666641,-0.5218185186386108,2.147470474243164,-1.6127889156341553,-0.41484731435775757,0.979356586933136,0.20228366553783417,0.060499999672174454,0.21299998462200165,1.2505632638931274,-0.9441533088684082,0.33252012729644775,0.8186641335487366,-0.09752900153398514,0.0608999989926815,-0.5233069658279419,2.148078441619873,-1.6161116361618042,-0.4119843542575836,0.9792382717132568,0.20064333081245422,0.057956062257289886,0.21272769570350647,1.2485791444778442,-0.9417231678962708,0.3347267210483551,0.8201595544815063,-0.09923840314149857,0.06073635816574097
78,2.599999974,-0.5218185186386108,2.147470474243164,-1.6127889156341553,-0.41484731435775757,0.979356586933136,0.20228366553783417,0.060499999672174454,0.21299998462200165,1.2505632638931274,-0.9441533088684082,0.33252012729644775,0.8186641335487366,-0.09752900153398514,0.0608999989926815,-0.5233069658279419,2.148078441619873,-1.6161116361618042,-0.4119843542575836,0.9792382717132568,0.20064333081245422,0.057956062257289886,0.21272769570350647,1.2485791444778442,-0.9417231678962708,0.3347267210483551,0.8201595544815063,-0.09923840314149857,0.06073635816574097
79,2.633333307,-0.523651123046875,2.147470474243164,-1.6154417991638184,-0.41287508606910706,0.979356586933136,0.2004859745502472,0.05869999900460243,0.21299998462200165,1.2505632638931274,-0.9429664611816406,0.3346494436264038,0.8186815977096558,-0.09943141043186188,0.0608999989926815,-0.5243078470230103,2.1463558673858643,-1.614044189453125,-0.41555824875831604,0.9774731397628784,0.19773398339748383,0.056627508252859116,0.2126174420118332,1.250089406967163,-0.9412288069725037,0.33667290210723877,0.8205745220184326,-0.09914098680019379,0.06069311499595642
80,2.66666664,-0.5235987901687622,2.147470474243164,-1.6154417991638184,-0.4147076904773712,0.9758484959602356,0.19744910299777985,0.0568000003695488,0.21299998462200165,1.2505632638931274,-0.9419018626213074,0.3346494436264038,0.8227481842041016,-0.09943141043186188,0.06080000102519989,-0.5257682204246521,2.148205518722534,-1.612192153930664,-0.41362449526786804,0.9749245047569275,0.1995425969362259,0.05325835943222046,0.21343103051185608,1.2489873170852661,-0.9432365298271179,0.3323443830013275,0.8212705254554749,-0.09902382642030716,0.06058061867952347
81,2.699999973,-0.5235987901687622,2.147470474243164,-1.6154417991638184,-0.4147076904773712,0.9758484959602356,0.19744910299777985,0.0568000003695488,0.21299998462200165,1.2505632638931274,-0.9419018626213074,0.3346494436264038,0.8227481842041016,-0.09943141043186188,0.06080000102519989,-0.5257682204246521,2.148205518722534,-1.612192153930664,-0.41362449526786804,0.9749245047569275,0.1995425969362259,0.05325835943222046,0.21343103051185608,1.2489873170852661,-0.9432365298271179,0.3323443830013275,0.8212705254554749,-0.09902382642030716,0.06058061867952347
82,2.733333306,-0.5252742767333984,2.147470474243164,-1.6133126020431519,-0.4147076904773712,0.9758484959602356,0.199351504445076,0.0544000007212162,0.21299998462200165,1.2505632638931274,-0.9419018626213074,0.33248522877693176,0.8196415305137634,-0.09943141043186188,0.060600001364946365,-0.5245682597160339,2.148144245147705,-1.609596610069275,-0.41730523109436035,0.9736312031745911,0.19976171851158142,0.05156703665852547,0.2133708894252777,1.2482346296310425,-0.9442908763885498,0.3340795934200287,0.822924792766571,-0.10155938565731049,0.060390230268239975
83,2.766666639,-0.5252742767333984,2.1485352516174316,-1.6071341037750244,-0.41657519340515137,0.9733526706695557,0.199351504445076,0.05169999971985817,0.21299998462200165,1.2487655878067017,-0.9437170028686523,0.33424800634384155,0.8226609230041504,-0.10131636261940002,0.060499999672174454,-0.5239191055297852,2.150561809539795,-1.603493094444275,-0.4160154461860657,0.967009961605072,0.19814448058605194,0.047893039882183075,0.2121671438217163,1.2478643655776978,-0.9465796947479248,0.32941773533821106,0.8238462805747986,-0.10119215399026871,0.06026482582092285
84,2.799999972,-0.5252742767333984,2.1485352516174316,-1.6071341037750244,-0.41657519340515137,0.9733526706695557,0.199351504445076,0.05169999971985817,0.21299998462200165,1.2487655878067017,-0.9437170028686523,0.33424800634384155,0.8226609230041504,-0.10131636261940002,0.060499999672174454,-0.5239191055297852,2.150561809539795,-1.603493094444275,-0.4160154461860657,0.967009961605072,0.19814448058605194,0.047893039882183075,0.2121671438217163,1.2478643655776978,-0.9465796947479248,0.32941773533821106,0.8238462805747986,-0.10119215399026871,0.06026482582092285
85,2.833333305,-0.5252742767333984,2.149826765060425,-1.604830265045166,-0.41657519340515137,0.9672091007232666,0.19734437763690948,0.04879999905824661,0.21299998462200165,1.2487655878067017,-0.9459161162376404,0.32962289452552795,0.8226609230041504,-0.10131636261940002,0.060499999672174454,-0.5234864354133606,2.151491165161133,-1.6012895107269287,-0.4176357388496399,0.9642164707183838,0.19976913928985596,0.045683056116104126,0.2115391343832016,1.2465089559555054,-0.9479529857635498,0.32843077182769775,0.8237596154212952,-0.09878659248352051,0.06011733040213585
86,2.866666638,-0.5233718752861023,2.151205539703369,-1.6006414890289307,-0.41772711277008057,0.9636660814285278,0.20071285963058472,0.04560000076889992,0.21299998462200165,1.2487655878067017,-0.9459161162376404,0.32962289452552795,0.8226609230041504,-0.10131636261940002,0.060499999672174454,-0.5206776857376099,2.1536614894866943,-1.5974926948547363,-0.4212695360183716,0.9603918790817261,0.2010435312986374,0.038649946451187134,0.2115391343832016,1.2465089559555054,-0.9479529857635498,0.32843077182769775,0.8237596154212952,-0.09878659248352051,0.06011733040213585
87,2.899999971,-0.5233718752861023,2.151205539703369,-1.6006414890289307,-0.41772711277008057,0.9636660814285278,0.20071285963058472,0.04560000076889992,0.21299998462200165,1.2468981742858887,-0.9479930400848389,0.3277379274368286,0.8226609230041504,-0.09915215522050858,0.06040000170469284,-0.5206776857376099,2.1536614894866943,-1.5974926948547363,-0.4212695360183716,0.9603918790817261,0.2010435312986374,0.038649946451187134,0.21120281517505646,1.2490257024765015,-0.9501579999923706,0.32570287585258484,0.8247998952865601,-0.09792734682559967,0.05993973836302757
88,2.933333304,-0.5215916633605957,2.152601718902588,-1.596505045890808,-0.4220031499862671,0.9601754546165466,0.20071285963058472,0.04089999943971634,0.2110975682735443,1.2449084520339966,-0.9499827027320862,0.3277379274368286,0.8237605094909668,-0.09915215522050858,0.06019999831914902,-0.5189497470855713,2.152681589126587,-1.593597173690796,-0.4228171110153198,0.9591653347015381,0.19973905384540558,0.03595200181007385,0.21135947108268738,1.2464407682418823,-0.9526158571243286,0.32453781366348267,0.8242975473403931,-0.09818732738494873,0.059885360300540924
89,2.966666637,-0.5191481709480286,2.152601718902588,-1.5924558639526367,-0.42210787534713745,0.9583253860473633,0.20071285963058472,0.03590000048279762,0.2110975682735443,1.2449084520339966,-0.9499827027320862,0.3277379274368286,0.8237605094909668,-0.09915215522050858,0.06019999831914902,-0.5159866809844971,2.151691198348999,-1.5909572839736938,-0.42173996567726135,0.9553589820861816,0.2047286331653595,0.02521160989999771,0.21135947108268738,1.2464407682418823,-0.9526158571243286,0.32453781366348267,0.8242975473403931,-0.09818732738494873,0.059885360300540924
90,2.99999997,-0.5191481709480286,2.152601718902588,-1.5924558639526367,-0.42210787534713745,0.9583253860473633,0.20071285963058472,0.03590000048279762,0.2110975682735443,1.2467061281204224,-0.9512916803359985,0.32566097378730774,0.8237605094909668,-0.09915215522050858,0.060100000351667404,-0.5159866809844971,2.151691198348999,-1.5909572839736938,-0.42173996567726135,0.9553589820861816,0.2047286331653595,0.02521160989999771,0.21293866634368896,1.2489047050476074,-0.9530653357505798,0.3253413736820221,0.8233667612075806,-0.10086428374052048,0.05971924215555191
91,3.033333303,-0.5169665217399597,2.152601718902588,-1.590658187866211,-0.42210787534713745,0.9557422995567322,0.20432569086551666,0.029200000688433647,0.21305234730243683,1.2487831115722656,-0.9512916803359985,0.3254864513874054,0.8250869512557983,-0.1010894700884819,0.05999999865889549,-0.5173145532608032,2.15104341506958,-1.588915228843689,-0.426360547542572,0.951715350151062,0.20707981288433075,0.022054675966501236,0.21127665042877197,1.2498164176940918,-0.9545978903770447,0.3245978057384491,0.8232076168060303,-0.09811357408761978,0.059550195932388306
92,3.066666636,-0.5169665217399597,2.1499664783477783,-1.586347222328186,-0.4262617528438568,0.9497907161712646,0.2068040668964386,0.02419999986886978,0.21305234730243683,1.2487831115722656,-0.9512916803359985,0.3254864513874054,0.8250869512557983,-0.1010894700884819,0.05999999865889549,-0.5168362855911255,2.1468679904937744,-1.587430715560913,-0.4273068904876709,0.9444934725761414,0.2055785059928894,0.01915658824145794,0.21127665042877197,1.2498164176940918,-0.9545978903770447,0.3245978057384491,0.8232076168060303,-0.09811357408761978,0.059550195932388306
93,3.099999969,-0.5169665217399597,2.1499664783477783,-1.586347222328186,-0.4262617528438568,0.9497907161712646,0.2068040668964386,0.02419999986886978,0.21125465631484985,1.250929832458496,-0.9540493488311768,0.3254864513874054,0.8231321573257446,-0.09922196716070175,0.059700001031160355,-0.5168362855911255,2.1468679904937744,-1.587430715560913,-0.4273068904876709,0.9444934725761414,0.2055785059928894,0.01915658824145794,0.21049180626869202,1.251242995262146,-0.9553571343421936,0.32583528757095337,0.824948251247406,-0.10120530426502228,0.0594838447868824
94,3.133333302,-0.5169665217399597,2.1487796306610107,-1.586242437362671,-0.4262617528438568,0.9476090669631958,0.2068040668964386,0.020800000056624413,0.21125465631484985,1.250929832458496,-0.9540493488311768,0.3254864513874054,0.8231321573257446,-0.09922196716070175,0.059700001031160355,-0.51821368932724,2.144805431365967,-1.5850348472595215,-0.4280295968055725,0.9436312913894653,0.20387065410614014,0.018131183460354805,0.21049180626869202,1.251242995262146,-0.9553571343421936,0.32583528757095337,0.824948251247406,-0.10120530426502228,0.0594838447868824
95,3.166666635,-0.5169665217399597,2.1417458057403564,-1.586242437362671,-0.4262617528438568,0.9397550821304321,0.2048143893480301,0.01889999955892563,0.21125465631484985,1.2509472370147705,-0.9540493488311768,0.3254864513874054,0.8231321573257446,-0.10234610736370087,0.05950000137090683,-0.5176443457603455,2.135236978530884,-1.584143877029419,-0.4297230839729309,0.937458336353302,0.2071305215358734,0.016107702627778053,0.21241766214370728,1.2518869638442993,-0.9575514793395996,0.32416626811027527,0.8260157108306885,-0.1020830050110817,0.059173256158828735
96,3.199999968,-0.5169665217399597,2.1417458057403564,-1.586242437362671,-0.4262617528438568,0.9397550821304321,0.2048143893480301,0.01889999955892563,0.21125465631484985,1.2509472370147705,-0.9565625786781311,0.32297319173812866,0.8251218795776367,-0.10183995962142944,0.059300001710653305,-0.5176443457603455,2.135236978530884,-1.584143877029419,-0.4297230839729309,0.937458336353302,0.2071305215358734,0.016107702627778053,0.21105337142944336,1.2517774105072021,-0.9550750851631165,0.3245622217655182,0.8260321021080017,-0.10099271684885025,0.05905080586671829
97,3.233333301,-0.5169665217399597,2.1346423625946045,-1.584741473197937,-0.4262617528438568,0.9397027492523193,0.2070484161376953,0.01640000008046627,0.21125465631484985,1.2509472370147705,-0.9565625786781311,0.3243868947029114,0.8251218795776367,-0.10183995962142944,0.05920000001788139,-0.5198262333869934,2.1299712657928467,-1.5846059322357178,-0.4324018061161041,0.9370409846305847,0.20696835219860077,0.013412769883871078,0.2082756906747818,1.251134991645813,-0.9560970664024353,0.32594847679138184,0.8254381418228149,-0.1010889932513237,0.0589030459523201
98,3.266666634,-0.5190783739089966,2.126386880874634,-1.584741473197937,-0.43242278695106506,0.9354790449142456,0.2070484161376953,0.01269999984651804,0.21125465631484985,1.2509472370147705,-0.9565625786781311,0.3243868947029114,0.8251218795776367,-0.10183995962142944,0.05920000001788139,-0.519243597984314,2.1215503215789795,-1.5853536128997803,-0.4306376576423645,0.9311192631721497,0.20676644146442413,0.0062559545040130615,0.2082756906747818,1.251134991645813,-0.9560970664024353,0.32594847679138184,0.8254381418228149,-0.1010889932513237,0.0589030459523201
99,3.3333333,-0.5190783739089966,2.1201910972595215,-1.584741473197937,-0.43242278695106506,0.9306968450546265,0.2070484161376953,0.008700000122189522,0.20924752950668335,1.2527798414230347,-0.9565625786781311,0.3254340887069702,0.824231743812561,-0.10183995962142944,0.05909999832510948,-0.519720196723938,2.113913059234619,-1.5853861570358276,-0.4341510832309723,0.9278886914253235,0.20957398414611816,0.004320983309298754,0.21155644953250885,1.2532176971435547,-0.9552866816520691,0.3252721428871155,0.8246200084686279,-0.10419170558452606,0.058767229318618774
100,3.366666633,-0.5190783739089966,2.1101205348968506,-1.584741473197937,-0.43242278695106506,0.9285500645637512,0.20982348918914795,0.006500000134110451,0.20924752950668335,1.252448320388794,-0.9565625786781311,0.3254340887069702,0.8261690735816956,-0.10316640883684158,0.05900000035762787,-0.5206919312477112,2.0967721939086914,-1.5863091945648193,-0.4354166090488434,0.9256411790847778,0.21015949547290802,0.002678880700841546,0.2120610922574997,1.2501481771469116,-0.9548251032829285,0.32566919922828674,0.8245977759361267,-0.10384680330753326,0.05865497514605522
101,3.399999966,-0.5190783739089966,2.1101205348968506,-1.584741473197937,-0.43242278695106506,0.9285500645637512,0.20982348918914795,0.006500000134110451,0.21123719215393066,1.252448320388794,-0.9547649025917053,0.3254340887069702,0.8243888020515442,-0.10316640883684158,0.05900000035762787,-0.5206919312477112,2.0967721939086914,-1.5863091945648193,-0.4354166090488434,0.9256411790847778,0.21015949547290802,0.002678880700841546,0.21140313148498535,1.2512444257736206,-0.9519075155258179,0.3257140815258026,0.8253600001335144,-0.10798650234937668,0.058463457971811295
102,3.466666632,-0.5201430320739746,2.0813050270080566,-1.584741473197937,-0.4372573494911194,0.9264207482337952,0.21418680250644684,0.005200000014156103,0.21123719215393066,1.252448320388794,-0.9526355862617493,0.3254340887069702,0.8243888020515442,-0.106011301279068,0.05869999900460243,-0.5225021243095398,2.0514354705810547,-1.5886878967285156,-0.4351886212825775,0.9288387894630432,0.21567130088806152,0.002240583533421159,0.21081863343715668,1.2503665685653687,-0.952985405921936,0.3256576955318451,0.8249011039733887,-0.10425984859466553,0.05827639624476433
103,3.499999965,-0.5215044021606445,2.058929920196533,-1.5869755744934082,-0.4352676570415497,0.9306095838546753,0.21624629199504852,0.004900000058114529,0.21123719215393066,1.2507203817367554,-0.9526355862617493,0.3254340887069702,0.8272337317466736,-0.10726793855428696,0.05829999968409538,-0.5225159525871277,2.025604248046875,-1.588843584060669,-0.43414413928985596,0.9269164204597473,0.21567024290561676,0.0022217107471078634,0.21186871826648712,1.2451335191726685,-0.9463623762130737,0.32468023896217346,0.8262689709663391,-0.10729358345270157,0.05812760442495346
104,3.566666631,-0.5215044021606445,2.031825065612793,-1.5887033939361572,-0.4328940212726593,0.9282882809638977,0.21624629199504852,0.004999999888241291,0.21123719215393066,1.2444895505905151,-0.9465444087982178,0.3254340887069702,0.8245633244514465,-0.10726793855428696,0.05820000171661377,-0.5237860083580017,1.9625213146209717,-1.5936505794525146,-0.4300348460674286,0.9268838763237,0.22130857408046722,0.002101053250953555,0.21294280886650085,1.2443974018096924,-0.9483762383460999,0.3243775963783264,0.826015055179596,-0.10774341225624084,0.05795932933688164
105,3.599999964,-0.5215044021606445,2.031825065612793,-1.5887033939361572,-0.4328940212726593,0.9282882809638977,0.21624629199504852,0.004999999888241291,0.21357594430446625,1.2440358400344849,-0.9466665983200073,0.3254340887069702,0.8270591497421265,-0.10726793855428696,0.057999998331069946,-0.5237860083580017,1.9625213146209717,-1.5936505794525146,-0.4300348460674286,0.9268838763237,0.22130857408046722,0.002101053250953555,0.21474102139472961,1.2355952262878418,-0.9453242421150208,0.3280045688152313,0.8256964087486267,-0.10889109969139099,0.05787598714232445
106,3.633333297,-0.5227784514427185,1.9961854219436646,-1.5936251878738403,-0.43041566014289856,0.9282882809638977,0.22017328441143036,0.004999999888241291,0.21357594430446625,1.2440358400344849,-0.9466665983200073,0.3254340887069702,0.8270591497421265,-0.10726793855428696,0.057999998331069946,-0.5220963954925537,1.9225819110870361,-1.596229910850525,-0.42831236124038696,0.9222076535224915,0.22317184507846832,0.0021435446105897427,0.21474102139472961,1.2355952262878418,-0.9453242421150208,0.3280045688152313,0.8256964087486267,-0.10889109969139099,0.05787598714232445
107,3.66666663,-0.5227784514427185,1.9552749395370483,-1.5973951816558838,-0.4266282916069031,0.9238551259040833,0.22279128432273865,0.004999999888241291,0.21357594430446625,1.2363911867141724,-0.9466665983200073,0.3254340887069702,0.8247902393341064,-0.10726793855428696,0.057999998331069946,-0.5221166610717773,1.8392598628997803,-1.6025201082229614,-0.4227554202079773,0.9158468842506409,0.224630206823349,0.0020855749025940895,0.21718096733093262,1.2315244674682617,-0.9464020133018494,0.3292279839515686,0.8254380226135254,-0.11294638365507126,0.05769019573926926
108,3.699999963,-0.5227784514427185,1.9552749395370483,-1.5973951816558838,-0.4266282916069031,0.9238551259040833,0.22279128432273865,0.004999999888241291,0.21755528450012207,1.2283976078033447,-0.9466665983200073,0.3268478214740753,0.8256105780601501,-0.11243411153554916,0.05790000036358833,-0.5221166610717773,1.8392598628997803,-1.6025201082229614,-0.4227554202079773,0.9158468842506409,0.224630206823349,0.0020855749025940895,0.21626277267932892,1.2185190916061401,-0.9442386627197266,0.3311370015144348,0.8248980045318604,-0.11283647269010544,0.057501353323459625
109,3.733333296,-0.5227784514427185,1.9089539051055908,-1.6020551919937134,-0.4228583574295044,0.9182875156402588,0.22279128432273865,0.004999999888241291,0.21755528450012207,1.2283976078033447,-0.9466665983200073,0.3268478214740753,0.8256105780601501,-0.11243411153554916,0.05790000036358833,-0.5221560001373291,1.7928259372711182,-1.6058056354522705,-0.42126044631004333,0.9082518219947815,0.2201962023973465,0.002184688113629818,0.21626277267932892,1.2185190916061401,-0.9442386627197266,0.3311370015144348,0.8248980045318604,-0.11283647269010544,0.057501353323459625
110,3.766666629,-0.5210331678390503,1.8586186170578003,-1.6088968515396118,-0.42062434554100037,0.9055466055870056,0.22071433067321777,0.004999999888241291,0.21755528450012207,1.2102636098861694,-0.9447816014289856,0.3346494436264038,0.8260643482208252,-0.11833332479000092,0.05790000036358833,-0.5191174745559692,1.6921204328536987,-1.6202775239944458,-0.40668386220932007,0.8899411559104919,0.21828635036945343,0.002384243765845895,0.2209787219762802,1.1991013288497925,-0.9476523399353027,0.3403720259666443,0.8230888843536377,-0.12231093645095825,0.057190097868442535
111,3.833333295,-0.5186769366264343,1.7943904399871826,-1.618234395980835,-0.4069060683250427,0.8963836431503296,0.21731095016002655,0.004999999888241291,0.21755528450012207,1.2102636098861694,-0.9447816014289856,0.3346494436264038,0.8260643482208252,-0.11833332479000092,0.05790000036358833,-0.5177178978919983,1.6441171169281006,-1.6315596103668213,-0.40070995688438416,0.8842878937721252,0.21191652119159698,0.0024078618735074997,0.2209787219762802,1.1991013288497925,-0.9476523399353027,0.3403720259666443,0.8230888843536377,-0.12231093645095825,0.057190097868442535
112,3.866666628,-0.5186769366264343,1.7943904399871826,-1.618234395980835,-0.4069060683250427,0.8963836431503296,0.21731095016002655,0.004999999888241291,0.2194577008485794,1.1985524892807007,-0.9471378326416016,0.3384367823600769,0.8211424946784973,-0.12233012914657593,0.05770000070333481,-0.5177178978919983,1.6441171169281006,-1.6315596103668213,-0.40070995688438416,0.8842878937721252,0.21191652119159698,0.0024078618735074997,0.22400663793087006,1.1940438747406006,-0.9485335946083069,0.34528934955596924,0.8212360143661499,-0.12835842370986938,0.05709635838866234
113,3.899999961,-0.516687273979187,1.675428867340088,-1.6563348770141602,-0.38549086451530457,0.8777958750724792,0.20170770585536957,0.004999999888241291,0.22340214252471924,1.190838098526001,-0.9471378326416016,0.3445279896259308,0.8211424946784973,-0.12767083942890167,0.05739999935030937,-0.5159947872161865,1.5265436172485352,-1.6982747316360474,-0.37795549631118774,0.8757348656654358,0.1891433596611023,0.002732686698436737,0.2247656136751175,1.1855442523956299,-0.9467954635620117,0.3614470660686493,0.8206818103790283,-0.13967575132846832,0.05698096379637718
114,3.933333294,-0.516687273979187,1.675428867340088,-1.6563348770141602,-0.38549086451530457,0.8777958750724792,0.20170770585536957,0.004999999888241291,0.22340214252471924,1.190838098526001,-0.9471378326416016,0.3445279896259308,0.8211424946784973,-0.12767083942890167,0.05739999935030937,-0.5159947872161865,1.5265436172485352,-1.6982747316360474,-0.37795549631118774,0.8757348656654358,0.1891433596611023,0.002732686698436737,0.2247656136751175,1.1855442523956299,-0.9467954635620117,0.3614470660686493,0.8206818103790283,-0.13967575132846832,0.05698096379637718
115,3.966666627,-0.5142437815666199,1.6101186275482178,-1.689740538597107,-0.3724881708621979,0.8777958750724792,0.18533651530742645,0.004999999888241291,0.22340214252471924,1.1849912405014038,-0.9471378326416016,0.3602883219718933,0.8211424946784973,-0.13519319891929626,0.05700000002980232,-0.5124029517173767,1.4750107526779175,-1.76812744140625,-0.3609761595726013,0.8832526803016663,0.17321740090847015,0.0029776915907859802,0.228401780128479,1.1840614080429077,-0.9469162821769714,0.3672073483467102,0.8202682733535767,-0.14288662374019623,0.056774698197841644
116,3.99999996,-0.5142437815666199,1.6101186275482178,-1.689740538597107,-0.3724881708621979,0.8777958750724792,0.18533651530742645,0.004999999888241291,0.22821925580501556,1.1832808256149292,-0.9471378326416016,0.3700796067714691,0.8211424946784973,-0.14610150456428528,0.0568000003695488,-0.5124029517173767,1.4750107526779175,-1.76812744140625,-0.3609761595726013,0.8832526803016663,0.17321740090847015,0.0029776915907859802,0.23357538878917694,1.1790945529937744,-0.9482609629631042,0.3832235038280487,0.8236881494522095,-0.15582850575447083,0.05661751329898834
117,4.066666626,-0.5128999352455139,1.557549238204956,-1.7268636226654053,-0.36081191897392273,0.8879536986351013,0.17315411567687988,0.004999999888241291,0.232722207903862,1.1810119152069092,-0.9471378326416016,0.3802723288536072,0.8211424946784973,-0.1549328714609146,0.056699998676776886,-0.5116062164306641,1.4592938423156738,-1.8120731115341187,-0.3536316454410553,0.8940722942352295,0.16299571096897125,0.003036308102309704,0.24069897830486298,1.178362250328064,-0.9454473853111267,0.3917205035686493,0.8229200839996338,-0.16315750777721405,0.056416600942611694
118,4.099999959,-0.5117305517196655,1.5126943588256836,-1.7717012166976929,-0.35102060437202454,0.899682343006134,0.1598197966814041,0.004999999888241291,0.24429373443126678,1.1767882108688354,-0.9449735879898071,0.3916518986225128,0.8234637975692749,-0.16430529952049255,0.056699998676776886,-0.5115895867347717,1.4477951526641846,-1.9081664085388184,-0.3426958918571472,0.9280015230178833,0.14932598173618317,0.0033313336316496134,0.2614118158817291,1.1686155796051025,-0.9436659216880798,0.40378034114837646,0.8264457583427429,-0.17970581352710724,0.056296128779649734
119,4.133333292,-0.5117305517196655,1.4781367778778076,-1.828145146369934,-0.34115952253341675,0.9253386855125427,0.14953981339931488,0.004999999888241291,0.24429373443126678,1.1767882108688354,-0.9449735879898071,0.3916518986225128,0.8234637975692749,-0.16430529952049255,0.056699998676776886,-0.5118973851203918,1.451298713684082,-1.9604231119155884,-0.3378062844276428,0.9478542804718018,0.13953723013401031,0.003452615812420845,0.2614118158817291,1.1686155796051025,-0.9436659216880798,0.40378034114837646,0.8264457583427429,-0.17970581352710724,0.056296128779649734
120,4.166666625,-0.5117305517196655,1.4781367778778076,-1.828145146369934,-0.34115952253341675,0.9253386855125427,0.14953981339931488,0.004999999888241291,0.25761058926582336,1.1694579124450684,-0.9449735879898071,0.40187951922416687,0.8256629109382629,-0.17723818123340607,0.056699998676776886,-0.5118973851203918,1.451298713684082,-1.9604231119155884,-0.3378062844276428,0.9478542804718018,0.13953723013401031,0.003452615812420845,0.2762693166732788,1.1631252765655518,-0.9411655068397522,0.4120171070098877,0.8278613090515137,-0.18560382723808289,0.056228477507829666
121,4.199999958,-0.5117305517196655,1.4557093381881714,-1.8871372938156128,-0.33564427495002747,0.9504888653755188,0.13489650189876556,0.004999999888241291,0.275988906621933,1.1621274948120117,-0.9404532313346863,0.4129449129104614,0.8277747631072998,-0.18791960179805756,0.05649999901652336,-0.5123748183250427,1.4667248725891113,-2.0631496906280518,-0.3315030336380005,0.9913149476051331,0.12135645747184753,0.0037644978147000074,0.3154827356338501,1.163225531578064,-0.9324271082878113,0.4257107079029083,0.8258658051490784,-0.20080240070819855,0.05619290843605995
122,4.233333291,-0.5117305517196655,1.4466685056686401,-1.9463387727737427,-0.3312285840511322,0.9767211675643921,0.12025318294763565,0.004999999888241291,0.275988906621933,1.1621274948120117,-0.9404532313346863,0.4129449129104614,0.8277747631072998,-0.18791960179805756,0.05649999901652336,-0.5125125646591187,1.477000117301941,-2.1091742515563965,-0.3294365108013153,1.0141797065734863,0.11315682530403137,0.0037752275820821524,0.3154827356338501,1.163225531578064,-0.9324271082878113,0.4257107079029083,0.8258658051490784,-0.20080240070819855,0.05619290843605995
123,4.266666624,-0.5117305517196655,1.4466685056686401,-1.9463387727737427,-0.3312285840511322,0.9767211675643921,0.12025318294763565,0.004999999888241291,0.29798007011413574,1.1609406471252441,-0.9324421286582947,0.4239230155944824,0.826046884059906,-0.20001472532749176,0.05640000104904175,-0.5125125646591187,1.477000117301941,-2.1091742515563965,-0.3294365108013153,1.0141797065734863,0.11315682530403137,0.0037752275820821524,0.341953843832016,1.1572884321212769,-0.9278342723846436,0.4302997291088104,0.8241262435913086,-0.2063278704881668,0.056065771728754044
124,4.299999957,-0.5117305517196655,1.4469478130340576,-2.0070414543151855,-0.3258529603481293,1.004838466644287,0.11072368919849396,0.005200000014156103,0.32649874687194824,1.1596142053604126,-0.9234886169433594,0.43184682726860046,0.8219802379608154,-0.20929987728595734,0.056299999356269836,-0.5129390954971313,1.4984118938446045,-2.200327157974243,-0.32158365845680237,1.055298089981079,0.1042039543390274,0.004044051747769117,0.40103253722190857,1.1551179885864258,-0.9135954976081848,0.43856948614120483,0.8104829788208008,-0.21692697703838348,0.05599905177950859
125,4.33333329,-0.5117305517196655,1.4630745649337769,-2.0699779987335205,-0.3208613395690918,1.034439206123352,0.10384709388017654,0.005400000140070915,0.32649874687194824,1.1596142053604126,-0.9234886169433594,0.43184682726860046,0.8219802379608154,-0.20929987728595734,0.056299999356269836,-0.5124236345291138,1.5086686611175537,-2.2373390197753906,-0.31566694378852844,1.0727471113204956,0.10080785304307938,0.0041311862878501415,0.40103253722190857,1.1551179885864258,-0.9135954976081848,0.43856948614120483,0.8104829788208008,-0.21692697703838348,0.05599905177950859
126,4.366666623,-0.5117305517196655,1.4630745649337769,-2.0699779987335205,-0.3208613395690918,1.034439206123352,0.10384709388017654,0.005400000140070915,0.3649134337902069,1.1555650234222412,-0.9153379201889038,0.4391946494579315,0.8148941993713379,-0.21666517853736877,0.056299999356269836,-0.5124236345291138,1.5086686611175537,-2.2373390197753906,-0.31566694378852844,1.0727471113204956,0.10080785304307938,0.0041311862878501415,0.4386245310306549,1.1578865051269531,-0.9068319201469421,0.4436391294002533,0.8000932931900024,-0.22077588737010956,0.05588927119970322
127,4.399999956,-0.5134758949279785,1.4896385669708252,-2.130331516265869,-0.3153286278247833,1.062538981437683,0.09494590759277344,0.005400000140070915,0.404462605714798,1.1578165292739868,-0.904900848865509,0.44451791048049927,0.799465537071228,-0.22216296195983887,0.0560000017285347,-0.5147245526313782,1.5268487930297852,-2.2875421047210693,-0.3109491765499115,1.0936357975006104,0.09501394629478455,0.0043708994053304195,0.5109050869941711,1.162840485572815,-0.8923410773277283,0.44412145018577576,0.7651349902153015,-0.22375570237636566,0.055655337870121
128,4.433333289,-0.5134758949279785,1.5159231424331665,-2.185239553451538,-0.31265828013420105,1.0841461420059204,0.09327039867639542,0.005400000140070915,0.404462605714798,1.1578165292739868,-0.904900848865509,0.44451791048049927,0.799465537071228,-0.22216296195983887,0.0560000017285347,-0.5152908563613892,1.5334898233413696,-2.308673858642578,-0.310128390789032,1.0995792150497437,0.09474682807922363,0.004472997505217791,0.5109050869941711,1.162840485572815,-0.8923410773277283,0.44412145018577576,0.7651349902153015,-0.22375570237636566,0.055655337870121
129,4.466666622,-0.5134758949279785,1.5159231424331665,-2.185239553451538,-0.31265828013420105,1.0841461420059204,0.09327039867639542,0.005400000140070915,0.44655993580818176,1.1649898290634155,-0.8932769894599915,0.44451791048049927,0.7774220108985901,-0.22413517534732819,0.05570000037550926,-0.5152908563613892,1.5334898233413696,-2.308673858642578,-0.310128390789032,1.0995792150497437,0.09474682807922363,0.004472997505217791,0.5469902157783508,1.1683881282806396,-0.8853981494903564,0.43793487548828125,0.7441224455833435,-0.22865962982177734,0.05554049462080002
130,4.499999955,-0.5152561068534851,1.5361690521240234,-2.240112543106079,-0.31000539660453796,1.1059802770614624,0.09327039867639542,0.005499999970197678,0.4927588105201721,1.1699814796447754,-0.8843932151794434,0.43819981813430786,0.7521671056747437,-0.22832396626472473,0.05550000071525574,-0.5128584504127502,1.5471100807189941,-2.3282904624938965,-0.3066166937351227,1.1047419309616089,0.0920087918639183,0.004639196675270796,0.614224910736084,1.1805669069290161,-0.8684405088424683,0.4275786280632019,0.6966502666473389,-0.21693043410778046,0.05554809421300888
131,4.533333288,-0.5132489800453186,1.5471645593643188,-2.280761241912842,-0.3052929937839508,1.1087902784347534,0.09004153311252594,0.00559999980032444,0.4927588105201721,1.1699814796447754,-0.8843932151794434,0.43819981813430786,0.7521671056747437,-0.22832396626472473,0.05550000071525574,-0.5152149200439453,1.5510132312774658,-2.3357298374176025,-0.3092666566371918,1.1057257652282715,0.09070363640785217,0.00463105458766222,0.614224910736084,1.1805669069290161,-0.8684405088424683,0.4275786280632019,0.6966502666473389,-0.21693043410778046,0.05554809421300888
132,4.566666621,-0.5132489800453186,1.5471645593643188,-2.280761241912842,-0.3052929937839508,1.1087902784347534,0.09004153311252594,0.00559999980032444,0.5389576554298401,1.174641489982605,-0.871111273765564,0.43216097354888916,0.7224790453910828,-0.22270400822162628,0.05550000071525574,-0.5152149200439453,1.5510132312774658,-2.3357298374176025,-0.3092666566371918,1.1057257652282715,0.09070363640785217,0.00463105458766222,0.6454259157180786,1.1865977048873901,-0.8622772097587585,0.4206399619579315,0.6702011823654175,-0.21374094486236572,0.05563120171427727
133,4.599999954,-0.5132489800453186,1.5522783994674683,-2.3125088214874268,-0.30944687128067017,1.102995753288269,0.09241518378257751,0.00559999980032444,0.5860466361045837,1.1907508373260498,-0.8592255711555481,0.4171162247657776,0.6925641298294067,-0.21163862943649292,0.05550000071525574,-0.5163206458091736,1.5585967302322388,-2.336663007736206,-0.3077378571033478,1.1024248600006104,0.09400433301925659,0.004753747954964638,0.7026807069778442,1.2020467519760132,-0.8488162755966187,0.40330344438552856,0.6175948977470398,-0.2020799219608307,0.056076887995004654
134,4.633333287,-0.5152561068534851,1.5565370321273804,-2.3316028118133545,-0.3095864951610565,1.102995753288269,0.09426523000001907,0.00570000009611249,0.5860466361045837,1.1907508373260498,-0.8592255711555481,0.4171162247657776,0.6925641298294067,-0.21163862943649292,0.05550000071525574,-0.515315055847168,1.5610718727111816,-2.3348913192749023,-0.3080637753009796,1.0988123416900635,0.09668612480163574,0.004741869866847992,0.7026807069778442,1.2020467519760132,-0.8488162755966187,0.40330344438552856,0.6175948977470398,-0.2020799219608307,0.056076887995004654
135,4.66666662,-0.5152561068534851,1.5565370321273804,-2.3316028118133545,-0.3095864951610565,1.102995753288269,0.09426523000001907,0.00570000009611249,0.6368880867958069,1.2007341384887695,-0.8481427431106567,0.40685370564460754,0.655999481678009,-0.2039417177438736,0.05559999868273735,-0.515315055847168,1.5610718727111816,-2.3348913192749023,-0.3080637753009796,1.0988123416900635,0.09668612480163574,0.004741869866847992,0.7305611968040466,1.2096378803253174,-0.8454470634460449,0.3953149616718292,0.5936458110809326,-0.19805091619491577,0.05658886954188347
136,4.699999953,-0.5152561068534851,1.5630470514297485,-2.3367340564727783,-0.3095864951610565,1.0955257415771484,0.09747663885354996,0.00570000009611249,0.6810274720191956,1.2146793603897095,-0.8432732820510864,0.39212313294410706,0.6171483993530273,-0.193557009100914,0.0560000017285347,-0.5165221691131592,1.565244436264038,-2.328773260116577,-0.30710509419441223,1.0925185680389404,0.09784417599439621,0.004847770091146231,0.7757478952407837,1.2392195463180542,-0.8357188701629639,0.36871495842933655,0.5380769968032837,-0.18356604874134064,0.057408854365348816
137,4.733333286,-0.5152561068534851,1.5663456916809082,-2.331183910369873,-0.3053628206253052,1.093518614768982,0.09747663885354996,0.00570000009611249,0.6810274720191956,1.2146793603897095,-0.8432732820510864,0.39212313294410706,0.6171483993530273,-0.193557009100914,0.0560000017285347,-0.5150427222251892,1.567578673362732,-2.3275108337402344,-0.30493295192718506,1.093069314956665,0.099512979388237,0.004823827184736729,0.7757478952407837,1.2392195463180542,-0.8357188701629639,0.36871495842933655,0.5380769968032837,-0.18356604874134064,0.057408854365348816
138,4.766666619,-0.5152561068534851,1.5663456916809082,-2.331183910369873,-0.3053628206253052,1.093518614768982,0.09747663885354996,0.00570000009611249,0.7216936349868774,1.2332321405410767,-0.8364315629005432,0.37576937675476074,0.5829050540924072,-0.1843591332435608,0.056699998676776886,-0.5150427222251892,1.567578673362732,-2.3275108337402344,-0.30493295192718506,1.093069314956665,0.099512979388237,0.004823827184736729,0.7964555025100708,1.2579478025436401,-0.8332286477088928,0.35124191641807556,0.5105432271957397,-0.17159774899482727,0.057691674679517746
139,4.799999952,-0.5170712471008301,1.570045828819275,-2.3241677284240723,-0.30056315660476685,1.093518614768982,0.09768607467412949,0.00570000009611249,0.7647683620452881,1.2577540874481201,-0.8340404629707336,0.35388296842575073,0.5480682849884033,-0.17062339186668396,0.057100001722574234,-0.5165432691574097,1.5674176216125488,-2.3192689418792725,-0.2991241216659546,1.0920192003250122,0.10138853639364243,0.004935809411108494,0.8271926641464233,1.3061422109603882,-0.8360307216644287,0.3168518841266632,0.4607272744178772,-0.1576482504606247,0.05831088870763779
140,4.833333285,-0.5164080262184143,1.570045828819275,-2.317256212234497,-0.2969852387905121,1.093518614768982,0.09766862541437149,0.00570000009611249,0.7647683620452881,1.2577540874481201,-0.8340404629707336,0.35388296842575073,0.5480682849884033,-0.17062339186668396,0.057100001722574234,-0.5164219737052917,1.5674957036972046,-2.3164641857147217,-0.2984136939048767,1.0928348302841187,0.09910782426595688,0.004912952426820993,0.8271926641464233,1.3061422109603882,-0.8360307216644287,0.3168518841266632,0.4607272744178772,-0.1576482504606247,0.05831088870763779
141,4.866666618,-0.5164080262184143,1.570045828819275,-2.317256212234497,-0.2969852387905121,1.093518614768982,0.09766862541437149,0.00570000009611249,0.7977027297019958,1.2856619358062744,-0.8359079957008362,0.3323281407356262,0.5044001340866089,-0.15964525938034058,0.0575999990105629,-0.5164219737052917,1.5674957036972046,-2.3164641857147217,-0.2984136939048767,1.0928348302841187,0.09910782426595688,0.004912952426820993,0.8410669565200806,1.3351566791534424,-0.8405436277389526,0.29869142174720764,0.4383177161216736,-0.14614377915859222,0.058672647923231125
142,4.899999951,-0.5175424814224243,1.570045828819275,-2.314882516860962,-0.2969852387905121,1.0953686237335205,0.10119418799877167,0.00570000009611249,0.8264483213424683,1.3175665140151978,-0.8416326642036438,0.30778881907463074,0.4683765470981598,-0.1460142433643341,0.05810000002384186,-0.5182066559791565,1.5680686235427856,-2.3096375465393066,-0.29478034377098083,1.0941236019134521,0.09594792872667313,0.004853541497141123,0.8594576716423035,1.4017657041549683,-0.8573761582374573,0.2623276114463806,0.4028477966785431,-0.13110299408435822,0.059093788266181946
143,4.933333284,-0.5175424814224243,1.570045828819275,-2.3102049827575684,-0.2963743507862091,1.093361496925354,0.09758135676383972,0.00570000009611249,0.8264483213424683,1.3175665140151978,-0.8416326642036438,0.30778881907463074,0.4683765470981598,-0.1460142433643341,0.05810000002384186,-0.5183339715003967,1.5706294775009155,-2.308445930480957,-0.290778785943985,1.0962955951690674,0.09722249954938889,0.004900198895484209,0.8594576716423035,1.4017657041549683,-0.8573761582374573,0.2623276114463806,0.4028477966785431,-0.13110299408435822,0.059093788266181946
144,4.966666617,-0.5175424814224243,1.570045828819275,-2.3102049827575684,-0.2963743507862091,1.093361496925354,0.09758135676383972,0.00570000009611249,0.8488234281539917,1.3566269874572754,-0.8564854264259338,0.27982863783836365,0.43247514963150024,-0.13561208546161652,0.05829999968409538,-0.5183339715003967,1.5706294775009155,-2.308445930480957,-0.290778785943985,1.0962955951690674,0.09722249954938889,0.004900198895484209,0.8639628291130066,1.4379806518554688,-0.8712751865386963,0.24344728887081146,0.39093515276908875,-0.1287515014410019,0.059249330312013626
145,4.99999995,-0.5175424814224243,1.570045828819275,-2.3054752349853516,-0.2903355062007904,1.0971139669418335,0.09758135676383972,0.00570000009611249,0.8605346083641052,1.4023371934890747,-0.8726646304130554,0.25272366404533386,0.40627774596214294,-0.1275835633277893,0.05849999934434891,-0.5178691148757935,1.5715694427490234,-2.302260637283325,-0.2852829396724701,1.0994709730148315,0.09567388147115707,0.0049397144466638565,0.8633450269699097,1.5043835639953613,-0.9041903614997864,0.2161601334810257,0.3789958953857422,-0.11896372586488724,0.05913536995649338
146,5.033333283,-0.5175424814224243,1.5726813077926636,-2.3010945320129395,-0.282813161611557,1.1011805534362793,0.09758135676383972,0.00570000009611249,0.8605346083641052,1.4023371934890747,-0.8726646304130554,0.25272366404533386,0.40627774596214294,-0.1275835633277893,0.05849999934434891,-0.5191106200218201,1.573205590248108,-2.3000869750976562,-0.28199857473373413,1.1022788286209106,0.09648333489894867,0.004934906493872404,0.8633450269699097,1.5043835639953613,-0.9041903614997864,0.2161601334810257,0.3789958953857422,-0.11896372586488724,0.05913536995649338
147,5.066666616,-0.5175424814224243,1.5726813077926636,-2.3010945320129395,-0.282813161611557,1.1011805534362793,0.09758135676383972,0.00570000009611249,0.8631350994110107,1.4463891983032227,-0.8941845297813416,0.22914427518844604,0.3851418197154999,-0.1189441904425621,0.05849999934434891,-0.5191106200218201,1.573205590248108,-2.3000869750976562,-0.28199857473373413,1.1022788286209106,0.09648333489894867,0.004934906493872404,0.8633341193199158,1.5319627523422241,-0.9214758276939392,0.20611155033111572,0.3773326575756073,-0.11999601125717163,0.05895218253135681
148,5.099999949,-0.5175424814224243,1.5726813077926636,-2.2991223335266113,-0.27986353635787964,1.1033971309661865,0.09758135676383972,0.00570000009611249,0.8612326979637146,1.4894115924835205,-0.9165073037147522,0.20954422652721405,0.37866663932800293,-0.1189441904425621,0.05849999934434891,-0.5180173516273499,1.5724577903747559,-2.3007094860076904,-0.27657729387283325,1.1056867837905884,0.09372784942388535,0.005082924850285053,0.8580569624900818,1.5845234394073486,-0.9558106660842896,0.1995961219072342,0.3794725835323334,-0.12281037122011185,0.05831821635365486
149,5.133333282,-0.5175424814224243,1.5726813077926636,-2.2991223335266113,-0.27515116333961487,1.1058580875396729,0.0930260494351387,0.00570000009611249,0.8612326979637146,1.4894115924835205,-0.9165073037147522,0.20954422652721405,0.37866663932800293,-0.1189441904425621,0.05849999934434891,-0.5183497667312622,1.5717155933380127,-2.3043596744537354,-0.2743666172027588,1.1063779592514038,0.0950070172548294,0.005161294713616371,0.8580569624900818,1.5845234394073486,-0.9558106660842896,0.1995961219072342,0.3794725835323334,-0.12281037122011185,0.05831821635365486
150,5.166666615,-0.5175424814224243,1.5726813077926636,-2.2991223335266113,-0.27515116333961487,1.1058580875396729,0.0930260494351387,0.00570000009611249,0.8573580980300903,1.5304791927337646,-0.940191388130188,0.199334055185318,0.37720054388046265,-0.12205087393522263,0.05820000171661377,-0.5183497667312622,1.5717155933380127,-2.3043596744537354,-0.2743666172027588,1.1063779592514038,0.0950070172548294,0.005161294713616371,0.8567553758621216,1.6068922281265259,-0.9712330102920532,0.19628161191940308,0.3785855770111084,-0.12481004744768143,0.057853247970342636
151,5.199999948,-0.5175424814224243,1.5726813077926636,-2.3051435947418213,-0.27351054549217224,1.1082316637039185,0.0930260494351387,0.00570000009611249,0.8567123413085938,1.570045828819275,-0.9641373157501221,0.19495327770709991,0.37720054388046265,-0.1261349469423294,0.05779999867081642,-0.5180367231369019,1.5703823566436768,-2.3074452877044678,-0.2703213095664978,1.1113290786743164,0.09317993372678757,0.005242062732577324,0.8544155955314636,1.6471790075302124,-1.0017856359481812,0.1937057226896286,0.3779958188533783,-0.12942498922348022,0.056993138045072556
152,5.233333281,-0.5175424814224243,1.5707788467407227,-2.3073949813842773,-0.27089256048202515,1.1125601530075073,0.0930260494351387,0.005900000222027302,0.8567123413085938,1.570045828819275,-0.9641373157501221,0.19495327770709991,0.37720054388046265,-0.1261349469423294,0.05779999867081642,-0.518467366695404,1.5720884799957275,-2.310986280441284,-0.2700429856777191,1.115377426147461,0.09322559088468552,0.005225375760346651,0.8544155955314636,1.6471790075302124,-1.0017856359481812,0.1937057226896286,0.3779958188533783,-0.12942498922348022,0.056993138045072556
153,5.266666614,-0.5175424814224243,1.5707788467407227,-2.3073949813842773,-0.27089256048202515,1.1125601530075073,0.0930260494351387,0.005900000222027302,0.8544259071350098,1.6061567068099976,-0.9866171479225159,0.19310322403907776,0.37720054388046265,-0.1302015632390976,0.05739999935030937,-0.518467366695404,1.5720884799957275,-2.310986280441284,-0.2700429856777191,1.115377426147461,0.09322559088468552,0.005225375760346651,0.8570055365562439,1.659632682800293,-1.0147957801818848,0.1938098967075348,0.3766081631183624,-0.13196003437042236,0.05651312693953514
154,5.299999947,-0.5175424814224243,1.5707788467407227,-2.3144636154174805,-0.26860618591308594,1.1171154975891113,0.0930260494351387,0.005900000222027302,0.8566774129867554,1.642861008644104,-1.0119245052337646,0.19310322403907776,0.3744952976703644,-0.1302015632390976,0.05660000070929527,-0.5181878805160522,1.5692590475082397,-2.318704128265381,-0.2670743465423584,1.122053861618042,0.0945873036980629,0.005245978944003582,0.857970118522644,1.6901715993881226,-1.0340303182601929,0.19256265461444855,0.37046265602111816,-0.13171669840812683,0.055590201169252396
155,5.33333328,-0.5175424814224243,1.5707788467407227,-2.3191585540771484,-0.2664943337440491,1.124184012413025,0.0930260494351387,0.005900000222027302,0.8566774129867554,1.642861008644104,-1.0119245052337646,0.19310322403907776,0.3744952976703644,-0.1302015632390976,0.05660000070929527,-0.5169038772583008,1.5705747604370117,-2.3230414390563965,-0.26483407616615295,1.1248596906661987,0.09305917471647263,0.00527193071320653,0.857970118522644,1.6901715993881226,-1.0340303182601929,0.19256265461444855,0.37046265602111816,-0.13171669840812683,0.055590201169252396
156,5.366666613,-0.5175424814224243,1.5707788467407227,-2.3191585540771484,-0.2664943337440491,1.124184012413025,0.0930260494351387,0.005900000222027302,0.8566774129867554,1.6703150272369385,-1.0287494659423828,0.19310322403907776,0.36962583661079407,-0.1302015632390976,0.0560000017285347,-0.5169038772583008,1.5705747604370117,-2.3230414390563965,-0.26483407616615295,1.1248596906661987,0.09305917471647263,0.00527193071320653,0.8557993173599243,1.6967427730560303,-1.0406087636947632,0.1925325244665146,0.36542651057243347,-0.13043911755084991,0.05523616075515747
157,5.399999946,-0.5175424814224243,1.5707788467407227,-2.3259828090667725,-0.2630036771297455,1.126173734664917,0.0930260494351387,0.005900000222027302,0.8566774129867554,1.6919221878051758,-1.0426596403121948,0.19310322403907776,0.3623652458190918,-0.1273043155670166,0.05530000105500221,-0.5180527567863464,1.5722612142562866,-2.331451177597046,-0.2611977756023407,1.131412386894226,0.09074399620294571,0.005337961949408054,0.8591259121894836,1.7083226442337036,-1.0481609106063843,0.19654767215251923,0.35279151797294617,-0.12534333765506744,0.05368655174970627
158,5.433333279,-0.5175424814224243,1.5707788467407227,-2.3327198028564453,-0.2618168294429779,1.1307988166809082,0.09079203009605408,0.006000000052154064,0.8566774129867554,1.6919221878051758,-1.0426596403121948,0.19310322403907776,0.3623652458190918,-0.1273043155670166,0.05530000105500221,-0.5183637142181396,1.572418212890625,-2.336352586746216,-0.26001694798469543,1.1341886520385742,0.08940844237804413,0.005442084278911352,0.8591259121894836,1.7083226442337036,-1.0481609106063843,0.19654767215251923,0.35279151797294617,-0.12534333765506744,0.05368655174970627
159,5.466666612,-0.5175424814224243,1.5707788467407227,-2.3327198028564453,-0.2618168294429779,1.1307988166809082,0.09079203009605408,0.006000000052154064,0.8587194681167603,1.7079966068267822,-1.048890471458435,0.19575612246990204,0.35562828183174133,-0.1272868663072586,0.054099999368190765,-0.5183637142181396,1.572418212890625,-2.336352586746216,-0.26001694798469543,1.1341886520385742,0.08940844237804413,0.005442084278911352,0.857926070690155,1.714728832244873,-1.0515347719192505,0.19698256254196167,0.3473937213420868,-0.12410618364810944,0.05188341438770294
160,5.499999945,-0.5175424814224243,1.5729256868362427,-2.337240219116211,-0.26022860407829285,1.1371867656707764,0.09079203009605408,0.006200000178068876,0.8585448861122131,1.7181893587112427,-1.054807186126709,0.19575612246990204,0.3462035059928894,-0.12358676642179489,0.05209999904036522,-0.5178969502449036,1.5746960639953613,-2.3425538539886475,-0.25814101099967957,1.1408494710922241,0.08890523761510849,0.005486108362674713,0.8560585975646973,1.7246201038360596,-1.0561046600341797,0.1946590095758438,0.33977076411247253,-0.11622971296310425,0.04656090959906578
161,5.533333278,-0.5175424814224243,1.5729256868362427,-2.3442914485931396,-0.25912904739379883,1.1418118476867676,0.09079203009605408,0.006099999882280827,0.8585448861122131,1.7181893587112427,-1.054807186126709,0.19575612246990204,0.3462035059928894,-0.12358676642179489,0.05209999904036522,-0.5194355845451355,1.5739915370941162,-2.3468151092529297,-0.2586812973022461,1.1408268213272095,0.08919565379619598,0.00543657410889864,0.8560585975646973,1.7246201038360596,-1.0561046600341797,0.1946590095758438,0.33977076411247253,-0.11622971296310425,0.04656090959906578
162,5.566666611,-0.5175424814224243,1.5729256868362427,-2.3442914485931396,-0.25912904739379883,1.1418118476867676,0.09079203009605408,0.006099999882280827,0.8561712503433228,1.7252579927444458,-1.055627465248108,0.19575612246990204,0.339815616607666,-0.11575023829936981,0.048700001090765,-0.5194355845451355,1.5739915370941162,-2.3468151092529297,-0.2586812973022461,1.1408268213272095,0.08919565379619598,0.00543657410889864,0.8581412434577942,1.7262178659439087,-1.0586626529693604,0.19746321439743042,0.33434903621673584,-0.11391667276620865,0.04390045627951622
163,5.599999944,-0.518886387348175,1.5729256868362427,-2.3464555740356445,-0.257505863904953,1.1418118476867676,0.08895943313837051,0.006099999882280827,0.856433093547821,1.7251008749008179,-1.0596766471862793,0.19575612246990204,0.3381749987602234,-0.11201523244380951,0.04360000044107437,-0.5190854072570801,1.575171947479248,-2.3495287895202637,-0.25413841009140015,1.1437842845916748,0.08724191039800644,0.005421948619186878,0.8570077419281006,1.7254002094268799,-1.0619930028915405,0.18865184485912323,0.3346944749355316,-0.1107829138636589,0.036716945469379425
164,5.633333277,-0.518886387348175,1.5729256868362427,-2.3489339351654053,-0.2546609938144684,1.14425528049469,0.08895943313837051,0.006099999882280827,0.856433093547821,1.7251008749008179,-1.0596766471862793,0.19575612246990204,0.3381749987602234,-0.11201523244380951,0.04360000044107437,-0.5185247659683228,1.572593092918396,-2.349301338195801,-0.2521997094154358,1.1458207368850708,0.09204655140638351,0.0054490286856889725,0.8570077419281006,1.7254002094268799,-1.0619930028915405,0.18865184485912323,0.3346944749355316,-0.1107829138636589,0.036716945469379425
165,5.66666661,-0.518886387348175,1.5729256868362427,-2.3489339351654053,-0.2546609938144684,1.14425528049469,0.08895943313837051,0.006099999882280827,0.856433093547821,1.7251008749008179,-1.0613521337509155,0.19177678227424622,0.3332182466983795,-0.11201523244380951,0.03880000114440918,-0.5185247659683228,1.572593092918396,-2.349301338195801,-0.2521997094154358,1.1458207368850708,0.09204655140638351,0.0054490286856889725,0.8568034768104553,1.7220014333724976,-1.0636050701141357,0.18373185396194458,0.3386627435684204,-0.10392500460147858,0.03404506668448448
166,5.699999943,-0.518886387348175,1.5729256868362427,-2.3489339351654053,-0.25076889991760254,1.1468558311462402,0.09110618382692337,0.006099999882280827,0.856433093547821,1.7203360795974731,-1.0635513067245483,0.18079864978790283,0.34286993741989136,-0.10323622822761536,0.0340999998152256,-0.5181555151939392,1.5735725164413452,-2.3506011962890625,-0.23519490659236908,1.1505184173583984,0.08734707534313202,0.005518966354429722,0.8499912619590759,1.703639030456543,-1.0644975900650024,0.16671286523342133,0.3645746111869812,-0.09582668542861938,0.026790449395775795
167,5.733333276,-0.518886387348175,1.5729256868362427,-2.3501381874084473,-0.2364572137594223,1.1516903638839722,0.08911651372909546,0.006099999882280827,0.856433093547821,1.7203360795974731,-1.0635513067245483,0.18079864978790283,0.34286993741989136,-0.10323622822761536,0.0340999998152256,-0.5179209113121033,1.5723124742507935,-2.3474292755126953,-0.21905362606048584,1.151862621307373,0.08634458482265472,0.00557174626737833,0.8499912619590759,1.703639030456543,-1.0644975900650024,0.16671286523342133,0.3645746111869812,-0.09582668542861938,0.026790449395775795
168,5.766666609,-0.518886387348175,1.5729256868362427,-2.3501381874084473,-0.2364572137594223,1.1516903638839722,0.08911651372909546,0.006099999882280827,0.8499928116798401,1.7062687873840332,-1.0635513067245483,0.16812756657600403,0.35780996084213257,-0.09731955826282501,0.029100000858306885,-0.5179209113121033,1.5723124742507935,-2.3474292755126953,-0.21905362606048584,1.151862621307373,0.08634458482265472,0.00557174626737833,0.8477164506912231,1.6849666833877563,-1.064666509628296,0.15180659294128418,0.38337376713752747,-0.09280522167682648,0.022826097905635834
169,5.799999942,-0.518886387348175,1.5710058212280273,-2.347555160522461,-0.21692697703838348,1.1516903638839722,0.08658578246831894,0.006099999882280827,0.8443728685379028,1.6842776536941528,-1.0635513067245483,0.14824827015399933,0.383099764585495,-0.089867003262043,0.023099999874830246,-0.5178034901618958,1.5700477361679077,-2.341926336288452,-0.17269019782543182,1.161402940750122,0.07529161125421524,0.005621167365461588,0.8350915908813477,1.6279709339141846,-1.0599011182785034,0.11456131190061569,0.4358159005641937,-0.08476882427930832,0.015781188383698463
170,5.833333275,-0.5167745351791382,1.570970892906189,-2.3434536457061768,-0.186662957072258,1.163820505142212,0.07443829625844955,0.006099999882280827,0.8443728685379028,1.6842776536941528,-1.0635513067245483,0.14824827015399933,0.383099764585495,-0.089867003262043,0.023099999874830246,-0.5158789157867432,1.5651319026947021,-2.3422136306762695,-0.14118818938732147,1.1709389686584473,0.06917101889848709,0.0056411270052194595,0.8350915908813477,1.6279709339141846,-1.0599011182785034,0.11456131190061569,0.4358159005641937,-0.08476882427930832,0.015781188383698463
171,5.866666608,-0.5167745351791382,1.570970892906189,-2.3434536457061768,-0.186662957072258,1.163820505142212,0.07443829625844955,0.006099999882280827,0.8345815539360046,1.650348424911499,-1.060182809829712,0.12454669177532196,0.4130321741104126,-0.08501499146223068,0.017899999395012856,-0.5158789157867432,1.5651319026947021,-2.3422136306762695,-0.14118818938732147,1.1709389686584473,0.06917101889848709,0.0056411270052194595,0.8251393437385559,1.5858986377716064,-1.055843472480774,0.09330447763204575,0.4646247327327728,-0.0753091424703598,0.013246852904558182
172,5.899999941,-0.5165825486183167,1.5664854049682617,-2.3410274982452393,-0.15447908639907837,1.1743621826171875,0.06522295624017715,0.006099999882280827,0.8345815539360046,1.650348424911499,-1.060182809829712,0.12454669177532196,0.4130321741104126,-0.08501499146223068,0.017899999395012856,-0.5169893503189087,1.5632284879684448,-2.3421473503112793,-0.06516975164413452,1.188610315322876,0.04919882491230965,0.005641710013151169,0.8251393437385559,1.5858986377716064,-1.055843472480774,0.09330447763204575,0.4646247327327728,-0.0753091424703598,0.013246852904558182
173,5.933333274,-0.5165825486183167,1.561336636543274,-2.3410274982452393,-0.11452850699424744,1.1894593238830566,0.05075417459011078,0.006200000178068876,0.8231845498085022,1.6109215021133423,-1.0523288249969482,0.09887290000915527,0.4461759626865387,-0.07274532318115234,0.0142000000923872,-0.5147067308425903,1.5612674951553345,-2.3428001403808594,-0.025849858298897743,1.1974917650222778,0.034428827464580536,0.005706362891942263,0.801705539226532,1.4846185445785522,-1.0486806631088257,0.04043891653418541,0.5225875377655029,-0.054085489362478256,0.009651223197579384
174,5.966666607,-0.5165825486183167,1.561336636543274,-2.3410274982452393,-0.11452850699424744,1.1894593238830566,0.05075417459011078,0.006200000178068876,0.8038113713264465,1.562261700630188,-1.0477734804153442,0.06805038452148438,0.48375290632247925,-0.0578925721347332,0.011099999770522118,-0.5147067308425903,1.5612674951553345,-2.3428001403808594,-0.025849858298897743,1.1974917650222778,0.034428827464580536,0.005706362891942263,0.7883325219154358,1.4258188009262085,-1.0437597036361694,0.01509028673171997,0.5472365617752075,-0.04338713735342026,0.008084336295723915
175,5.99999994,-0.5151688456535339,1.55905020236969,-2.3462460041046143,-0.07021459937095642,1.2033346891403198,0.03166027367115021,0.006399999838322401,0.785066545009613,1.5028332471847534,-1.0430960655212402,0.03473205119371414,0.5167396068572998,-0.04300491139292717,0.008500000461935997,-0.5170838832855225,1.5554313659667969,-2.347745180130005,0.05002602934837341,1.217567801475525,0.008132369257509708,0.005771648604422808,0.7526773810386658,1.303890585899353,-1.038569688796997,-0.02989698015153408,0.5996152758598328,-0.025764865800738335,0.0037774736993014812
176,6.033333273,-0.5169315934181213,1.5551058053970337,-2.3471362590789795,-0.021380282938480377,1.2189728021621704,0.013247049413621426,0.006500000134110451,0.785066545009613,1.5028332471847534,-1.0430960655212402,0.03473205119371414,0.5167396068572998,-0.04300491139292717,0.008500000461935997,-0.5155506134033203,1.551335334777832,-2.350123643875122,0.07633928209543228,1.2240025997161865,-0.0008157704141922295,0.0057553695514798164,0.7526773810386658,1.303890585899353,-1.038569688796997,-0.02989698015153408,0.5996152758598328,-0.025764865800738335,0.0037774736993014812
177,6.066666606,-0.5169315934181213,1.5551058053970337,-2.3471362590789795,-0.021380282938480377,1.2189728021621704,0.013247049413621426,0.006500000134110451,0.7623597979545593,1.4383258819580078,-1.0390818119049072,0.0,0.5634446144104004,-0.0293738916516304,0.004900000058114529,-0.5155506134033203,1.551335334777832,-2.350123643875122,0.07633928209543228,1.2240025997161865,-0.0008157704141922295,0.0057553695514798164,0.7323101758956909,1.2486649751663208,-1.0403591394424438,-0.048859886825084686,0.621353030204773,-0.016509883105754852,0.0019173856126144528
178,6.099999939,-0.5151513814926147,1.5511963367462158,-2.349440097808838,0.029880037531256676,1.2239296436309814,0.0,0.006500000134110451,0.7367907166481018,1.3685998916625977,-1.041542649269104,-0.03429571911692619,0.5971818566322327,-0.014276793226599693,0.002199999988079071,-0.5141583681106567,1.5443603992462158,-2.342975378036499,0.12644295394420624,1.2314631938934326,-0.023405950516462326,0.005832979921251535,0.6898183822631836,1.1359883546829224,-1.058597207069397,-0.08192181587219238,0.6721386909484863,-0.009381811134517193,0.0
179,6.133333272,-0.5151513814926147,1.5423823595046997,-2.342947483062744,0.07333873212337494,1.221625804901123,-0.021327923983335495,0.006500000134110451,0.7367907166481018,1.3685998916625977,-1.041542649269104,-0.03429571911692619,0.5971818566322327,-0.014276793226599693,0.002199999988079071,-0.5135878920555115,1.5356037616729736,-2.3358314037323,0.14319740235805511,1.231216311454773,-0.03317359462380409,0.005844607949256897,0.6898183822631836,1.1359883546829224,-1.058597207069397,-0.08192181587219238,0.6721386909484863,-0.009381811134517193,0.0
180,6.166666605,-0.5151513814926147,1.5423823595046997,-2.342947483062744,0.07333873212337494,1.221625804901123,-0.021327923983335495,0.006500000134110451,0.7090574502944946,1.2985599040985107,-1.0584723949432373,-0.06300638616085052,0.6333450675010681,-0.0074525559321045876,0.0008999999845400453,-0.5135878920555115,1.5356037616729736,-2.3358314037323,0.14319740235805511,1.231216311454773,-0.03317359462380409,0.005844607949256897,0.6678686141967773,1.0858724117279053,-1.0729783773422241,-0.0974028930068016,0.6964770555496216,-0.003384179202839732,0.0
181,6.199999938,-0.5129348039627075,1.5309504270553589,-2.329770088195801,0.11079350113868713,1.223493218421936,-0.037227872759103775,0.006500000134110451,0.6796835660934448,1.219775676727295,-1.0758732557296753,-0.08925613760948181,0.6707474589347839,0.0,0.00019999999494757503,-0.511224091053009,1.5147645473480225,-2.3061225414276123,0.18143901228904724,1.2363005876541138,-0.060473039746284485,0.0058471644297242165,0.6206395030021667,0.9903875589370728,-1.106457233428955,-0.13283607363700867,0.7513582706451416,-0.0006743724807165563,0.0
182,6.233333271,-0.5107182264328003,1.5152599811553955,-2.3122644424438477,0.14816099405288696,1.223493218421936,-0.05548401549458504,0.006500000134110451,0.6796835660934448,1.219775676727295,-1.0758732557296753,-0.08925613760948181,0.6707474589347839,0.0,0.00019999999494757503,-0.5093413591384888,1.4961521625518799,-2.2782654762268066,0.19897952675819397,1.2380632162094116,-0.0706452876329422,0.005865876562893391,0.6206395030021667,0.9903875589370728,-1.106457233428955,-0.13283607363700867,0.7513582706451416,-0.0006743724807165563,0.0
183,6.266666604,-0.5107182264328003,1.5152599811553955,-2.3122644424438477,0.14816099405288696,1.223493218421936,-0.05548401549458504,0.006500000134110451,0.6483723521232605,1.1510272026062012,-1.0967473983764648,-0.11585495620965958,0.7093890905380249,0.0,9.999999747378752e-05,-0.5093413591384888,1.4961521625518799,-2.2782654762268066,0.19897952675819397,1.2380632162094116,-0.0706452876329422,0.005865876562893391,0.599481463432312,0.9494638442993164,-1.1256574392318726,-0.14882583916187286,0.777506947517395,0.005700331646949053,0.0
184,6.299999937,-0.5084667801856995,1.4927277565002441,-2.284985065460205,0.17872171103954315,1.22136390209198,-0.07122688740491867,0.006500000134110451,0.6126454472541809,1.0838669538497925,-1.1219500303268433,-0.14147639274597168,0.7465994954109192,0.0,0.0,-0.5067765116691589,1.4581233263015747,-2.2123777866363525,0.2247616946697235,1.2384116649627686,-0.0907793939113617,0.005902422592043877,0.5606717467308044,0.8810109496116638,-1.1720600128173828,-0.17762459814548492,0.8296699523925781,-4.2816605855477974e-05,0.0
185,6.33333327,-0.5066167116165161,1.467176079750061,-2.245244026184082,0.2070833146572113,1.2230219841003418,-0.08705702424049377,0.006500000134110451,0.6126454472541809,1.0838669538497925,-1.1219500303268433,-0.14147639274597168,0.7465994954109192,0.0,0.0,-0.5050011277198792,1.4307608604431152,-2.1674933433532715,0.23329764604568481,1.2376900911331177,-0.10169762372970581,0.005857547279447317,0.5606717467308044,0.8810109496116638,-1.1720600128173828,-0.17762459814548492,0.8296699523925781,-4.2816605855477974e-05,0.0
186,6.366666603,-0.5066167116165161,1.467176079750061,-2.245244026184082,0.2070833146572113,1.2230219841003418,-0.08705702424049377,0.006500000134110451,0.5825560092926025,1.019062876701355,-1.1495611667633057,-0.1644798219203949,0.78468257188797,0.0,0.0,-0.5050011277198792,1.4307608604431152,-2.1674933433532715,0.23329764604568481,1.2376900911331177,-0.10169762372970581,0.005857547279447317,0.5528612732887268,0.8667052984237671,-1.189531683921814,-0.18082979321479797,0.8516810536384583,0.00042417622171342373,0.0
187,6.399999936,-0.5066167116165161,1.4378197193145752,-2.201942205429077,0.22797490656375885,1.220979928970337,-0.10478956997394562,0.006500000134110451,0.5825560092926025,1.019062876701355,-1.1495611667633057,-0.1644798219203949,0.78468257188797,0.0,0.0,-0.5031986236572266,1.3844112157821655,-2.0920817852020264,0.2367517352104187,1.2321945428848267,-0.11526860296726227,0.0059553515166044235,0.5528612732887268,0.8667052984237671,-1.189531683921814,-0.18082979321479797,0.8516810536384583,0.00042417622171342373,0.0
188,6.433333269,-0.5041383504867554,1.402948021888733,-2.155621290206909,0.23844687640666962,1.223126769065857,-0.11587240546941757,0.006500000134110451,0.5582086443901062,0.9573829174041748,-1.1822336912155151,-0.17894861102104187,0.8250869512557983,0.0,0.00039999998989515007,-0.5046886205673218,1.3622140884399414,-2.055241584777832,0.23499885201454163,1.2270283699035645,-0.12467583268880844,0.005973712541162968,0.5503292083740234,0.8711007833480835,-1.2228583097457886,-0.18050198256969452,0.8789466619491577,-0.010684571228921413,0.003601208794862032
189,6.466666602,-0.5041383504867554,1.402948021888733,-2.155621290206909,0.23844687640666962,1.223126769065857,-0.11587240546941757,0.006500000134110451,0.5490631461143494,0.9162803888320923,-1.2083263397216797,-0.1805892139673233,0.8600459098815918,-0.009651671163737774,0.0026000000070780516,-0.5046886205673218,1.3622140884399414,-2.055241584777832,0.23499885201454163,1.2270283699035645,-0.12467583268880844,0.005973712541162968,0.553722620010376,0.8828546404838562,-1.2340410947799683,-0.18063151836395264,0.8854426741600037,-0.017059437930583954,0.0056806160137057304
190,6.499999935,-0.5041383504867554,1.3713226318359375,-2.1077120304107666,0.23739968240261078,1.2237201929092407,-0.12828169763088226,0.006500000134110451,0.5490631461143494,0.9162803888320923,-1.2083263397216797,-0.1805892139673233,0.8600459098815918,-0.009651671163737774,0.0026000000070780516,-0.5017160773277283,1.318971037864685,-1.9970619678497314,0.22822389006614685,1.222249984741211,-0.13612450659275055,0.0060124932788312435,0.553722620010376,0.8828546404838562,-1.2340410947799683,-0.18063151836395264,0.8854426741600037,-0.017059437930583954,0.0056806160137057304
191,6.533333268,-0.5029515027999878,1.3333443403244019,-2.061966896057129,0.2280796319246292,1.2213988304138184,-0.13809044659137726,0.006500000134110451,0.5517334938049316,0.8870461583137512,-1.2312076091766357,-0.17812830209732056,0.8801869750022888,-0.01912880875170231,0.005400000140070915,-0.5030849575996399,1.2924535274505615,-1.9631351232528687,0.223316490650177,1.2192503213882446,-0.14054431021213531,0.0060415430925786495,0.5725975632667542,0.9200717210769653,-1.2576920986175537,-0.16960668563842773,0.8904158473014832,-0.023797541856765747,0.009581321850419044
192,6.566666601,-0.5029515027999878,1.3333443403244019,-2.061966896057129,0.2280796319246292,1.2213988304138184,-0.13809044659137726,0.006500000134110451,0.566307008266449,0.8695753812789917,-1.2511742115020752,-0.16887806355953217,0.8910778760910034,-0.024347342550754547,0.008500000461935997,-0.5030849575996399,1.2924535274505615,-1.9631351232528687,0.223316490650177,1.2192503213882446,-0.14054431021213531,0.0060415430925786495,0.589156985282898,0.9450622200965881,-1.2667243480682373,-0.1648264229297638,0.8858695030212402,-0.029406804591417313,0.01163297425955534
193,6.599999934,-0.5049237608909607,1.3010905981063843,-2.011160373687744,0.2163335680961609,1.217210054397583,-0.1428726464509964,0.006500000134110451,0.566307008266449,0.8695753812789917,-1.2511742115020752,-0.16887806355953217,0.8910778760910034,-0.024347342550754547,0.008500000461935997,-0.5066426396369934,1.25655996799469,-1.9292503595352173,0.20527613162994385,1.2142441272735596,-0.14728102087974548,0.00613552937284112,0.589156985282898,0.9450622200965881,-1.2667243480682373,-0.1648264229297638,0.8858695030212402,-0.029406804591417313,0.01163297425955534
194,6.633333267,-0.5061105489730835,1.2718039751052856,-1.9721696376800537,0.20397663116455078,1.214016079902649,-0.14791665971279144,0.006500000134110451,0.5880712270736694,0.8653342723846436,-1.2697445154190063,-0.160151407122612,0.8911302089691162,-0.03090978041291237,0.011099999770522118,-0.5076256394386292,1.2393877506256104,-1.9145981073379517,0.19537971913814545,1.2081423997879028,-0.14923803508281708,0.006134424824267626,0.6207240223884583,1.0101885795593262,-1.287610650062561,-0.14770008623600006,0.8711588382720947,-0.03811777010560036,0.015636980533599854
195,6.6666666,-0.5061105489730835,1.2718039751052856,-1.9721696376800537,0.20397663116455078,1.214016079902649,-0.14791665971279144,0.006500000134110451,0.6103765368461609,0.873310387134552,-1.285609483718872,-0.1466076523065567,0.8780577182769775,-0.03951425477862358,0.014299999922513962,-0.5076256394386292,1.2393877506256104,-1.9145981073379517,0.19537971913814545,1.2081423997879028,-0.14923803508281708,0.006134424824267626,0.6379281878471375,1.046783208847046,-1.2966833114624023,-0.14103063941001892,0.8594970703125,-0.040969595313072205,0.017671683803200722
196,6.699999933,-0.5071752071380615,1.2457462549209595,-1.94038724899292,0.18943803012371063,1.2099320888519287,-0.15018558502197266,0.006500000134110451,0.6103765368461609,0.873310387134552,-1.285609483718872,-0.1466076523065567,0.8780577182769775,-0.03951425477862358,0.014299999922513962,-0.5078399181365967,1.2189081907272339,-1.9142990112304688,0.18131233751773834,1.202607274055481,-0.14804795384407043,0.006248752120882273,0.6379281878471375,1.046783208847046,-1.2966833114624023,-0.14103063941001892,0.8594970703125,-0.040969595313072205,0.017671683803200722
197,6.733333266,-0.5071752071380615,1.2258843183517456,-1.9198447465896606,0.18301522731781006,1.2031078338623047,-0.14800392091274261,0.006599999964237213,0.6374815106391907,0.893852949142456,-1.299170732498169,-0.13521066308021545,0.8567646741867065,-0.044662974774837494,0.017000000923871994,-0.5095701217651367,1.2190437316894531,-1.9227418899536133,0.17088370025157928,1.2004098892211914,-0.14591002464294434,0.0063389139249920845,0.6713003516197205,1.1366991996765137,-1.3051211833953857,-0.10746504366397858,0.8309280872344971,-0.05579762160778046,0.021725356578826904
198,6.766666599,-0.5071752071380615,1.2258843183517456,-1.9198447465896606,0.18301522731781006,1.2031078338623047,-0.14800392091274261,0.006599999964237213,0.6619336009025574,0.9267523884773254,-1.3074959516525269,-0.11534880846738815,0.8378453254699707,-0.05536184459924698,0.0203000009059906,-0.5095701217651367,1.2190437316894531,-1.9227418899536133,0.17088370025157928,1.2004098892211914,-0.14591002464294434,0.0063389139249920845,0.6899921298027039,1.1862845420837402,-1.3082462549209595,-0.09432175010442734,0.8152128458023071,-0.06542865186929703,0.023946231231093407
199,6.799999932,-0.5087809562683105,1.2178733348846436,-1.9162667989730835,0.16779595613479614,1.2008039951324463,-0.14386749267578125,0.0066999997943639755,0.6619336009025574,0.9267523884773254,-1.3074959516525269,-0.11534880846738815,0.8378453254699707,-0.05536184459924698,0.0203000009059906,-0.5124512314796448,1.2278881072998047,-1.9581043720245361,0.16530641913414001,1.2051732540130615,-0.14122673869132996,0.006367607042193413,0.6899921298027039,1.1862845420837402,-1.3082462549209595,-0.09432175010442734,0.8152128458023071,-0.06542865186929703,0.023946231231093407
200,6.833333265,-0.5115560293197632,1.220700740814209,-1.9188499450683594,0.16290903091430664,1.2041724920272827,-0.14126695692539215,0.006800000090152025,0.6874677538871765,0.9759706854820251,-1.3117895126342773,-0.09491100162267685,0.8130092620849609,-0.06525786221027374,0.023800000548362732,-0.5120510458946228,1.23905611038208,-1.9806381464004517,0.16215822100639343,1.2066011428833008,-0.13982757925987244,0.006424602121114731,0.726942241191864,1.2901877164840698,-1.3143324851989746,-0.07049115747213364,0.781011700630188,-0.07371724396944046,0.029074005782604218
201,6.866666598,-0.5115560293197632,1.220700740814209,-1.9188499450683594,0.16290903091430664,1.2041724920272827,-0.14126695692539215,0.006800000090152025,0.7138396501541138,1.0345264673233032,-1.3141107559204102,-0.07407177239656448,0.7903199791908264,-0.07463027536869049,0.02759999968111515,-0.5120510458946228,1.23905611038208,-1.9806381464004517,0.16215822100639343,1.2066011428833008,-0.13982757925987244,0.006424602121114731,0.7446944713592529,1.3487335443496704,-1.3171368837356567,-0.05740227550268173,0.7617022395133972,-0.0719706267118454,0.03176279738545418
202,6.899999931,-0.512603223323822,1.2399168014526367,-1.9377866983413696,0.1604132056236267,1.2078551054000854,-0.13543754816055298,0.006899999920278788,0.7138396501541138,1.0345264673233032,-1.3141107559204102,-0.07407177239656448,0.7903199791908264,-0.07463027536869049,0.02759999968111515,-0.5125195980072021,1.2685189247131348,-2.0283970832824707,0.15957985818386078,1.2131353616714478,-0.12658734619617462,0.006560068577528,0.7446944713592529,1.3487335443496704,-1.3171368837356567,-0.05740227550268173,0.7617022395133972,-0.0719706267118454,0.03176279738545418
203,6.933333264,-0.512603223323822,1.2399168014526367,-1.9377866983413696,0.1604132056236267,1.2078551054000854,-0.13543754816055298,0.006899999920278788,0.7396356463432312,1.1024197340011597,-1.3178108930587769,-0.05576327070593834,0.7634768486022949,-0.07644542306661606,0.031199999153614044,-0.5125195980072021,1.2685189247131348,-2.0283970832824707,0.15957985818386078,1.2131353616714478,-0.12658734619617462,0.006560068577528,0.7785929441452026,1.463055968284607,-1.3238558769226074,-0.034481652081012726,0.7245342135429382,-0.07730191946029663,0.03662547096610069
204,6.966666597,-0.512603223323822,1.2645434141159058,-1.964856743812561,0.1598547101020813,1.2131434679031372,-0.1264141947031021,0.006899999920278788,0.7643669247627258,1.1935434341430664,-1.322435975074768,-0.03689625859260559,0.7420965433120728,-0.07644542306661606,0.0348999984562397,-0.5132153034210205,1.2866406440734863,-2.0510733127593994,0.15670232474803925,1.2176874876022339,-0.11786796897649765,0.006545170675963163,0.795223593711853,1.5178759098052979,-1.323912262916565,-0.023469462990760803,0.7068034410476685,-0.08187694847583771,0.038879454135894775
205,6.99999993,-0.512603223323822,1.2913167476654053,-2.0051913261413574,0.1564338654279709,1.2213115692138672,-0.1140572652220726,0.006899999920278788,0.7643669247627258,1.1935434341430664,-1.322435975074768,-0.03689625859260559,0.7420965433120728,-0.07644542306661606,0.0348999984562397,-0.5136895775794983,1.3266783952713013,-2.088528633117676,0.1572866290807724,1.2225972414016724,-0.11183574795722961,0.006582227535545826,0.795223593711853,1.5178759098052979,-1.323912262916565,-0.023469462990760803,0.7068034410476685,-0.08187694847583771,0.038879454135894775
206,7.033333263,-0.512603223323822,1.2913167476654053,-2.0051913261413574,0.1564338654279709,1.2213115692138672,-0.1140572652220726,0.006899999920278788,0.7920653223991394,1.2823631763458252,-1.3269563913345337,-0.022479841485619545,0.7117801904678345,-0.08395033329725266,0.03799999877810478,-0.5136895775794983,1.3266783952713013,-2.088528633117676,0.1572866290807724,1.2225972414016724,-0.11183574795722961,0.006582227535545826,0.820313572883606,1.6178253889083862,-1.329988956451416,-0.004887005314230919,0.6831697821617126,-0.08420729637145996,0.04182486608624458
207,7.066666596,-0.512603223323822,1.315384864807129,-2.046031951904297,0.1564338654279709,1.2231965065002441,-0.11201523244380951,0.006899999920278788,0.814143717288971,1.38135826587677,-1.328736662864685,0.0,0.690748929977417,-0.08395033329725266,0.04039999842643738,-0.5136791467666626,1.34140145778656,-2.0993869304656982,0.16449207067489624,1.225572109222412,-0.10994279384613037,0.006651647388935089,0.8330695629119873,1.6631821393966675,-1.3349645137786865,0.004438645206391811,0.679064154624939,-0.08615601807832718,0.04235593602061272
208,7.099999929,-0.512603223323822,1.3377076387405396,-2.082247495651245,0.16653931140899658,1.216965675354004,-0.10967648774385452,0.006899999920278788,0.814143717288971,1.38135826587677,-1.328736662864685,0.0,0.690748929977417,-0.08395033329725266,0.04039999842643738,-0.5131455659866333,1.3664638996124268,-2.107234477996826,0.1731489896774292,1.2313514947891235,-0.10777176171541214,0.006757826544344425,0.8330695629119873,1.6631821393966675,-1.3349645137786865,0.004438645206391811,0.679064154624939,-0.08615601807832718,0.04235593602061272
209,7.133333262,-0.512603223323822,1.3377076387405396,-2.082247495651245,0.16653931140899658,1.216965675354004,-0.10967648774385452,0.006899999920278788,0.8338834047317505,1.4611198902130127,-1.3356480598449707,0.010576695203781128,0.6751806139945984,-0.08911651372909546,0.04149999842047691,-0.5131455659866333,1.3664638996124268,-2.107234477996826,0.1731489896774292,1.2313514947891235,-0.10777176171541214,0.006757826544344425,0.8516170978546143,1.739728569984436,-1.3401882648468018,0.0198934655636549,0.665728747844696,-0.09039085358381271,0.04243187606334686
210,7.166666595,-0.512603223323822,1.3594369888305664,-2.101376533508301,0.1719847470521927,1.2169831991195679,-0.10967648774385452,0.006899999920278788,0.8523315191268921,1.5367449522018433,-1.3424549102783203,0.019058994948863983,0.6613576412200928,-0.08911651372909546,0.04179999977350235,-0.512319803237915,1.377964735031128,-2.107572317123413,0.17894844710826874,1.234665036201477,-0.11110053956508636,0.006749968510121107,0.8628863096237183,1.773044466972351,-1.3427653312683105,0.02665649726986885,0.6622400283813477,-0.09058045595884323,0.04186686873435974
211,7.199999928,-0.5104215145111084,1.3815503120422363,-2.1060714721679688,0.18296286463737488,1.2208054065704346,-0.11194542050361633,0.006899999920278788,0.8523315191268921,1.5367449522018433,-1.3424549102783203,0.019058994948863983,0.6613576412200928,-0.08911651372909546,0.04179999977350235,-0.5117476582527161,1.3904376029968262,-2.102540969848633,0.18779192864894867,1.2370991706848145,-0.11693714559078217,0.006840750575065613,0.8628863096237183,1.773044466972351,-1.3427653312683105,0.02665649726986885,0.6622400283813477,-0.09058045595884323,0.04186686873435974
212,7.233333261,-0.5104215145111084,1.3815503120422363,-2.1060714721679688,0.18296286463737488,1.2208054065704346,-0.11194542050361633,0.006899999920278788,0.8665210604667664,1.6118290424346924,-1.3431529998779297,0.029705503955483437,0.6571164727210999,-0.08911651372909546,0.04179999977350235,-0.5117476582527161,1.3904376029968262,-2.102540969848633,0.18779192864894867,1.2370991706848145,-0.11693714559078217,0.006840750575065613,0.8793986439704895,1.837957501411438,-1.3512115478515625,0.03259764984250069,0.6482223868370056,-0.08922360092401505,0.04168156906962395
213,7.266666594,-0.5103866457939148,1.3931043148040771,-2.10343599319458,0.19027578830718994,1.2213988304138184,-0.11791444569826126,0.006899999920278788,0.8799601197242737,1.6823228597640991,-1.351129174232483,0.03391174599528313,0.6499955058097839,-0.08911651372909546,0.04170000180602074,-0.5114201307296753,1.39137601852417,-2.0974929332733154,0.19432424008846283,1.2376484870910645,-0.11868958175182343,0.006805882323533297,0.8890265822410583,1.8632639646530151,-1.358733892440796,0.035512037575244904,0.6409866213798523,-0.08780469000339508,0.041405320167541504
214,7.299999927,-0.5103866457939148,1.3942911624908447,-2.0920562744140625,0.19854865968227386,1.22499418258667,-0.11849040538072586,0.006899999920278788,0.8799601197242737,1.6823228597640991,-1.351129174232483,0.03391174599528313,0.6499955058097839,-0.08911651372909546,0.04170000180602074,-0.5103822946548462,1.3904051780700684,-2.0827043056488037,0.2058936506509781,1.2368098497390747,-0.12452689558267593,0.006743927951902151,0.8890265822410583,1.8632639646530151,-1.358733892440796,0.035512037575244904,0.6409866213798523,-0.08780469000339508,0.041405320167541504
215,7.33333326,-0.5103866457939148,1.3942911624908447,-2.0920562744140625,0.19854865968227386,1.22499418258667,-0.11849040538072586,0.006899999920278788,0.8934863805770874,1.7444391250610352,-1.3627007007598877,0.037053339183330536,0.6323851346969604,-0.08911651372909546,0.04179999977350235,-0.5103822946548462,1.3904051780700684,-2.0827043056488037,0.2058936506509781,1.2368098497390747,-0.12452689558267593,0.006743927951902151,0.9046386480331421,1.9029226303100586,-1.3715366125106812,0.03902392461895943,0.6290843486785889,-0.08691773563623428,0.04218441620469093
216,7.366666593,-0.5103866457939148,1.3888108730316162,-2.082195281982422,0.20600120723247528,1.2218526601791382,-0.1252622753381729,0.006899999920278788,0.8934863805770874,1.7444391250610352,-1.3627007007598877,0.037053339183330536,0.6323851346969604,-0.08911651372909546,0.04179999977350235,-0.5096616148948669,1.3867440223693848,-2.0764238834381104,0.20868121087551117,1.2364892959594727,-0.12722475826740265,0.006785068195313215,0.9046386480331421,1.9029226303100586,-1.3715366125106812,0.03902392461895943,0.6290843486785889,-0.08691773563623428,0.04218441620469093
217,7.399999926,-0.5103866457939148,1.3814105987548828,-2.072002410888672,0.2085668444633484,1.2218526601791382,-0.12718214094638824,0.006899999920278788,0.9057909846305847,1.7988409996032715,-1.3750576972961426,0.039444442838430405,0.6250373125076294,-0.08724901080131531,0.042100001126527786,-0.5112196207046509,1.3710334300994873,-2.0588343143463135,0.21143877506256104,1.2354522943496704,-0.1303296685218811,0.0068139079958200455,0.9104136824607849,1.912527084350586,-1.3766976594924927,0.04291277006268501,0.6194323301315308,-0.09258930385112762,0.04331045597791672
218,7.433333259,-0.5103866457939148,1.3814105987548828,-2.072002410888672,0.2085668444633484,1.2218526601791382,-0.12718214094638824,0.006899999920278788,0.9126326441764832,1.8532429933547974,-1.3798747062683105,0.04281292483210564,0.6190857291221619,-0.09356710314750671,0.04280000180006027,-0.5112196207046509,1.3710334300994873,-2.0588343143463135,0.21143877506256104,1.2354522943496704,-0.1303296685218811,0.0068139079958200455,0.9152244925498962,1.9086891412734985,-1.3889398574829102,0.04069112241268158,0.6044582724571228,-0.09574078023433685,0.04465951398015022
219,7.466666592,-0.5103866457939148,1.3682857751846313,-2.057917833328247,0.21134191751480103,1.220020055770874,-0.12850859761238098,0.006899999920278788,0.9126326441764832,1.8532429933547974,-1.3798747062683105,0.04281292483210564,0.6190857291221619,-0.09356710314750671,0.04280000180006027,-0.5111824870109558,1.3647491931915283,-2.049463987350464,0.21366772055625916,1.2354148626327515,-0.1282488852739334,0.006841585505753756,0.9152244925498962,1.9086891412734985,-1.3889398574829102,0.04069112241268158,0.6044582724571228,-0.09574078023433685,0.04465951398015022
220,7.499999925,-0.5103866457939148,1.360065221786499,-2.041738510131836,0.21322686970233917,1.2219748497009277,-0.12850859761238098,0.006899999920278788,0.9172403216362,1.8859853744506836,-1.3901896476745605,0.04281292483210564,0.6041631698608398,-0.0950680822134018,0.04410000145435333,-0.5101892948150635,1.3499982357025146,-2.030888557434082,0.215117409825325,1.2336174249649048,-0.1389007270336151,0.006926179863512516,0.9188787341117859,1.9089819192886353,-1.3949148654937744,0.042988020926713943,0.5984751582145691,-0.10166102647781372,0.04590369388461113
221,7.533333258,-0.5103866457939148,1.360065221786499,-2.041738510131836,0.21322686970233917,1.2219748497009277,-0.12850859761238098,0.006899999920278788,0.9188984036445618,1.9037702083587646,-1.3973280191421509,0.04281292483210564,0.5917539000511169,-0.10332348942756653,0.04560000076889992,-0.5101892948150635,1.3499982357025146,-2.030888557434082,0.215117409825325,1.2336174249649048,-0.1389007270336151,0.006926179863512516,0.9215044975280762,1.9079351425170898,-1.4005924463272095,0.04188506677746773,0.5814995169639587,-0.10518796741962433,0.04850784316658974
222,7.566666591,-0.5103866457939148,1.3474116325378418,-2.0289626121520996,0.21525146067142487,1.2219748497009277,-0.13758429884910583,0.006899999920278788,0.9188984036445618,1.9037702083587646,-1.3973280191421509,0.04281292483210564,0.5917539000511169,-0.10332348942756653,0.04560000076889992,-0.5098216533660889,1.3437151908874512,-2.026310682296753,0.2136155217885971,1.2313320636749268,-0.1396409124135971,0.006888257339596748,0.9215044975280762,1.9079351425170898,-1.4005924463272095,0.04188506677746773,0.5814995169639587,-0.10518796741962433,0.04850784316658974
223,7.599999924,-0.5103866457939148,1.3384755849838257,-2.0221383571624756,0.21525146067142487,1.2219748497009277,-0.1428901106119156,0.006899999920278788,0.921114981174469,1.9127761125564575,-1.4010107517242432,0.04281292483210564,0.5817008018493652,-0.10555751621723175,0.04769999906420708,-0.5091711282730103,1.3338123559951782,-2.01536226272583,0.2119484841823578,1.227403998374939,-0.14297817647457123,0.006872726138681173,0.9226958751678467,1.9087148904800415,-1.4034383296966553,0.045941710472106934,0.5741060972213745,-0.11012403666973114,0.04970615729689598
224,7.633333257,-0.5103866457939148,1.3384755849838257,-2.0221383571624756,0.21525146067142487,1.2219748497009277,-0.1428901106119156,0.006899999920278788,0.9234886169433594,1.9121652841567993,-1.403192400932312,0.04412192478775978,0.5700943470001221,-0.1126086413860321,0.04910000041127205,-0.5091711282730103,1.3338123559951782,-2.01536226272583,0.2119484841823578,1.227403998374939,-0.14297817647457123,0.006872726138681173,0.9307960867881775,1.9109355211257935,-1.410117506980896,0.04958852753043175,0.5580599904060364,-0.12047779560089111,0.05126501992344856
225,7.66666659,-0.5103866457939148,1.3289984464645386,-2.0140225887298584,0.2128778100013733,1.2219748497009277,-0.1428901106119156,0.006899999920278788,0.9234886169433594,1.9121652841567993,-1.403192400932312,0.04412192478775978,0.5700943470001221,-0.1126086413860321,0.04910000041127205,-0.5090572834014893,1.326046109199524,-2.007889747619629,0.20817124843597412,1.224162220954895,-0.14321523904800415,0.0068800668232142925,0.9307960867881775,1.9109355211257935,-1.410117506980896,0.04958852753043175,0.5580599904060364,-0.12047779560089111,0.05126501992344856
226,7.699999923,-0.5103866457939148,1.325141191482544,-2.009275436401367,0.20833995938301086,1.2219748497009277,-0.1428901106119156,0.006899999920278788,0.9295274615287781,1.9121652841567993,-1.4108020067214966,0.05134758725762367,0.5545260310173035,-0.12023573368787766,0.05040000006556511,-0.5111759901046753,1.3244463205337524,-2.0091943740844727,0.2057221233844757,1.2221720218658447,-0.13911274075508118,0.006941676139831543,0.9306429028511047,1.9148471355438232,-1.4114902019500732,0.05595787242054939,0.551658034324646,-0.12275492399930954,0.051995910704135895
227,7.733333256,-0.5103866457939148,1.325141191482544,-2.009275436401367,0.20833995938301086,1.2219748497009277,-0.1428901106119156,0.006899999920278788,0.9337337017059326,1.9146610498428345,-1.4150431156158447,0.057246800512075424,0.5427275896072388,-0.12433725595474243,0.05139999836683273,-0.5111759901046753,1.3244463205337524,-2.0091943740844727,0.2057221233844757,1.2221720218658447,-0.13911274075508118,0.006941676139831543,0.9407190680503845,1.919226884841919,-1.4167759418487549,0.060288745909929276,0.5401096940040588,-0.12582199275493622,0.05259669944643974
228,7.766666589,-0.5103866457939148,1.325141191482544,-2.009921073913574,0.20552997291088104,1.2240692377090454,-0.14034192264080048,0.006899999920278788,0.9337337017059326,1.9146610498428345,-1.4150431156158447,0.057246800512075424,0.5427275896072388,-0.12433725595474243,0.05139999836683273,-0.5092483758926392,1.32272207736969,-2.012899398803711,0.20277367532253265,1.220611810684204,-0.13420818746089935,0.006936664693057537,0.9407190680503845,1.919226884841919,-1.4167759418487549,0.060288745909929276,0.5401096940040588,-0.12582199275493622,0.05259669944643974
229,7.799999922,-0.5089205503463745,1.325141191482544,-2.0114047527313232,0.20289452373981476,1.2188332080841064,-0.1397136002779007,0.006899999920278788,0.9408895373344421,1.9221136569976807,-1.4164568185806274,0.059812434017658234,0.5405459403991699,-0.12678071856498718,0.05169999971985817,-0.5093033313751221,1.3256492614746094,-2.0160813331604004,0.1972734034061432,1.2205023765563965,-0.1367947906255722,0.0069373538717627525,0.9461190700531006,1.9235306978225708,-1.4193512201309204,0.05928454175591469,0.5334664583206177,-0.1256701648235321,0.05260153487324715
230,7.833333255,-0.5089205503463745,1.325141191482544,-2.0114047527313232,0.20289452373981476,1.2188332080841064,-0.1397136002779007,0.006899999920278788,0.9482024908065796,1.92417311668396,-1.4202616214752197,0.05976007506251335,0.5329362750053406,-0.12678071856498718,0.052000001072883606,-0.5093033313751221,1.3256492614746094,-2.0160813331604004,0.1972734034061432,1.2205023765563965,-0.1367947906255722,0.0069373538717627525,0.9519391655921936,1.9300992488861084,-1.4292799234390259,0.0637890100479126,0.5254949331283569,-0.12334831804037094,0.05279231444001198
231,7.866666588,-0.5089205503463745,1.325141191482544,-2.017408609390259,0.1981297731399536,1.2210673093795776,-0.13529792428016663,0.006899999920278788,0.9482024908065796,1.92417311668396,-1.4202616214752197,0.05976007506251335,0.5329362750053406,-0.12678071856498718,0.052000001072883606,-0.508365273475647,1.3274664878845215,-2.0177254676818848,0.19495676457881927,1.2182693481445312,-0.1345098614692688,0.006966232787817717,0.9519391655921936,1.9300992488861084,-1.4292799234390259,0.0637890100479126,0.5254949331283569,-0.12334831804037094,0.05279231444001198
232,7.899999921,-0.5089205503463745,1.325141191482544,-2.018787384033203,0.19406315684318542,1.2142081260681152,-0.1304633617401123,0.007000000216066837,0.9541714787483215,1.9289203882217407,-1.4313619136810303,0.06544984877109528,0.5251521468162537,-0.13069026172161102,0.052299998700618744,-0.5085185170173645,1.3263466358184814,-2.0237436294555664,0.1945025473833084,1.2179304361343384,-0.1279522180557251,0.0069238170981407166,0.9561237096786499,1.9357860088348389,-1.4356029033660889,0.06302070617675781,0.520518958568573,-0.1274542510509491,0.05292540043592453
233,7.933333254,-0.5089205503463745,1.327514886856079,-2.0243725776672363,0.19406315684318542,1.2187808752059937,-0.12842132151126862,0.0071000000461936,0.9584301114082336,1.9396018981933594,-1.439774513244629,0.0651182308793068,0.5134060382843018,-0.12630948424339294,0.05249999836087227,-0.5083650946617126,1.3302770853042603,-2.027972936630249,0.18941539525985718,1.215628743171692,-0.12377288192510605,0.0068863192573189735,0.9618896842002869,1.9500236511230469,-1.4494850635528564,0.06373323500156403,0.5121083855628967,-0.12117506563663483,0.05293818190693855
234,7.966666587,-0.5089205503463745,1.327514886856079,-2.0243725776672363,0.19406315684318542,1.2187808752059937,-0.12842132151126862,0.0071000000461936,0.9584301114082336,1.9396018981933594,-1.439774513244629,0.0651182308793068,0.5134060382843018,-0.12630948424339294,0.05249999836087227,-0.5083650946617126,1.3302770853042603,-2.027972936630249,0.18941539525985718,1.215628743171692,-0.12377288192510605,0.0068863192573189735,0.9618896842002869,1.9500236511230469,-1.4494850635528564,0.06373323500156403,0.5121083855628967,-0.12117506563663483,0.05293818190693855
235,7.99999992,-0.5089205503463745,1.329399824142456,-2.0282819271087646,0.18957766890525818,1.2146618366241455,-0.12625712156295776,0.0071000000461936,0.9631773829460144,1.952569603919983,-1.4479426145553589,0.0651182308793068,0.5134060382843018,-0.12048007547855377,0.05249999836087227,-0.5082175731658936,1.3343596458435059,-2.029383659362793,0.1898040771484375,1.2178407907485962,-0.12268712371587753,0.006922193802893162,0.9630613923072815,1.9572030305862427,-1.4564517736434937,0.0653352290391922,0.5085837841033936,-0.12162988632917404,0.05261093005537987
236,8.033333253,-0.5089205503463745,1.3340075016021729,-2.030585765838623,0.18957766890525818,1.2163374423980713,-0.12397073954343796,0.0071000000461936,0.9628806710243225,1.9643681049346924,-1.462114691734314,0.06808529049158096,0.5037020444869995,-0.12048007547855377,0.05209999904036522,-0.5079203844070435,1.3372207880020142,-2.031825542449951,0.1911683976650238,1.2168391942977905,-0.12180493026971817,0.006884757895022631,0.962871789932251,1.9770241975784302,-1.471296787261963,0.06932847946882248,0.49745291471481323,-0.11299552023410797,0.050619736313819885
237,8.066666586,-0.5089205503463745,1.3340075016021729,-2.030585765838623,0.18957766890525818,1.2163374423980713,-0.12397073954343796,0.0071000000461936,0.9628806710243225,1.9643681049346924,-1.462114691734314,0.06808529049158096,0.5037020444869995,-0.12048007547855377,0.05209999904036522,-0.5079203844070435,1.3372207880020142,-2.031825542449951,0.1911683976650238,1.2168391942977905,-0.12180493026971817,0.006884757895022631,0.962871789932251,1.9770241975784302,-1.471296787261963,0.06932847946882248,0.49745291471481323,-0.11299552023410797,0.050619736313819885
238,8.099999919,-0.5089205503463745,1.3384755849838257,-2.0324184894561768,0.18957766890525818,1.218030333518982,-0.1186823919415474,0.0071000000461936,0.9628806710243225,1.9755730628967285,-1.473249912261963,0.06930702179670334,0.49261918663978577,-0.11328931897878647,0.050200000405311584,-0.5084498524665833,1.3444651365280151,-2.034994125366211,0.18974770605564117,1.2201136350631714,-0.11986927688121796,0.0069558098912239075,0.958757758140564,1.9846181869506836,-1.479366660118103,0.06793064624071121,0.49261775612831116,-0.11221767961978912,0.04784241318702698
239,8.133333252,-0.5089205503463745,1.3452998399734497,-2.033552885055542,0.18957766890525818,1.2208926677703857,-0.11887437850236893,0.0071000000461936,0.9603848457336426,1.9901291131973267,-1.4861828088760376,0.06930702179670334,0.4926017224788666,-0.10845475643873215,0.046799998730421066,-0.5058054327964783,1.3459241390228271,-2.0352871417999268,0.1916818469762802,1.2218739986419678,-0.11705860495567322,0.006974922027438879,0.956238329410553,2.0035324096679688,-1.494681715965271,0.06681913137435913,0.4898342490196228,-0.10369804501533508,0.04143781214952469
240,8.166666585,-0.5089205503463745,1.3452998399734497,-2.033552885055542,0.18957766890525818,1.2208926677703857,-0.11887437850236893,0.0071000000461936,0.9603848457336426,1.9901291131973267,-1.4861828088760376,0.06930702179670334,0.4926017224788666,-0.10845475643873215,0.046799998730421066,-0.5058054327964783,1.3459241390228271,-2.0352871417999268,0.1916818469762802,1.2218739986419678,-0.11705860495567322,0.006974922027438879,0.956238329410553,2.0035324096679688,-1.494681715965271,0.06681913137435913,0.4898342490196228,-0.10369804501533508,0.04143781214952469
241,8.199999918,-0.5067214369773865,1.3479527235031128,-2.033552885055542,0.1915498822927475,1.224575400352478,-0.11533135920763016,0.0071000000461936,0.9563007950782776,2.0063257217407227,-1.4944381713867188,0.06646213680505753,0.4926017224788666,-0.10210175812244415,0.042100001126527786,-0.5050570964813232,1.3504447937011719,-2.0371861457824707,0.1948777735233307,1.2238026857376099,-0.11480796337127686,0.006889461074024439,0.9555229544639587,2.0118699073791504,-1.497329831123352,0.06381101161241531,0.49007606506347656,-0.09822263568639755,0.03700568899512291
242,8.233333251,-0.505098283290863,1.3504834175109863,-2.035926580429077,0.19549432396888733,1.22214937210083,-0.11533135920763016,0.0071000000461936,0.9511346220970154,2.0157155990600586,-1.50121009349823,0.06173229590058327,0.48947757482528687,-0.09688322991132736,0.03779999911785126,-0.5056024193763733,1.352656602859497,-2.0347836017608643,0.196180522441864,1.2252658605575562,-0.11554775387048721,0.006943810731172562,0.9494847059249878,2.0228686332702637,-1.507444143295288,0.057197608053684235,0.4882309138774872,-0.09269830584526062,0.033754654228687286
243,8.266666584,-0.505098283290863,1.3504834175109863,-2.035926580429077,0.19549432396888733,1.22214937210083,-0.11533135920763016,0.0071000000461936,0.9511346220970154,2.0157155990600586,-1.50121009349823,0.06173229590058327,0.48947757482528687,-0.09688322991132736,0.03779999911785126,-0.5056024193763733,1.352656602859497,-2.0347836017608643,0.196180522441864,1.2252658605575562,-0.11554775387048721,0.006943810731172562,0.9494847059249878,2.0228686332702637,-1.507444143295288,0.057197608053684235,0.4882309138774872,-0.09269830584526062,0.033754654228687286
244,8.299999917,-0.505098283290863,1.352281093597412,-2.035926580429077,0.19807741045951843,1.2220970392227173,-0.11339404433965683,0.0071000000461936,0.9493892788887024,2.0241804122924805,-1.507737636566162,0.05590289458632469,0.4878718852996826,-0.09290387481451035,0.03449999913573265,-0.5041629672050476,1.3534889221191406,-2.0357882976531982,0.20244364440441132,1.228184700012207,-0.11319909989833832,0.006904928013682365,0.9465152025222778,2.0256271362304688,-1.5080690383911133,0.05303836986422539,0.4900359511375427,-0.09122464060783386,0.030816329643130302
245,8.33333325,-0.505098283290863,1.3546721935272217,-2.035926580429077,0.2030865103006363,1.2220970392227173,-0.11365584284067154,0.007199999876320362,0.9443278312683105,2.0287880897521973,-1.508540391921997,0.04906120523810387,0.49062949419021606,-0.0904429629445076,0.029899999499320984,-0.5042688250541687,1.3554375171661377,-2.034533977508545,0.2039884626865387,1.2298603057861328,-0.11346794664859772,0.006914705969393253,0.9420666098594666,2.029768466949463,-1.5125937461853027,0.04108554869890213,0.4953283667564392,-0.08188576996326447,0.02324954979121685
246,8.366666583,-0.505098283290863,1.3546721935272217,-2.035926580429077,0.2030865103006363,1.2220970392227173,-0.11365584284067154,0.007199999876320362,0.9443278312683105,2.0287880897521973,-1.508540391921997,0.04906120523810387,0.49062949419021606,-0.0904429629445076,0.029899999499320984,-0.5042688250541687,1.3554375171661377,-2.034533977508545,0.2039884626865387,1.2298603057861328,-0.11346794664859772,0.006914705969393253,0.9420666098594666,2.029768466949463,-1.5125937461853027,0.04108554869890213,0.4953283667564392,-0.08188576996326447,0.02324954979121685
247,8.399999916,-0.5048015713691711,1.3546721935272217,-2.033919334411621,0.2050587385892868,1.2220970392227173,-0.11365584284067154,0.007199999876320362,0.9424952268600464,2.0292069911956787,-1.5113853216171265,0.038955748081207275,0.49527207016944885,-0.08011060953140259,0.02410000003874302,-0.5022944211959839,1.3521722555160522,-2.02659010887146,0.2181379795074463,1.2310670614242554,-0.11751861870288849,0.006949075032025576,0.9403573274612427,2.0257816314697266,-1.5112555027008057,0.036862339824438095,0.5029362440109253,-0.07582788169384003,0.01846129260957241
248,8.433333249,-0.5026897192001343,1.3529094457626343,-2.0271999835968018,0.21738076210021973,1.2220970392227173,-0.11760028451681137,0.007199999876320362,0.9379574060440063,2.0238664150238037,-1.5113853216171265,0.033283427357673645,0.5102121233940125,-0.07377506792545319,0.01810000091791153,-0.5024769902229309,1.351367712020874,-2.0257506370544434,0.22329038381576538,1.2339235544204712,-0.11685048043727875,0.006874701473861933,0.9311336874961853,2.010660171508789,-1.5122544765472412,0.020442599430680275,0.5205013155937195,-0.07288942486047745,0.009075993672013283
249,8.466666582,-0.5026897192001343,1.3529094457626343,-2.0271999835968018,0.21738076210021973,1.2220970392227173,-0.11760028451681137,0.007199999876320362,0.9379574060440063,2.0238664150238037,-1.5113853216171265,0.033283427357673645,0.5102121233940125,-0.07377506792545319,0.01810000091791153,-0.5024769902229309,1.351367712020874,-2.0257506370544434,0.22329038381576538,1.2339235544204712,-0.11685048043727875,0.006874701473861933,0.9311336874961853,2.010660171508789,-1.5122544765472412,0.020442599430680275,0.5205013155937195,-0.07288942486047745,0.009075993672013283
250,8.499999915,-0.5026897192001343,1.3507277965545654,-2.02327299118042,0.22799235582351685,1.2215908765792847,-0.11760028451681137,0.007199999876320362,0.9304873943328857,2.008577346801758,-1.5130434036254883,0.01984439417719841,0.51729816198349,-0.07377506792545319,0.011099999770522118,-0.5017482042312622,1.3517413139343262,-2.019256830215454,0.2387981116771698,1.234954595565796,-0.11921307444572449,0.006853042636066675,0.9260025024414062,1.9925261735916138,-1.5100847482681274,0.0096451910212636,0.5315560698509216,-0.07217610627412796,0.0045813689939677715
251,8.533333248,-0.5005953311920166,1.3507277965545654,-2.021108627319336,0.23890066146850586,1.2198978662490845,-0.12042772024869919,0.007199999876320362,0.9206611514091492,1.987650752067566,-1.5088196992874146,0.005340707488358021,0.5352575778961182,-0.07182029634714127,0.00570000009611249,-0.4997292160987854,1.3499845266342163,-2.017605781555176,0.25916606187820435,1.2377479076385498,-0.12347564846277237,0.006778571754693985,0.9074654579162598,1.937577486038208,-1.5045584440231323,-0.015228897333145142,0.5641752481460571,-0.06726137548685074,0.0
252,8.566666581,-0.5005953311920166,1.3507277965545654,-2.021108627319336,0.23890066146850586,1.2198978662490845,-0.12042772024869919,0.007199999876320362,0.9206611514091492,1.987650752067566,-1.5088196992874146,0.005340707488358021,0.5352575778961182,-0.07182029634714127,0.00570000009611249,-0.4997292160987854,1.3499845266342163,-2.017605781555176,0.25916606187820435,1.2377479076385498,-0.12347564846277237,0.006778571754693985,0.9074654579162598,1.937577486038208,-1.5045584440231323,-0.015228897333145142,0.5641752481460571,-0.06726137548685074,0.0
253,8.599999914,-0.5005953311920166,1.3507277965545654,-2.01897931098938,0.2549577057361603,1.2225333452224731,-0.12273155152797699,0.007199999876320362,0.9054942727088928,1.9585386514663696,-1.5024317502975464,-0.011693705804646015,0.5599190592765808,-0.06754424422979355,0.003100000089034438,-0.498163640499115,1.3510546684265137,-2.014946937561035,0.2729714512825012,1.2395999431610107,-0.12804779410362244,0.006794242188334465,0.8939723968505859,1.8961609601974487,-1.5013593435287476,-0.036186832934617996,0.5819153189659119,-0.06463873386383057,0.0
254,8.633333247,-0.49846604466438293,1.3507277965545654,-2.0140225887298584,0.26914721727371216,1.2225333452224731,-0.1278977245092392,0.007199999876320362,0.887848973274231,1.9181517362594604,-1.4980510473251343,-0.03502875939011574,0.5793445706367493,-0.0610690712928772,0.0026000000070780516,-0.4956928491592407,1.3473615646362305,-2.011955499649048,0.28619471192359924,1.2400250434875488,-0.13482369482517242,0.0068232337944209576,0.8550434708595276,1.7931036949157715,-1.4948923587799072,-0.0752846822142601,0.6222901940345764,-0.05639348179101944,0.0
255,8.66666658,-0.49846604466438293,1.3507277965545654,-2.0140225887298584,0.26914721727371216,1.2225333452224731,-0.1278977245092392,0.007199999876320362,0.887848973274231,1.9181517362594604,-1.4980510473251343,-0.03502875939011574,0.5793445706367493,-0.0610690712928772,0.0026000000070780516,-0.4956928491592407,1.3473615646362305,-2.011955499649048,0.28619471192359924,1.2400250434875488,-0.13482369482517242,0.0068232337944209576,0.8550434708595276,1.7931036949157715,-1.4948923587799072,-0.0752846822142601,0.6222901940345764,-0.05639348179101944,0.0
256,8.699999913,-0.49647635221481323,1.3485112190246582,-2.0122249126434326,0.2831796705722809,1.2225333452224731,-0.1330813616514206,0.007199999876320362,0.8639903664588928,1.868340015411377,-1.4936352968215942,-0.05988224595785141,0.6107081770896912,-0.05679301545023918,0.0026000000070780516,-0.49456626176834106,1.343427062034607,-2.00970721244812,0.29273298382759094,1.2364757061004639,-0.1379755288362503,0.006870214361697435,0.830582857131958,1.7336636781692505,-1.4881870746612549,-0.09563717246055603,0.6422373652458191,-0.05251484736800194,0.0
257,8.733333246,-0.49647635221481323,1.3485112190246582,-2.0122249126434326,0.2831796705722809,1.2225333452224731,-0.1330813616514206,0.007199999876320362,0.8358032703399658,1.8105347156524658,-1.4872125387191772,-0.09126326441764832,0.6389126777648926,-0.04858996719121933,0.002400000113993883,-0.49456626176834106,1.343427062034607,-2.00970721244812,0.29273298382759094,1.2364757061004639,-0.1379755288362503,0.006870214361697435,0.7860567569732666,1.5989960432052612,-1.4854155778884888,-0.14364008605480194,0.6819779872894287,-0.051109809428453445,0.0
258,8.766666579,-0.4948531985282898,1.3408317565917969,-2.0100433826446533,0.29508280754089355,1.2225333452224731,-0.14046409726142883,0.007199999876320362,0.8358032703399658,1.8105347156524658,-1.4872125387191772,-0.09126326441764832,0.6389126777648926,-0.04858996719121933,0.002400000113993883,-0.49190816283226013,1.3321720361709595,-2.008516311645508,0.2939187288284302,1.232762098312378,-0.14621460437774658,0.0067980014719069,0.7860567569732666,1.5989960432052612,-1.4854155778884888,-0.14364008605480194,0.6819779872894287,-0.051109809428453445,0.0
259,8.799999912,-0.49125781655311584,1.3307088613510132,-2.0100433826446533,0.29567623138427734,1.2207181453704834,-0.14533357322216034,0.007199999876320362,0.8056265115737915,1.7467255592346191,-1.485153079032898,-0.12227776646614075,0.6669426560401917,-0.04858996719121933,0.0024999999441206455,-0.48961812257766724,1.320709228515625,-2.007404088973999,0.2926974892616272,1.2309832572937012,-0.1511313021183014,0.0067937555722892284,0.7628207206726074,1.5286659002304077,-1.4854973554611206,-0.16365839540958405,0.702913224697113,-0.054331984370946884,0.0
260,8.833333245,-0.49125781655311584,1.3307088613510132,-2.0100433826446533,0.29567623138427734,1.2207181453704834,-0.14533357322216034,0.007199999876320362,0.7751356363296509,1.6626355648040771,-1.485153079032898,-0.1529432088136673,0.6936113238334656,-0.05248204991221428,0.0024999999441206455,-0.48961812257766724,1.320709228515625,-2.007404088973999,0.2926974892616272,1.2309832572937012,-0.1511313021183014,0.0067937555722892284,0.7219371795654297,1.3922559022903442,-1.4853646755218506,-0.20563668012619019,0.7408316135406494,-0.053026605397462845,0.0
261,8.866666578,-0.49099603295326233,1.3166589736938477,-2.007826805114746,0.28965485095977783,1.2207181453704834,-0.15203562378883362,0.007199999876320362,0.74431312084198,1.5838688611984253,-1.4869681596755981,-0.18423695862293243,0.7226884961128235,-0.05248204991221428,0.0024999999441206455,-0.4884137809276581,1.29684317111969,-2.0046021938323975,0.27477046847343445,1.22114896774292,-0.15601210296154022,0.006788792088627815,0.7094508409500122,1.3314787149429321,-1.4893989562988281,-0.22194208204746246,0.7582167983055115,-0.057753849774599075,0.0
262,8.899999911,-0.489111065864563,1.3006542921066284,-2.005453109741211,0.2783276438713074,1.2227951288223267,-0.15657348930835724,0.007199999876320362,0.74431312084198,1.5838688611984253,-1.4869681596755981,-0.18423695862293243,0.7226884961128235,-0.05248204991221428,0.0024999999441206455,-0.4853884279727936,1.27909517288208,-2.000473976135254,0.2617836594581604,1.218888521194458,-0.16205644607543945,0.006799180526286364,0.7094508409500122,1.3314787149429321,-1.4893989562988281,-0.22194208204746246,0.7582167983055115,-0.057753849774599075,0.0
263,8.933333244,-0.489111065864563,1.3006542921066284,-2.005453109741211,0.2783276438713074,1.2227951288223267,-0.15657348930835724,0.007199999876320362,0.715445339679718,1.501716136932373,-1.4939669370651245,-0.21265091001987457,0.750142514705658,-0.05752605199813843,0.0024999999441206455,-0.4853884279727936,1.27909517288208,-2.000473976135254,0.2617836594581604,1.218888521194458,-0.16205644607543945,0.006799180526286364,0.6892936825752258,1.2200974225997925,-1.4999260902404785,-0.25047630071640015,0.7966921925544739,-0.06459179520606995,0.0
264,8.966666577,-0.4850095510482788,1.2777904272079468,-1.9996062517166138,0.26139795780181885,1.2149760723114014,-0.16482889652252197,0.007199999876320362,0.715445339679718,1.501716136932373,-1.4939669370651245,-0.21265091001987457,0.750142514705658,-0.05752605199813843,0.0024999999441206455,-0.48349443078041077,1.244160771369934,-1.9971054792404175,0.23463952541351318,1.212934136390686,-0.16244171559810638,0.006728747859597206,0.6892936825752258,1.2200974225997925,-1.4999260902404785,-0.25047630071640015,0.7966921925544739,-0.06459179520606995,0.0
265,8.99999991,-0.4850095510482788,1.2565498352050781,-1.9973373413085938,0.24380503594875336,1.2125849723815918,-0.1647765338420868,0.007199999876320362,0.6925466656684875,1.4103481769561768,-1.500529408454895,-0.23605577647686005,0.7825009226799011,-0.06009168550372124,0.0024999999441206455,-0.4817408621311188,1.2261006832122803,-1.9949610233306885,0.22117717564105988,1.2097063064575195,-0.1660069078207016,0.006734245922416449,0.6824504137039185,1.171543002128601,-1.5092085599899292,-0.2586197853088379,0.8181645274162292,-0.06262218207120895,0.0
266,9.033333243,-0.4850095510482788,1.2565498352050781,-1.9973373413085938,0.24380503594875336,1.2125849723815918,-0.1647765338420868,0.007199999876320362,0.6790726780891418,1.3329603672027588,-1.5144221782684326,-0.25797712802886963,0.811194121837616,-0.06429792940616608,0.0024999999441206455,-0.4817408621311188,1.2261006832122803,-1.9949610233306885,0.22117717564105988,1.2097063064575195,-0.1660069078207016,0.006734245922416449,0.6768180131912231,1.0968780517578125,-1.5259993076324463,-0.2702498137950897,0.8625221848487854,-0.07124898582696915,0.0
267,9.066666576,-0.4804193377494812,1.2318533658981323,-1.993637204170227,0.22277382016181946,1.2087452411651611,-0.16664403676986694,0.007199999876320362,0.6790726780891418,1.3329603672027588,-1.5144221782684326,-0.25797712802886963,0.811194121837616,-0.06429792940616608,0.0024999999441206455,-0.4793519973754883,1.1886918544769287,-1.9907581806182861,0.1948283463716507,1.2084602117538452,-0.16448424756526947,0.006735210306942463,0.6768180131912231,1.0968780517578125,-1.5259993076324463,-0.2702498137950897,0.8625221848487854,-0.07124898582696915,0.0
268,9.099999909,-0.4804193377494812,1.2062842845916748,-1.992048978805542,0.20244073867797852,1.2087452411651611,-0.16824974119663239,0.007199999876320362,0.6770481467247009,1.2614192962646484,-1.5285069942474365,-0.27064821124076843,0.846659243106842,-0.07005751878023148,0.0024999999441206455,-0.47773826122283936,1.1691923141479492,-1.9902724027633667,0.17873156070709229,1.209318995475769,-0.16490744054317474,0.0067239184863865376,0.6839627027511597,1.0445486307144165,-1.5438520908355713,-0.26985612511634827,0.9071416854858398,-0.08194015175104141,0.0
269,9.133333242,-0.4804193377494812,1.2062842845916748,-1.992048978805542,0.20244073867797852,1.2087452411651611,-0.16824974119663239,0.007199999876320362,0.6834011077880859,1.1958822011947632,-1.5408813953399658,-0.2735803723335266,0.8772723078727722,-0.08201301842927933,0.0024999999441206455,-0.47773826122283936,1.1691923141479492,-1.9902724027633667,0.17873156070709229,1.209318995475769,-0.16490744054317474,0.0067239184863865376,0.6833444833755493,1.0177254676818848,-1.5523335933685303,-0.26848140358924866,0.9320166707038879,-0.08493908494710922,0.0
270,9.166666575,-0.4758814871311188,1.1761599779129028,-1.989099383354187,0.18051940202713013,1.2087452411651611,-0.16481144726276398,0.007199999876320362,0.6834011077880859,1.1958822011947632,-1.5408813953399658,-0.2735803723335266,0.8772723078727722,-0.08201301842927933,0.0024999999441206455,-0.47202399373054504,1.1291972398757935,-1.9830774068832397,0.14359663426876068,1.2110142707824707,-0.16067619621753693,0.006692827213555574,0.6833444833755493,1.0177254676818848,-1.5523335933685303,-0.26848140358924866,0.9320166707038879,-0.08493908494710922,0.0
271,9.199999908,-0.47249552607536316,1.149037480354309,-1.9832699298858643,0.15791739523410797,1.211171269416809,-0.1606924682855606,0.007199999876320362,0.6834535002708435,1.1353541612625122,-1.5522958040237427,-0.26422539353370667,0.909456193447113,-0.0866905003786087,0.0024999999441206455,-0.4733695983886719,1.1133166551589966,-1.9798970222473145,0.12377054244279861,1.2128500938415527,-0.15658944845199585,0.006761695723980665,0.6923345327377319,0.974599301815033,-1.567143440246582,-0.25446730852127075,0.9829400777816772,-0.0925738662481308,0.0
272,9.233333241,-0.47249552607536316,1.149037480354309,-1.9832699298858643,0.15791739523410797,1.211171269416809,-0.1606924682855606,0.007199999876320362,0.691743791103363,1.0808125734329224,-1.5662060976028442,-0.2577153146266937,0.9432108402252197,-0.09126326441764832,0.0024999999441206455,-0.4733695983886719,1.1133166551589966,-1.9798970222473145,0.12377054244279861,1.2128500938415527,-0.15658944845199585,0.006761695723980665,0.6975882649421692,0.9571704268455505,-1.57460618019104,-0.25021788477897644,1.0073859691619873,-0.09583985060453415,0.0
273,9.266666574,-0.47249552607536316,1.121775507926941,-1.9782434701919556,0.13315117359161377,1.2135448455810547,-0.15547393262386322,0.007199999876320362,0.691743791103363,1.0808125734329224,-1.5662060976028442,-0.2577153146266937,0.9432108402252197,-0.09126326441764832,0.0024999999441206455,-0.4708157181739807,1.0762550830841064,-1.9749557971954346,0.08126189559698105,1.2164359092712402,-0.14859028160572052,0.006781232077628374,0.6975882649421692,0.9571704268455505,-1.57460618019104,-0.25021788477897644,1.0073859691619873,-0.09583985060453415,0.0
274,9.299999907,-0.47249552607536316,1.0948799848556519,-1.9743688106536865,0.10461503267288208,1.2156741619110107,-0.15013322234153748,0.007199999876320362,0.6991440057754517,1.0240370035171509,-1.5780569314956665,-0.24720843136310577,0.9783443212509155,-0.09869837015867233,0.0024999999441206455,-0.46934574842453003,1.0613429546356201,-1.9691983461380005,0.05986228212714195,1.2196221351623535,-0.1444854438304901,0.00667495746165514,0.7067197561264038,0.9281620979309082,-1.5871970653533936,-0.22704355418682098,1.0523346662521362,-0.1014980599284172,0.0
275,9.33333324,-0.47249552607536316,1.0948799848556519,-1.9743688106536865,0.10461503267288208,1.2156741619110107,-0.15013322234153748,0.007199999876320362,0.7057413458824158,0.9822538495063782,-1.5861551761627197,-0.233856663107872,1.012779712677002,-0.10117673873901367,0.0024999999441206455,-0.46934574842453003,1.0613429546356201,-1.9691983461380005,0.05986228212714195,1.2196221351623535,-0.1444854438304901,0.00667495746165514,0.7143167853355408,0.9149038195610046,-1.598093867301941,-0.21756568551063538,1.0748285055160522,-0.1029035896062851,0.0
276,9.366666573,-0.4698251783847809,1.0695726871490479,-1.9663403034210205,0.07593927532434464,1.218815803527832,-0.1428551971912384,0.007199999876320362,0.7057413458824158,0.9822538495063782,-1.5861551761627197,-0.233856663107872,1.012779712677002,-0.10117673873901367,0.0024999999441206455,-0.4688720405101776,1.03373384475708,-1.963249921798706,0.029806237667798996,1.2231833934783936,-0.13624800741672516,0.00674655195325613,0.7143167853355408,0.9149038195610046,-1.598093867301941,-0.21756568551063538,1.0748285055160522,-0.1029035896062851,0.0
277,9.399999906,-0.4698251783847809,1.0465866327285767,-1.964333176612854,0.04841543361544609,1.2256748676300049,-0.13664183020591736,0.007199999876320362,0.7182378768920898,0.9461604356765747,-1.598529577255249,-0.21643827855587006,1.0482971668243408,-0.10267771780490875,0.0024999999441206455,-0.46892881393432617,1.0253974199295044,-1.9605159759521484,0.020923256874084473,1.225258231163025,-0.13607393205165863,0.006856742314994335,0.7281405925750732,0.9038225412368774,-1.6107343435287476,-0.19982947409152985,1.10610830783844,-0.10089729726314545,0.0
278,9.433333239,-0.4698251783847809,1.0465866327285767,-1.964333176612854,0.04841543361544609,1.2256748676300049,-0.13664183020591736,0.007199999876320362,0.7263362407684326,0.9197012782096863,-1.610048770904541,-0.20338322222232819,1.0794861316680908,-0.10267771780490875,0.0024999999441206455,-0.46892881393432617,1.0253974199295044,-1.9605159759521484,0.020923256874084473,1.225258231163025,-0.13607393205165863,0.006856742314994335,0.733720064163208,0.9007472395896912,-1.6184662580490112,-0.1909351497888565,1.1194695234298706,-0.100271075963974,0.0
279,9.466666572,-0.4698251783847809,1.0250842571258545,-1.959934949874878,0.02439970336854458,1.2196186780929565,-0.13440780341625214,0.007199999876320362,0.7263362407684326,0.9197012782096863,-1.610048770904541,-0.20338322222232819,1.0794861316680908,-0.10267771780490875,0.0024999999441206455,-0.469245046377182,1.0139713287353516,-1.9549504518508911,0.011547135189175606,1.228305459022522,-0.13509617745876312,0.006827821489423513,0.733720064163208,0.9007472395896912,-1.6184662580490112,-0.1909351497888565,1.1194695234298706,-0.100271075963974,0.0
280,9.499999905,-0.4698251783847809,1.0146121978759766,-1.9567235708236694,0.011658799834549427,1.2196186780929565,-0.13514085114002228,0.007199999876320362,0.7343123555183411,0.9044296145439148,-1.6189324855804443,-0.18961256742477417,1.1084586381912231,-0.10089748352766037,0.0024999999441206455,-0.46832895278930664,1.0162773132324219,-1.9476529359817505,0.018331946805119514,1.229352355003357,-0.13356640934944153,0.006979579571634531,0.7420498728752136,0.9129208922386169,-1.631829023361206,-0.18821589648723602,1.1356074810028076,-0.0894576832652092,0.0
281,9.533333238,-0.4698251783847809,1.0146121978759766,-1.9567235708236694,0.011658799834549427,1.2196186780929565,-0.13514085114002228,0.007199999876320362,0.7413285970687866,0.8992634415626526,-1.630940318107605,-0.1877799779176712,1.1257025003433228,-0.09150761365890503,0.0024999999441206455,-0.46832895278930664,1.0162773132324219,-1.9476529359817505,0.018331946805119514,1.229352355003357,-0.13356640934944153,0.006979579571634531,0.7436890006065369,0.9235671162605286,-1.6338131427764893,-0.19585570693016052,1.141060709953308,-0.08456958085298538,0.0
282,9.566666571,-0.4698251783847809,1.012099027633667,-1.9459723234176636,0.01151917316019535,1.2221144437789917,-0.13514085114002228,0.007199999876320362,0.7413285970687866,0.8992634415626526,-1.630940318107605,-0.1877799779176712,1.1257025003433228,-0.09150761365890503,0.0024999999441206455,-0.4684275984764099,1.0322484970092773,-1.9234050512313843,0.047937534749507904,1.233572006225586,-0.14059938490390778,0.007003346923738718,0.7436890006065369,0.9235671162605286,-1.6338131427764893,-0.19585570693016052,1.141060709953308,-0.08456958085298538,0.0
283,9.599999904,-0.4698251783847809,1.0244559049606323,-1.931241750717163,0.02174680307507515,1.2196534872055054,-0.14011503756046295,0.007199999876320362,0.7435975074768066,0.907780647277832,-1.6347103118896484,-0.1921258419752121,1.140782117843628,-0.08272860944271088,0.0024999999441206455,-0.4687005877494812,1.0476384162902832,-1.9043365716934204,0.07275000214576721,1.2355002164840698,-0.14706523716449738,0.007007123436778784,0.7500832080841064,0.960238516330719,-1.6338269710540771,-0.23521317541599274,1.1523092985153198,-0.06295160949230194,0.0
284,9.633333237,-0.4698251783847809,1.0244559049606323,-1.931241750717163,0.02174680307507515,1.2196534872055054,-0.14011503756046295,0.007199999876320362,0.7495840191841125,0.9290562272071838,-1.6347103118896484,-0.21359339356422424,1.1516555547714233,-0.07162830978631973,0.0024999999441206455,-0.4687005877494812,1.0476384162902832,-1.9043365716934204,0.07275000214576721,1.2355002164840698,-0.14706523716449738,0.007007123436778784,0.752813994884491,0.9885280132293701,-1.6278655529022217,-0.2672808766365051,1.1587449312210083,-0.047818902879953384,0.0
285,9.66666657,-0.4680275022983551,1.0462026596069336,-1.9089363813400269,0.045465826988220215,1.2214163541793823,-0.14800392091274261,0.007199999876320362,0.7495840191841125,0.9290562272071838,-1.6347103118896484,-0.21359339356422424,1.1516555547714233,-0.07162830978631973,0.0024999999441206455,-0.4683227837085724,1.0895968675613403,-1.8405284881591797,0.12564077973365784,1.237275242805481,-0.16643653810024261,0.006933833472430706,0.752813994884491,0.9885280132293701,-1.6278655529022217,-0.2672808766365051,1.1587449312210083,-0.047818902879953384,0.0
286,9.699999903,-0.46841147541999817,1.0707595348358154,-1.8734015226364136,0.0806342139840126,1.2235456705093384,-0.16254250705242157,0.007199999876320362,0.7522892951965332,0.961484432220459,-1.626803994178772,-0.2430894523859024,1.1590207815170288,-0.052324969321489334,0.0024999999441206455,-0.46850794553756714,1.1202752590179443,-1.797503113746643,0.15963520109653473,1.2361754179000854,-0.18099872767925262,0.006894044578075409,0.746094286441803,1.0602750778198242,-1.605666160583496,-0.3504703640937805,1.1711043119430542,-0.015593035146594048,0.0
287,9.733333236,-0.46841147541999817,1.0707595348358154,-1.8734015226364136,0.0806342139840126,1.2235456705093384,-0.16254250705242157,0.007199999876320362,0.7471405267715454,1.0007368326187134,-1.6123875379562378,-0.28070130944252014,1.1704177856445312,-0.031031953170895576,0.0024999999441206455,-0.46850794553756714,1.1202752590179443,-1.797503113746643,0.15963520109653473,1.2361754179000854,-0.18099872767925262,0.006894044578075409,0.7275331616401672,1.107389211654663,-1.5878102779388428,-0.3869558274745941,1.1712886095046997,-0.0003079634334426373,0.0
288,9.766666569,-0.46841147541999817,1.1007791757583618,-1.8332240581512451,0.12519246339797974,1.223877191543579,-0.17811085283756256,0.007199999876320362,0.7471405267715454,1.0007368326187134,-1.6123875379562378,-0.28070130944252014,1.1704177856445312,-0.031031953170895576,0.0024999999441206455,-0.4686601758003235,1.192457914352417,-1.678031086921692,0.21062418818473816,1.2177972793579102,-0.21308068931102753,0.006963496096432209,0.7275331616401672,1.107389211654663,-1.5878102779388428,-0.3869558274745941,1.1712886095046997,-0.0003079634334426373,0.0
289,9.799999902,-0.46841147541999817,1.1007791757583618,-1.8332240581512451,0.12519246339797974,1.223877191543579,-0.17811085283756256,0.007199999876320362,0.7345043420791626,1.046342372894287,-1.5932412147521973,-0.3303559124469757,1.1704177856445312,-0.006126105785369873,0.0024999999441206455,-0.4686601758003235,1.192457914352417,-1.678031086921692,0.21062418818473816,1.2177972793579102,-0.21308068931102753,0.006963496096432209,0.6747230291366577,1.2190905809402466,-1.547415852546692,-0.4279668629169464,1.154191255569458,0.02187667228281498,0.0
290,9.833333235,-0.46841147541999817,1.1461926698684692,-1.7755060195922852,0.16365952789783478,1.2159010171890259,-0.2007303237915039,0.007199999876320362,0.7062998414039612,1.1135724782943726,-1.5652462244033813,-0.3721390962600708,1.158828854560852,0.013002702966332436,0.0024999999441206455,-0.4652855694293976,1.2313494682312012,-1.6104499101638794,0.22891129553318024,1.1960119009017944,-0.23440517485141754,0.006900752428919077,0.636732816696167,1.2746350765228271,-1.5301520824432373,-0.4277896285057068,1.1375974416732788,0.023454131558537483,0.0
291,9.866666568,-0.46331509947776794,1.1912919282913208,-1.7146638631820679,0.2030865103006363,1.2005945444107056,-0.2266484498977661,0.007199999876320362,0.7062998414039612,1.1135724782943726,-1.5652462244033813,-0.3721390962600708,1.158828854560852,0.013002702966332436,0.0024999999441206455,-0.4484249949455261,1.3185712099075317,-1.4744853973388672,0.25093406438827515,1.1040526628494263,-0.27741578221321106,0.0069723790511488914,0.636732816696167,1.2746350765228271,-1.5301520824432373,-0.4277896285057068,1.1375974416732788,0.023454131558537483,0.0
292,9.899999901,-0.46331509947776794,1.1912919282913208,-1.7146638631820679,0.2030865103006363,1.2005945444107056,-0.2266484498977661,0.007199999876320362,0.6695606708526611,1.1765090227127075,-1.5394850969314575,-0.4040611684322357,1.1358253955841064,0.021991148591041565,0.0024999999441206455,-0.4484249949455261,1.3185712099075317,-1.4744853973388672,0.25093406438827515,1.1040526628494263,-0.27741578221321106,0.0069723790511488914,0.5429844856262207,1.405658483505249,-1.4924085140228271,-0.40031349658966064,1.0728117227554321,0.019374357536435127,0.0
293,9.933333234,-0.4496666193008423,1.2509647607803345,-1.6462992429733276,0.22989477217197418,1.1665780544281006,-0.2574884295463562,0.007199999876320362,0.6235537528991699,1.245187759399414,-1.5121532678604126,-0.4217413663864136,1.1077080965042114,0.019914206117391586,0.0024999999441206455,-0.43579041957855225,1.3675881624221802,-1.4189327955245972,0.25509917736053467,1.044313669204712,-0.3052012622356415,0.006922372151166201,0.4938863217830658,1.4714374542236328,-1.4794710874557495,-0.37800222635269165,1.0283441543579102,0.009084493853151798,0.0
294,9.966666567,-0.4320038855075836,1.3059600591659546,-1.5745488405227661,0.24677209556102753,1.1324045658111572,-0.288677453994751,0.007199999876320362,0.6235537528991699,1.245187759399414,-1.5121532678604126,-0.4217413663864136,1.1077080965042114,0.019914206117391586,0.0024999999441206455,-0.39822956919670105,1.4586442708969116,-1.336525797843933,0.24641799926757812,0.9151739478111267,-0.3425948917865753,0.006900400388985872,0.4938863217830658,1.4714374542236328,-1.4794710874557495,-0.37800222635269165,1.0283441543579102,0.009084493853151798,0.0
295,9.9999999,-0.4320038855075836,1.3059600591659546,-1.5745488405227661,0.24677209556102753,1.1324045658111572,-0.288677453994751,0.007199999876320362,0.5716302394866943,1.315245270729065,-1.4861478805541992,-0.4268726408481598,1.0671117305755615,0.006021386012434959,0.0024999999441206455,-0.39822956919670105,1.4586442708969116,-1.336525797843933,0.24641799926757812,0.9151739478111267,-0.3425948917865753,0.006900400388985872,0.41392576694488525,1.5909358263015747,-1.473563551902771,-0.33740341663360596,0.9344659447669983,-0.008415396325290203,0.0
296,10.033333233,-0.409611314535141,1.3608157634735107,-1.5040549039840698,0.2542421221733093,1.0778629779815674,-0.317388117313385,0.007199999876320362,0.5191656351089478,1.3977644443511963,-1.4745937585830688,-0.42355650663375854,1.020930290222168,0.0,0.0024999999441206455,-0.37720349431037903,1.508920669555664,-1.3117531538009644,0.24156208336353302,0.8436487317085266,-0.356744647026062,0.006859738379716873,0.38370969891548157,1.6476144790649414,-1.473557949066162,-0.3230121433734894,0.8871369361877441,-0.014983964152634144,0.0
297,10.066666566,-0.383064866065979,1.4177309274673462,-1.442043423652649,0.2502976655960083,1.0163052082061768,-0.3444058299064636,0.007199999876320362,0.5191656351089478,1.3977644443511963,-1.4745937585830688,-0.42355650663375854,1.020930290222168,0.0,0.0024999999441206455,-0.32559165358543396,1.6012552976608276,-1.2873015403747559,0.2275281548500061,0.7065430879592896,-0.3810533881187439,0.006898668594658375,0.38370969891548157,1.6476144790649414,-1.473557949066162,-0.3230121433734894,0.8871369361877441,-0.014983964152634144,0.0
298,10.099999899,-0.383064866065979,1.4177309274673462,-1.442043423652649,0.2502976655960083,1.0163052082061768,-0.3444058299064636,0.007199999876320362,0.4593357443809509,1.4729008674621582,-1.4734593629837036,-0.40421825647354126,0.9680643081665039,-0.016755159944295883,0.0024999999441206455,-0.32559165358543396,1.6012552976608276,-1.2873015403747559,0.2275281548500061,0.7065430879592896,-0.3810533881187439,0.006898668594658375,0.3437013626098633,1.7368632555007935,-1.4888101816177368,-0.3101908266544342,0.800884485244751,-0.027612829580903053,0.0
299,10.133333232,-0.35383060574531555,1.4770547151565552,-1.3807299137115479,0.2344151735305786,0.9264906048774719,-0.36850881576538086,0.007199999876320362,0.4124387502670288,1.5476707220077515,-1.4841232299804688,-0.3741462230682373,0.9135053157806396,-0.02431243658065796,0.0024999999441206455,-0.30641981959342957,1.6366292238235474,-1.283846139907837,0.22284239530563354,0.6566985845565796,-0.38696593046188354,0.006851140409708023,0.3261740803718567,1.7871694564819336,-1.5040109157562256,-0.3079196810722351,0.7601498365402222,-0.029568973928689957,0.0
300,10.166666565,-0.32250192761421204,1.5382285118103027,-1.337341070175171,0.2205921709537506,0.8518952131271362,-0.3850894570350647,0.007199999876320362,0.4124387502670288,1.5476707220077515,-1.4841232299804688,-0.3741462230682373,0.9135053157806396,-0.02431243658065796,0.0024999999441206455,-0.2675800621509552,1.7118157148361206,-1.285692572593689,0.21430650353431702,0.5455494523048401,-0.3975098133087158,0.006990661844611168,0.3261740803718567,1.7871694564819336,-1.5040109157562256,-0.3079196810722351,0.7601498365402222,-0.029568973928689957,0.0
301,10.199999898,-0.32250192761421204,1.5382285118103027,-1.337341070175171,0.2205921709537506,0.8518952131271362,-0.3850894570350647,0.007199999876320362,0.3718947470188141,1.6195259094238281,-1.5022048950195312,-0.338785856962204,0.849608838558197,-0.029705503955483437,0.0024999999441206455,-0.2675800621509552,1.7118157148361206,-1.285692572593689,0.21430650353431702,0.5455494523048401,-0.3975098133087158,0.006990661844611168,0.3037080466747284,1.8539701700210571,-1.5374068021774292,-0.3025766611099243,0.7055702209472656,-0.03167078644037247,0.0
302,10.233333231,-0.29242992401123047,1.604585886001587,-1.3060822486877441,0.21553070843219757,0.7722558379173279,-0.39737656712532043,0.007300000172108412,0.33796554803848267,1.6871224641799927,-1.5220842361450195,-0.3131469786167145,0.7975107431411743,-0.03160791099071503,0.0024999999441206455,-0.25220444798469543,1.745890736579895,-1.2893338203430176,0.2098068743944168,0.4971223771572113,-0.40436920523643494,0.007790875155478716,0.29448193311691284,1.883209228515625,-1.5569802522659302,-0.30243980884552,0.6879318356513977,-0.03366515785455704,0.0
303,10.266666564,-0.2618342936038971,1.6587958335876465,-1.288053035736084,0.2108532339334488,0.6929306387901306,-0.4046196937561035,0.008700000122189522,0.33796554803848267,1.6871224641799927,-1.5220842361450195,-0.3131469786167145,0.7975107431411743,-0.03160791099071503,0.0024999999441206455,-0.2336481362581253,1.7942771911621094,-1.3020176887512207,0.21558836102485657,0.4333162009716034,-0.402024507522583,0.013572786934673786,0.29448193311691284,1.883209228515625,-1.5569802522659302,-0.30243980884552,0.6879318356513977,-0.03366515785455704,0.0
304,10.299999897,-0.2618342936038971,1.6587958335876465,-1.288053035736084,0.2108532339334488,0.6929306387901306,-0.4046196937561035,0.008700000122189522,0.31031954288482666,1.7517869472503662,-1.5469377040863037,-0.3036523759365082,0.7507534027099609,-0.033597588539123535,0.00279999990016222,-0.2336481362581253,1.7942771911621094,-1.3020176887512207,0.21558836102485657,0.4333162009716034,-0.402024507522583,0.013572786934673786,0.2798232138156891,1.922371506690979,-1.5916706323623657,-0.3013918995857239,0.6606230735778809,-0.0324576310813427,0.007060612086206675
305,10.33333323,-0.24171064794063568,1.7106146812438965,-1.2812811136245728,0.21359339356422424,0.620464563369751,-0.4046196937561035,0.012299999594688416,0.29047515988349915,1.817167043685913,-1.574583649635315,-0.30145326256752014,0.710907518863678,-0.033597588539123535,0.005400000140070915,-0.22621037065982819,1.8159831762313843,-1.3105369806289673,0.21442429721355438,0.4109300673007965,-0.40216493606567383,0.022388901561498642,0.27593132853507996,1.9419399499893188,-1.6141061782836914,-0.303771048784256,0.6544833779335022,-0.03345804661512375,0.01372318621724844
306,10.366666563,-0.22717206180095673,1.7582621574401855,-1.2825552225112915,0.21615903079509735,0.5589940547943115,-0.4046196937561035,0.021700000390410423,0.29047515988349915,1.817167043685913,-1.574583649635315,-0.30145326256752014,0.710907518863678,-0.033597588539123535,0.005400000140070915,-0.22376057505607605,1.8402491807937622,-1.3240808248519897,0.21248051524162292,0.39298519492149353,-0.3964180648326874,0.04087158665060997,0.27593132853507996,1.9419399499893188,-1.6141061782836914,-0.303771048784256,0.6544833779335022,-0.03345804661512375,0.01372318621724844
307,10.399999896,-0.22717206180095673,1.7582621574401855,-1.2825552225112915,0.21615903079509735,0.5589940547943115,-0.4046196937561035,0.021700000390410423,0.27804839611053467,1.866210699081421,-1.600798487663269,-0.3085218369960785,0.6809402108192444,-0.031101766973733902,0.012900000438094139,-0.22376057505607605,1.8402491807937622,-1.3240808248519897,0.21248051524162292,0.39298519492149353,-0.3964180648326874,0.04087158665060997,0.27055421471595764,1.948948860168457,-1.637193202972412,-0.3061826527118683,0.6502159833908081,-0.02476951852440834,0.03287219628691673
308,10.433333229,-0.22228513658046722,1.8021048307418823,-1.3020853996276855,0.21615903079509735,0.5059360265731812,-0.39824923872947693,0.03350000083446503,0.2702293395996094,1.9043985605239868,-1.623313307762146,-0.3084869384765625,0.6601184010505676,-0.027803095057606697,0.023499999195337296,-0.21906249225139618,1.84745192527771,-1.3312015533447266,0.20596830546855927,0.3895517885684967,-0.40037545561790466,0.05451285094022751,0.27121469378471375,1.9521515369415283,-1.6533313989639282,-0.30688712000846863,0.6541631817817688,-0.014521698467433453,0.04390180855989456
309,10.466666562,-0.2151816487312317,1.8305187225341797,-1.325141191482544,0.20427334308624268,0.44828781485557556,-0.3977081775665283,0.05090000107884407,0.2702293395996094,1.9043985605239868,-1.623313307762146,-0.3084869384765625,0.6601184010505676,-0.027803095057606697,0.023499999195337296,-0.21292532980442047,1.8512650728225708,-1.3484355211257935,0.19891156256198883,0.40865078568458557,-0.3990972638130188,0.06751447916030884,0.27121469378471375,1.9521515369415283,-1.6533313989639282,-0.30688712000846863,0.6541631817817688,-0.014521698467433453,0.04390180855989456
310,10.499999895,-0.2151816487312317,1.8305187225341797,-1.325141191482544,0.20427334308624268,0.44828781485557556,-0.3977081775665283,0.05090000107884407,0.2702293395996094,1.9361809492111206,-1.6482017040252686,-0.3084869384765625,0.6512521505355835,-0.013945180922746658,0.03849999979138374,-0.21292532980442047,1.8512650728225708,-1.3484355211257935,0.19891156256198883,0.40865078568458557,-0.3990972638130188,0.06751447916030884,0.27299511432647705,1.9424617290496826,-1.6727672815322876,-0.30901244282722473,0.6735339164733887,0.0060034156776964664,0.05973474308848381
311,10.533333228,-0.21310469508171082,1.845179557800293,-1.3435893058776855,0.20090484619140625,0.41435861587524414,-0.3977081775665283,0.061900001019239426,0.2702293395996094,1.9361809492111206,-1.6482017040252686,-0.3084869384765625,0.6512521505355835,-0.013945180922746658,0.03849999979138374,-0.2146717607975006,1.8450711965560913,-1.3553805351257324,0.19436343014240265,0.4236091375350952,-0.39873215556144714,0.07130555808544159,0.27299511432647705,1.9424617290496826,-1.6727672815322876,-0.30901244282722473,0.6735339164733887,0.0060034156776964664,0.05973474308848381
312,10.566666561,-0.21310469508171082,1.853050947189331,-1.356050968170166,0.1950405389070511,0.3974114656448364,-0.3977081775665283,0.06830000132322311,0.2725506126880646,1.9504578113555908,-1.6661262512207031,-0.3084869384765625,0.6507983803749084,0.0,0.052299998700618744,-0.20895978808403015,1.8248040676116943,-1.3659919500350952,0.18976639211177826,0.4705779254436493,-0.390800803899765,0.07253248244524002,0.27616602182388306,1.9273356199264526,-1.6783089637756348,-0.31180301308631897,0.69064861536026,0.015322561375796795,0.06254016607999802
313,10.599999894,-0.21310469508171082,1.853050947189331,-1.356050968170166,0.1950405389070511,0.3974114656448364,-0.3977081775665283,0.06830000132322311,0.2765474319458008,1.9527441263198853,-1.6771043539047241,-0.31269317865371704,0.6680422425270081,0.015498523600399494,0.05909999832510948,-0.20895978808403015,1.8248040676116943,-1.3659919500350952,0.18976639211177826,0.4705779254436493,-0.390800803899765,0.07253248244524002,0.2758837938308716,1.895722508430481,-1.6759440898895264,-0.310397207736969,0.7283143997192383,0.03389395400881767,0.06222569942474365
314,10.633333227,-0.21032962203025818,1.8499791622161865,-1.3640620708465576,0.18999654054641724,0.3905523121356964,-0.39280378818511963,0.07050000131130219,0.2765474319458008,1.9527441263198853,-1.6771043539047241,-0.31269317865371704,0.6680422425270081,0.015498523600399494,0.05909999832510948,-0.20569725334644318,1.8127610683441162,-1.3664541244506836,0.1872641146183014,0.5022213459014893,-0.38496100902557373,0.07150335609912872,0.2758837938308716,1.895722508430481,-1.6759440898895264,-0.310397207736969,0.7283143997192383,0.03389395400881767,0.06222569942474365
315,10.66666656,-0.20329594612121582,1.825631856918335,-1.3655805587768555,0.18704693019390106,0.3905523121356964,-0.3815813362598419,0.07050000131130219,0.2765474319458008,1.943040132522583,-1.6794605255126953,-0.31087803840637207,0.6989520192146301,0.030839968472719193,0.06069999933242798,-0.19822582602500916,1.7717883586883545,-1.353266716003418,0.18353551626205444,0.5696181058883667,-0.3764563798904419,0.06889913976192474,0.2763148546218872,1.8744412660598755,-1.668700933456421,-0.3050920069217682,0.7477566003799438,0.04010029509663582,0.061253342777490616
316,10.699999893,-0.20329594612121582,1.825631856918335,-1.3655805587768555,0.18704693019390106,0.3905523121356964,-0.3815813362598419,0.07050000131130219,0.2765474319458008,1.9227594137191772,-1.6661436557769775,-0.3036174774169922,0.7292160391807556,0.043825216591358185,0.060600001364946365,-0.19822582602500916,1.7717883586883545,-1.353266716003418,0.18353551626205444,0.5696181058883667,-0.3764563798904419,0.06889913976192474,0.2764991223812103,1.8196240663528442,-1.6240850687026978,-0.2933429777622223,0.7731114625930786,0.054140593856573105,0.059525519609451294
317,10.733333226,-0.19828686118125916,1.794809341430664,-1.355387806892395,0.182648703455925,0.40685370564460754,-0.3764151632785797,0.06920000165700912,0.2765474319458008,1.9227594137191772,-1.6661436557769775,-0.3036174774169922,0.7292160391807556,0.043825216591358185,0.060600001364946365,-0.19693565368652344,1.7464112043380737,-1.3315339088439941,0.1809109002351761,0.5993028879165649,-0.3702855706214905,0.06770242750644684,0.2764991223812103,1.8196240663528442,-1.6240850687026978,-0.2933429777622223,0.7731114625930786,0.054140593856573105,0.059525519609451294
318,10.766666559,-0.196454256772995,1.7611418962478638,-1.3344961404800415,0.17961183190345764,0.43655920028686523,-0.3654544949531555,0.06780000030994415,0.2765474319458008,1.8899297714233398,-1.641098141670227,-0.29398325085639954,0.7544010877609253,0.05349434167146683,0.05999999865889549,-0.1968543827533722,1.700748324394226,-1.2692416906356812,0.17109404504299164,0.6479809284210205,-0.3503223657608032,0.06606714427471161,0.2803393006324768,1.7911512851715088,-1.588334321975708,-0.278515100479126,0.7837243676185608,0.06469414383172989,0.05910808593034744
319,10.799999892,-0.196454256772995,1.7611418962478638,-1.3344961404800415,0.17961183190345764,0.43655920028686523,-0.3654544949531555,0.06780000030994415,0.27899089455604553,1.8388614654541016,-1.6086699962615967,-0.28068384528160095,0.7760955691337585,0.06633996218442917,0.059300001710653305,-0.1968543827533722,1.700748324394226,-1.2692416906356812,0.17109404504299164,0.6479809284210205,-0.3503223657608032,0.06606714427471161,0.2831353545188904,1.7222979068756104,-1.4902135133743286,-0.25709661841392517,0.7805010080337524,0.0751456618309021,0.05844433978199959
320,10.833333225,-0.196454256772995,1.7278759479522705,-1.3029232025146484,0.17156586050987244,0.47596874833106995,-0.3527659475803375,0.066600002348423,0.27899089455604553,1.8388614654541016,-1.6086699962615967,-0.28068384528160095,0.7760955691337585,0.06633996218442917,0.059300001710653305,-0.20048442482948303,1.6747171878814697,-1.223605751991272,0.15891627967357635,0.663857638835907,-0.33983927965164185,0.06559957563877106,0.2831353545188904,1.7222979068756104,-1.4902135133743286,-0.25709661841392517,0.7805010080337524,0.0751456618309021,0.05844433978199959
321,10.866666558,-0.20376719534397125,1.694435477256775,-1.2555549144744873,0.15627677738666534,0.5370377898216248,-0.337005615234375,0.0658000037074089,0.28387778997421265,1.7899922132492065,-1.5664329528808594,-0.2643475830554962,0.7795861959457397,0.07394959777593613,0.05889999866485596,-0.21667788922786713,1.6320347785949707,-1.1290806531906128,0.13974879682064056,0.6787362694740295,-0.3283490836620331,0.06497885286808014,0.2850627303123474,1.6815725564956665,-1.4212473630905151,-0.24602404236793518,0.7720495462417603,0.08307094126939774,0.0582292340695858
322,10.899999891,-0.20376719534397125,1.694435477256775,-1.2555549144744873,0.15627677738666534,0.5370377898216248,-0.337005615234375,0.0658000037074089,0.28536131978034973,1.742327332496643,-1.511507511138916,-0.24631831049919128,0.7814362645149231,0.08487536013126373,0.058400001376867294,-0.21667788922786713,1.6320347785949707,-1.1290806531906128,0.13974879682064056,0.6787362694740295,-0.3283490836620331,0.06497885286808014,0.288507342338562,1.6080306768417358,-1.2898166179656982,-0.2175540179014206,0.7505871653556824,0.09436941891908646,0.05799250304698944
323,10.933333224,-0.21361084282398224,1.6612392663955688,-1.2072442770004272,0.1445656269788742,0.5907939672470093,-0.32988467812538147,0.06539999693632126,0.28536131978034973,1.742327332496643,-1.511507511138916,-0.24631831049919128,0.7814362645149231,0.08487536013126373,0.058400001376867294,-0.2290312647819519,1.615343689918518,-1.0775785446166992,0.12726694345474243,0.6808837056159973,-0.31730565428733826,0.06482960283756256,0.288507342338562,1.6080306768417358,-1.2898166179656982,-0.2175540179014206,0.7505871653556824,0.09436941891908646,0.05799250304698944
324,10.966666557,-0.2304532676935196,1.6312370300292969,-1.1535578966140747,0.1252971887588501,0.6293133497238159,-0.3184702396392822,0.06509999930858612,0.2892534136772156,1.6941561698913574,-1.4478204250335693,-0.22790509462356567,0.7680670619010925,0.0927293449640274,0.05810000002384186,-0.2607043385505676,1.5992196798324585,-0.9963383674621582,0.11353681981563568,0.6799736618995667,-0.31627005338668823,0.06477916985750198,0.2912431061267853,1.5711086988449097,-1.2242472171783447,-0.2078038603067398,0.7392527461051941,0.10127679258584976,0.05793674290180206
325,10.99999989,-0.253421813249588,1.6070293188095093,-1.0995573997497559,0.11313224583864212,0.6545857191085815,-0.3147701323032379,0.06480000168085098,0.2908940315246582,1.6421279907226562,-1.3792988061904907,-0.20874138176441193,0.741433322429657,0.10363765060901642,0.057999998331069946,-0.28038474917411804,1.598402738571167,-0.9652568697929382,0.10801013559103012,0.674858033657074,-0.316482812166214,0.0648619532585144,0.29401928186416626,1.4963250160217285,-1.0975931882858276,-0.18393515050411224,0.714497983455658,0.10468504577875137,0.057777103036642075
326,11.033333223,-0.253421813249588,1.6070293188095093,-1.0995573997497559,0.11313224583864212,0.6545857191085815,-0.3147701323032379,0.06480000168085098,0.2908940315246582,1.6421279907226562,-1.3792988061904907,-0.20874138176441193,0.741433322429657,0.10363765060901642,0.057999998331069946,-0.28038474917411804,1.598402738571167,-0.9652568697929382,0.10801013559103012,0.674858033657074,-0.316482812166214,0.0648619532585144,0.29401928186416626,1.4963250160217285,-1.0975931882858276,-0.18393515050411224,0.714497983455658,0.10468504577875137,0.057777103036642075
327,11.066666556,-0.27773424983024597,1.597622036933899,-1.0465168952941895,0.10592403262853622,0.6739588975906372,-0.3177720904350281,0.06480000168085098,0.2932676672935486,1.5884590148925781,-1.3064312934875488,-0.1891936957836151,0.7227408289909363,0.1054178848862648,0.05790000036358833,-0.32173430919647217,1.6180994510650635,-0.9358215928077698,0.10270075500011444,0.6568315029144287,-0.32254141569137573,0.0649966225028038,0.2989918887615204,1.4669189453125,-1.047249436378479,-0.17363086342811584,0.7056177258491516,0.10964997112751007,0.05770066753029823
328,11.099999889,-0.27773424983024597,1.597622036933899,-1.0465168952941895,0.10592403262853622,0.6739588975906372,-0.3177720904350281,0.06480000168085098,0.29944613575935364,1.532102346420288,-1.2213115692138672,-0.17268288135528564,0.706893265247345,0.10883872956037521,0.05790000036358833,-0.32173430919647217,1.6180994510650635,-0.9358215928077698,0.10270075500011444,0.6568315029144287,-0.32254141569137573,0.0649966225028038,0.3049972951412201,1.4184588193893433,-0.9695690274238586,-0.15681065618991852,0.6947256326675415,0.10826289653778076,0.05764710530638695
329,11.133333222,-0.30827751755714417,1.6006065607070923,-0.9950645565986633,0.1013687252998352,0.6809402108192444,-0.3225892186164856,0.06480000168085098,0.29944613575935364,1.532102346420288,-1.2213115692138672,-0.17268288135528564,0.706893265247345,0.10883872956037521,0.05790000036358833,-0.3433372378349304,1.6342591047286987,-0.9321237206459045,0.10101497918367386,0.6465356945991516,-0.3258763551712036,0.06487222760915756,0.3049972951412201,1.4184588193893433,-0.9695690274238586,-0.15681065618991852,0.6947256326675415,0.10826289653778076,0.05764710530638695
330,11.166666555,-0.3362027704715729,1.6176583766937256,-0.9627410769462585,0.1013687252998352,0.6732956767082214,-0.32813936471939087,0.06480000168085098,0.30457741022109985,1.48635733127594,-1.150259256362915,-0.1604132056236267,0.6961070895195007,0.10883872956037521,0.05790000036358833,-0.3779173791408539,1.675547480583191,-0.9433416724205017,0.10318123549222946,0.6298655271530151,-0.3322063386440277,0.06487114727497101,0.30891379714012146,1.401737093925476,-0.942954421043396,-0.1524132639169693,0.6916656494140625,0.11190401017665863,0.0576569102704525
331,11.199999888,-0.3362027704715729,1.6176583766937256,-0.9627410769462585,0.1013687252998352,0.6732956767082214,-0.32813936471939087,0.06480000168085098,0.31119221448898315,1.443631649017334,-1.0846173763275146,-0.1495048999786377,0.6926513910293579,0.11100293695926666,0.05790000036358833,-0.3779173791408539,1.675547480583191,-0.9433416724205017,0.10318123549222946,0.6298655271530151,-0.3322063386440277,0.06487114727497101,0.31481704115867615,1.3770098686218262,-0.9097093343734741,-0.14435100555419922,0.6924126148223877,0.11193612962961197,0.057693447917699814
332,11.233333221,-0.36280158162117004,1.6459676027297974,-0.9420414566993713,0.10477211326360703,0.6511648893356323,-0.3309668004512787,0.06480000168085098,0.31119221448898315,1.443631649017334,-1.0846173763275146,-0.1495048999786377,0.6926513910293579,0.11100293695926666,0.05790000036358833,-0.39209020137786865,1.7007907629013062,-0.9574264287948608,0.10640411823987961,0.6193891167640686,-0.33006128668785095,0.06476649641990662,0.31481704115867615,1.3770098686218262,-0.9097093343734741,-0.14435100555419922,0.6924126148223877,0.11193612962961197,0.057693447917699814
333,11.266666554,-0.3876550793647766,1.6819738149642944,-0.9331402778625488,0.10712830722332001,0.6273062229156494,-0.3309668004512787,0.06480000168085098,0.31550318002700806,1.4086377620697021,-1.026707410812378,-0.1445830762386322,0.6926513910293579,0.11100293695926666,0.05790000036358833,-0.41679295897483826,1.7489644289016724,-0.9939729571342468,0.10571678727865219,0.6133785843849182,-0.3271339535713196,0.06449969857931137,0.3183882236480713,1.368429183959961,-0.9035492539405823,-0.14309324324131012,0.69594806432724,0.11219049990177155,0.057808469980955124
334,11.299999887,-0.3876550793647766,1.6819738149642944,-0.9331402778625488,0.10712830722332001,0.6273062229156494,-0.3309668004512787,0.06480000168085098,0.3203202784061432,1.3822658061981201,-0.9774541854858398,-0.14121459424495697,0.6972764730453491,0.11301007121801376,0.05790000036358833,-0.41679295897483826,1.7489644289016724,-0.9939729571342468,0.10571678727865219,0.6133785843849182,-0.3271339535713196,0.06449969857931137,0.32318082451820374,1.3558028936386108,-0.893981397151947,-0.13969101011753082,0.7040489315986633,0.11307687312364578,0.05797334760427475
335,11.33333322,-0.40919244289398193,1.7165312767028809,-0.9355488419532776,0.10534807294607162,0.6132737994194031,-0.32883748412132263,0.06469999998807907,0.3203202784061432,1.3822658061981201,-0.9774541854858398,-0.14121459424495697,0.6972764730453491,0.11301007121801376,0.05790000036358833,-0.4268574118614197,1.7735446691513062,-1.0120775699615479,0.10524202883243561,0.610348641872406,-0.3244657516479492,0.06456062942743301,0.32318082451820374,1.3558028936386108,-0.893981397151947,-0.13969101011753082,0.7040489315986633,0.11307687312364578,0.05797334760427475
336,11.366666553,-0.42734387516975403,1.7517869472503662,-0.9520422220230103,0.10737265646457672,0.6104289293289185,-0.32066935300827026,0.06469999998807907,0.322013258934021,1.3623342514038086,-0.9392314553260803,-0.14074334502220154,0.7030535340309143,0.11301007121801376,0.05790000036358833,-0.4371589124202728,1.8202813863754272,-1.05634343624115,0.10351040214300156,0.6078223586082458,-0.310306191444397,0.06447923183441162,0.326438844203949,1.3518900871276855,-0.8923743963241577,-0.13811929523944855,0.7084130644798279,0.11445903033018112,0.058001358062028885
337,11.399999886,-0.42734387516975403,1.7517869472503662,-0.9520422220230103,0.10737265646457672,0.6104289293289185,-0.32066935300827026,0.06469999998807907,0.3272492289543152,1.3504834175109863,-0.9118472933769226,-0.13643239438533783,0.7106806039810181,0.11669271439313889,0.05790000036358833,-0.4371589124202728,1.8202813863754272,-1.05634343624115,0.10351040214300156,0.6078223586082458,-0.310306191444397,0.06447923183441162,0.32978230714797974,1.3443613052368164,-0.8945900797843933,-0.13796158134937286,0.7154685854911804,0.12105122953653336,0.05786595493555069
338,11.433333219,-0.43675118684768677,1.7915456295013428,-0.9794787764549255,0.10314895957708359,0.6085439324378967,-0.3095690608024597,0.06459999829530716,0.3272492289543152,1.3504834175109863,-0.9118472933769226,-0.13643239438533783,0.7106806039810181,0.11669271439313889,0.05790000036358833,-0.43748739361763,1.8445295095443726,-1.0814343690872192,0.09940340369939804,0.6071378588676453,-0.3021215796470642,0.06461715698242188,0.32978230714797974,1.3443613052368164,-0.8945900797843933,-0.13796158134937286,0.7154685854911804,0.12105122953653336,0.05786595493555069
339,11.466666552,-0.43675118684768677,1.8265917301177979,-1.0191850662231445,0.09578366577625275,0.6043028235435486,-0.2975088357925415,0.06459999829530716,0.3295356035232544,1.3437987565994263,-0.8946557641029358,-0.1373748630285263,0.7161784172058105,0.1192583441734314,0.05790000036358833,-0.4361991584300995,1.8866928815841675,-1.1275806427001953,0.08846395462751389,0.6055975556373596,-0.2831912338733673,0.06480998545885086,0.3324100971221924,1.3407963514328003,-0.8951284289360046,-0.13960853219032288,0.7188174724578857,0.12148478627204895,0.05783633887767792
340,11.499999885,-0.43675118684768677,1.8593865633010864,-1.0650522708892822,0.08826129883527756,0.6018244624137878,-0.2840348780155182,0.06459999829530716,0.3341258466243744,1.3383883237838745,-0.8927533626556396,-0.14098769426345825,0.720524251461029,0.12390092015266418,0.05790000036358833,-0.434650182723999,1.9057695865631104,-1.1530377864837646,0.07918935269117355,0.605427086353302,-0.2688944935798645,0.06476405262947083,0.3330536484718323,1.3354451656341553,-0.8950281739234924,-0.1406097114086151,0.7259877920150757,0.1318691074848175,0.057732705026865005
341,11.533333218,-0.43675118684768677,1.8593865633010864,-1.0650522708892822,0.08826129883527756,0.6018244624137878,-0.2840348780155182,0.06459999829530716,0.3341258466243744,1.333728313446045,-0.8950048685073853,-0.14102260768413544,0.7229153513908386,0.13238322734832764,0.05790000036358833,-0.434650182723999,1.9057695865631104,-1.1530377864837646,0.07918935269117355,0.605427086353302,-0.2688944935798645,0.06476405262947083,0.3352210521697998,1.3316410779953003,-0.8939099311828613,-0.14095765352249146,0.7294892072677612,0.13478143513202667,0.057700496166944504
342,11.566666551,-0.43191662430763245,1.890174150466919,-1.1082316637039185,0.07625343650579453,0.6042853593826294,-0.26656413078308105,0.06459999829530716,0.3341258466243744,1.333728313446045,-0.8950048685073853,-0.14102260768413544,0.7229153513908386,0.13238322734832764,0.05790000036358833,-0.4278554916381836,1.9412450790405273,-1.194940209388733,0.0605626180768013,0.604380190372467,-0.24637377262115479,0.06484141945838928,0.3352210521697998,1.3316410779953003,-0.8939099311828613,-0.14095765352249146,0.7294892072677612,0.13478143513202667,0.057700496166944504
343,11.599999884,-0.4282688796520233,1.9211362600326538,-1.147990345954895,0.06377433240413666,0.6029239892959595,-0.25216516852378845,0.06459999829530716,0.3361155092716217,1.3321924209594727,-0.8950048685073853,-0.14102260768413544,0.7341727614402771,0.1370956152677536,0.05790000036358833,-0.42434027791023254,1.958519697189331,-1.215606689453125,0.04637424275279045,0.6055922508239746,-0.23396353423595428,0.06491352617740631,0.3362749218940735,1.327568531036377,-0.8962692618370056,-0.14397893846035004,0.7363914251327515,0.14727582037448883,0.05759983882308006
344,11.633333217,-0.4282688796520233,1.9211362600326538,-1.147990345954895,0.06377433240413666,0.6029239892959595,-0.25216516852378845,0.06459999829530716,0.3361155092716217,1.329940915107727,-0.8950048685073853,-0.14332643151283264,0.7342076301574707,0.14503686130046844,0.05790000036358833,-0.42434027791023254,1.958519697189331,-1.215606689453125,0.04637424275279045,0.6055922508239746,-0.23396353423595428,0.06491352617740631,0.335590660572052,1.3285681009292603,-0.8976123929023743,-0.14509309828281403,0.7379686236381531,0.15001976490020752,0.057543110102415085
345,11.66666655,-0.4231550693511963,1.9486252069473267,-1.1881154775619507,0.04611159861087799,0.6066240668296814,-0.23406609892845154,0.06459999829530716,0.3361155092716217,1.329940915107727,-0.8950048685073853,-0.14332643151283264,0.7342076301574707,0.14503686130046844,0.05790000036358833,-0.41588282585144043,1.991677165031433,-1.2510402202606201,0.026576636359095573,0.6030489802360535,-0.2172614336013794,0.06483505666255951,0.335590660572052,1.3285681009292603,-0.8976123929023743,-0.14509309828281403,0.7379686236381531,0.15001976490020752,0.057543110102415085
346,11.699999883,-0.4231550693511963,1.9486252069473267,-1.1881154775619507,0.04611159861087799,0.6066240668296814,-0.23406609892845154,0.06459999829530716,0.3361155092716217,1.3279162645339966,-0.8974133729934692,-0.14578735828399658,0.7389898300170898,0.1506742686033249,0.05790000036358833,-0.41588282585144043,1.991677165031433,-1.2510402202606201,0.026576636359095573,0.6030489802360535,-0.2172614336013794,0.06483505666255951,0.33918970823287964,1.3293559551239014,-0.9020509719848633,-0.1435980498790741,0.741109311580658,0.1511017233133316,0.05746082216501236
347,11.733333216,-0.4153534471988678,1.9742292165756226,-1.2223412990570068,0.030002210289239883,0.6030287146568298,-0.22078415751457214,0.06459999829530716,0.3382098972797394,1.3266422748565674,-0.9015498161315918,-0.143396258354187,0.7427597641944885,0.15505504608154297,0.05790000036358833,-0.41213420033454895,2.001817464828491,-1.2636115550994873,0.014181338250637054,0.602429986000061,-0.2104066014289856,0.06484870612621307,0.34335699677467346,1.326722264289856,-0.9024882316589355,-0.1448623239994049,0.7421184778213501,0.1492699533700943,0.057245079427957535
348,11.766666549,-0.4073598384857178,1.999711036682129,-1.2490273714065552,0.014974924735724926,0.6014055609703064,-0.2097013145685196,0.06459999829530716,0.3382098972797394,1.3266422748565674,-0.9015498161315918,-0.143396258354187,0.7427597641944885,0.15505504608154297,0.05790000036358833,-0.3980705440044403,2.0176334381103516,-1.272269606590271,-0.0019602084066718817,0.5969239473342896,-0.20624780654907227,0.06471032649278641,0.34335699677467346,1.326722264289856,-0.9024882316589355,-0.1448623239994049,0.7421184778213501,0.1492699533700943,0.057245079427957535
349,11.799999882,-0.4073598384857178,1.999711036682129,-1.2490273714065552,0.014974924735724926,0.6014055609703064,-0.2097013145685196,0.06459999829530716,0.3442836403846741,1.3266422748565674,-0.9016720056533813,-0.14529865980148315,0.7432659268379211,0.14824827015399933,0.05770000070333481,-0.3980705440044403,2.0176334381103516,-1.272269606590271,-0.0019602084066718817,0.5969239473342896,-0.20624780654907227,0.06471032649278641,0.3532898724079132,1.3320379257202148,-0.9036000967025757,-0.1428164690732956,0.743329644203186,0.14320345222949982,0.05702078714966774
350,11.833333215,-0.39844122529029846,2.016099691390991,-1.266358494758606,0.0,0.5975483655929565,-0.20577432215213776,0.06459999829530716,0.3513696789741516,1.3309706449508667,-0.9031729698181152,-0.14397220313549042,0.7433531880378723,0.143413707613945,0.05739999935030937,-0.3897416889667511,2.0228726863861084,-1.2752877473831177,-0.007687834557145834,0.5920751690864563,-0.2112751454114914,0.06469306349754333,0.36238306760787964,1.3336905241012573,-0.9048948287963867,-0.13992629945278168,0.7420183420181274,0.13512329757213593,0.0569765605032444
351,11.866666548,-0.38608428835868835,2.0256989002227783,-1.2740379571914673,-0.009686577133834362,0.5875476598739624,-0.21003292500972748,0.06459999829530716,0.3513696789741516,1.3309706449508667,-0.9031729698181152,-0.14397220313549042,0.7433531880378723,0.143413707613945,0.05739999935030937,-0.37881895899772644,2.030841827392578,-1.2685950994491577,-0.016491249203681946,0.5872951149940491,-0.21773792803287506,0.06396500021219254,0.36238306760787964,1.3336905241012573,-0.9048948287963867,-0.13992629945278168,0.7420183420181274,0.13512329757213593,0.0569765605032444
352,11.899999881,-0.38608428835868835,2.0256989002227783,-1.2740379571914673,-0.009686577133834362,0.5875476598739624,-0.21003292500972748,0.06459999829530716,0.36419785022735596,1.335299015045166,-0.9058957099914551,-0.1385442316532135,0.7412064075469971,0.13603095710277557,0.05700000002980232,-0.37881895899772644,2.030841827392578,-1.2685950994491577,-0.016491249203681946,0.5872951149940491,-0.21773792803287506,0.06396500021219254,0.3860287368297577,1.341030478477478,-0.907553493976593,-0.13406050205230713,0.7404869794845581,0.12519694864749908,0.05660378932952881
353,11.933333214,-0.37632790207862854,2.0311269760131836,-1.2730954885482788,-0.01661553420126438,0.5854358077049255,-0.21650809049606323,0.06419999897480011,0.38117989897727966,1.3403429985046387,-0.9081471562385559,-0.13573426008224487,0.7400370836257935,0.12746138870716095,0.056699998676776886,-0.37486374378204346,2.0328993797302246,-1.2647076845169067,-0.017645347863435745,0.5822184085845947,-0.2282647341489792,0.06315425783395767,0.40202954411506653,1.3436894416809082,-0.9060363173484802,-0.12984558939933777,0.741388201713562,0.11545063555240631,0.05649852007627487
354,11.966666547,-0.37023669481277466,2.033430814743042,-1.2610353231430054,-0.018709929659962654,0.5811771750450134,-0.22909191250801086,0.0625,0.38117989897727966,1.3403429985046387,-0.9081471562385559,-0.13573426008224487,0.7400370836257935,0.12746138870716095,0.056699998676776886,-0.36694642901420593,2.034274101257324,-1.2509909868240356,-0.020430490374565125,0.5766708850860596,-0.24464377760887146,0.05858968570828438,0.40202954411506653,1.3436894416809082,-0.9060363173484802,-0.12984558939933777,0.741388201713562,0.11545063555240631,0.05649852007627487
355,11.99999988,-0.37023669481277466,2.033430814743042,-1.2610353231430054,-0.018709929659962654,0.5811771750450134,-0.22909191250801086,0.0625,0.4010068476200104,1.3461025953292847,-0.9081471562385559,-0.12688544392585754,0.7409446239471436,0.11438887566328049,0.056699998676776886,-0.36694642901420593,2.034274101257324,-1.2509909868240356,-0.020430490374565125,0.5766708850860596,-0.24464377760887146,0.05858968570828438,0.4376052916049957,1.355791449546814,-0.9061980843544006,-0.11823198944330215,0.738379716873169,0.09166071563959122,0.05621830001473427
356,12.033333213,-0.3655592203140259,2.03519344329834,-1.252448320388794,-0.02010619267821312,0.5763949751853943,-0.2416233867406845,0.059300001710653305,0.42263147234916687,1.35606849193573,-0.9063145518302917,-0.1195375993847847,0.7409446239471436,0.09752900153398514,0.05660000070929527,-0.36474332213401794,2.0317325592041016,-1.2400697469711304,-0.014849605038762093,0.5724779963493347,-0.25425970554351807,0.0543169267475605,0.4540310502052307,1.360300898551941,-0.9077311754226685,-0.11475025862455368,0.7374101281166077,0.0829993262887001,0.056105226278305054
357,12.066666546,-0.36250489950180054,2.0306906700134277,-1.2364959716796875,-0.013596114702522755,0.5684711933135986,-0.25731387734413147,0.0544000007212162,0.42263147234916687,1.35606849193573,-0.9063145518302917,-0.1195375993847847,0.7409446239471436,0.09752900153398514,0.05660000070929527,-0.3578666150569916,2.0227811336517334,-1.221441388130188,-0.007689188234508038,0.5656229853630066,-0.27331167459487915,0.04031025990843773,0.4540310502052307,1.360300898551941,-0.9077311754226685,-0.11475025862455368,0.7374101281166077,0.0829993262887001,0.056105226278305054
358,12.099999879,-0.36250489950180054,2.0306906700134277,-1.2364959716796875,-0.013596114702522755,0.5684711933135986,-0.25731387734413147,0.0544000007212162,0.4475373327732086,1.363695502281189,-0.9063145518302917,-0.11157889664173126,0.7347487211227417,0.08199556916952133,0.056299999356269836,-0.3578666150569916,2.0227811336517334,-1.221441388130188,-0.007689188234508038,0.5656229853630066,-0.27331167459487915,0.04031025990843773,0.4935729205608368,1.3773082494735718,-0.9060420393943787,-0.10598856955766678,0.73114413022995,0.0653543621301651,0.05581779032945633
359,12.133333212,-0.358822226524353,2.02475643157959,-1.2228997945785522,-0.009162978269159794,0.5615073442459106,-0.27092745900154114,0.04560000076889992,0.4732285737991333,1.373626470565796,-0.9063145518302917,-0.10580185800790787,0.7323924899101257,0.06935938447713852,0.0560000017285347,-0.3565658926963806,2.0200419425964355,-1.211221694946289,-0.0011699495371431112,0.5645341873168945,-0.2888466715812683,0.03548942506313324,0.5127387642860413,1.385002613067627,-0.9031134247779846,-0.10329262167215347,0.7273872494697571,0.05586715415120125,0.055739790201187134
360,12.166666545,-0.35644859075546265,2.016658067703247,-1.207680583000183,0.0,0.5579817891120911,-0.2885901927947998,0.0364999994635582,0.4732285737991333,1.373626470565796,-0.9063145518302917,-0.10580185800790787,0.7323924899101257,0.06935938447713852,0.0560000017285347,-0.35150158405303955,2.0137081146240234,-1.194122552871704,0.007974374108016491,0.5596824884414673,-0.29740196466445923,0.021843675523996353,0.5127387642860413,1.385002613067627,-0.9031134247779846,-0.10329262167215347,0.7273872494697571,0.05586715415120125,0.055739790201187134
361,12.199999878,-0.35644859075546265,2.016658067703247,-1.207680583000183,0.0,0.5579817891120911,-0.2885901927947998,0.0364999994635582,0.5006477236747742,1.389823079109192,-0.9040107131004333,-0.10156071186065674,0.7244687080383301,0.055571284145116806,0.055799998342990875,-0.35150158405303955,2.0137081146240234,-1.194122552871704,0.007974374108016491,0.5596824884414673,-0.29740196466445923,0.021843675523996353,0.5490300059318542,1.4056901931762695,-0.9051279425621033,-0.0974893718957901,0.7186553478240967,0.048312440514564514,0.055680692195892334
362,12.233333211,-0.350758820772171,2.0117712020874023,-1.196702480316162,0.005951572675257921,0.5562887787818909,-0.2992017865180969,0.026100000366568565,0.530091404914856,1.4007140398025513,-0.9040107131004333,-0.09759881347417831,0.7178364396095276,0.048171088099479675,0.05559999868273735,-0.3500911295413971,2.0082285404205322,-1.1888840198516846,0.011786466464400291,0.5595504641532898,-0.3033842444419861,0.017470119521021843,0.5690568089485168,1.4186731576919556,-0.905235230922699,-0.09538121521472931,0.7148767709732056,0.04937615990638733,0.055705130100250244
363,12.266666544,-0.35061919689178467,2.004929542541504,-1.1865620613098145,0.014992378652095795,0.5562887787818909,-0.30600857734680176,0.01860000006854534,0.530091404914856,1.4007140398025513,-0.9040107131004333,-0.09759881347417831,0.7178364396095276,0.048171088099479675,0.05559999868273735,-0.349016398191452,2.003973960876465,-1.1823745965957642,0.020691463723778725,0.5589343309402466,-0.30529850721359253,0.008705819956958294,0.5690568089485168,1.4186731576919556,-0.905235230922699,-0.09538121521472931,0.7148767709732056,0.04937615990638733,0.055705130100250244
364,12.299999877,-0.35061919689178467,2.004929542541504,-1.1865620613098145,0.014992378652095795,0.5562887787818909,-0.30600857734680176,0.01860000006854534,0.5581039190292358,1.419144630432129,-0.9059480428695679,-0.09538224339485168,0.7108551263809204,0.04801400750875473,0.05559999868273735,-0.349016398191452,2.003973960876465,-1.1823745965957642,0.020691463723778725,0.5589343309402466,-0.30529850721359253,0.008705819956958294,0.6022568345069885,1.4456336498260498,-0.9085515737533569,-0.09312541037797928,0.7076550722122192,0.05010285601019859,0.05573982372879982
365,12.33333321,-0.35061919689178467,2.00285267829895,-1.1837520599365234,0.01895427517592907,0.5562887787818909,-0.30600857734680176,0.012299999594688416,0.5835159420967102,1.4385876655578613,-0.9080598950386047,-0.09328784793615341,0.7084989547729492,0.04801400750875473,0.05559999868273735,-0.3488980233669281,2.0015387535095215,-1.1803559064865112,0.02465742640197277,0.559321939945221,-0.3046792447566986,0.00685083819553256,0.621073305606842,1.460024118423462,-0.9123874306678772,-0.09376926720142365,0.7035707831382751,0.051571108400821686,0.05589188262820244
366,12.366666543,-0.3491356670856476,2.0008628368377686,-1.1809072494506836,0.023806290701031685,0.5562887787818909,-0.30262264609336853,0.008700000122189522,0.5835159420967102,1.4385876655578613,-0.9080598950386047,-0.09328784793615341,0.7084989547729492,0.04801400750875473,0.05559999868273735,-0.3482765853404999,2.001568555831909,-1.184619426727295,0.027222134172916412,0.5616151690483093,-0.2993443012237549,0.0037931378465145826,0.621073305606842,1.460024118423462,-0.9123874306678772,-0.09376926720142365,0.7035707831382751,0.051571108400821686,0.05589188262820244
367,12.399999876,-0.3491356670856476,2.0008628368377686,-1.1809072494506836,0.023806290701031685,0.5562887787818909,-0.30262264609336853,0.008700000122189522,0.6092770099639893,1.4571056365966797,-0.9126326441764832,-0.09328784793615341,0.7030709981918335,0.05187118425965309,0.05559999868273735,-0.3482765853404999,2.001568555831909,-1.184619426727295,0.027222134172916412,0.5616151690483093,-0.2993443012237549,0.0037931378465145826,0.6458310484886169,1.482349157333374,-0.9186939597129822,-0.08825952559709549,0.7013123035430908,0.0499306321144104,0.05630066990852356
368,12.433333209,-0.3491356670856476,2.0008628368377686,-1.1856545209884644,0.026232298463582993,0.5619785785675049,-0.3003886044025421,0.006899999920278788,0.6317393779754639,1.4742796421051025,-0.9172228574752808,-0.08902924507856369,0.700452983379364,0.05187118425965309,0.05570000037550926,-0.34926027059555054,2.004173755645752,-1.1907140016555786,0.02763975039124489,0.5621644854545593,-0.29168573021888733,0.003272342262789607,0.6643281579017639,1.4954404830932617,-0.9232342839241028,-0.08596733957529068,0.7017505168914795,0.04808053746819496,0.05660161003470421
369,12.466666542,-0.3491356670856476,2.0044407844543457,-1.1949571371078491,0.02785545401275158,0.5671272873878479,-0.2916968762874603,0.006200000178068876,0.6317393779754639,1.4742796421051025,-0.9172228574752808,-0.08902924507856369,0.700452983379364,0.05187118425965309,0.05570000037550926,-0.3512601852416992,2.0058228969573975,-1.204375982284546,0.024053089320659637,0.56501704454422,-0.2825688123703003,0.0027821017429232597,0.6643281579017639,1.4954404830932617,-0.9232342839241028,-0.08596733957529068,0.7017505168914795,0.04808053746819496,0.05660161003470421
370,12.499999875,-0.3491356670856476,2.0044407844543457,-1.1949571371078491,0.02785545401275158,0.5671272873878479,-0.2916968762874603,0.006200000178068876,0.655074417591095,1.4927103519439697,-0.9232791662216187,-0.08464846760034561,0.700452983379364,0.04712389037013054,0.0560000017285347,-0.3512601852416992,2.0058228969573975,-1.204375982284546,0.024053089320659637,0.56501704454422,-0.2825688123703003,0.0027821017429232597,0.7065733075141907,1.5220378637313843,-0.9306827187538147,-0.07851507514715195,0.6990498900413513,0.04011516645550728,0.05728413537144661
371,12.533333208,-0.3510904312133789,2.0044407844543457,-1.2031078338623047,0.025656340643763542,0.5672145485877991,-0.281713604927063,0.00570000009611249,0.6808704137802124,1.513776421546936,-0.9318138360977173,-0.08257152885198593,0.6978873610496521,0.04194026067852974,0.05660000070929527,-0.35209453105926514,2.0055670738220215,-1.209364891052246,0.024292584508657455,0.5642387270927429,-0.2779974341392517,0.002638590056449175,0.7348169088363647,1.537204623222351,-0.9350292682647705,-0.07734762132167816,0.698144793510437,0.03905099630355835,0.057468101382255554
372,12.566666541,-0.3510904312133789,2.0056276321411133,-1.2106651067733765,0.025656340643763542,0.5672145485877991,-0.27412140369415283,0.00559999980032444,0.6808704137802124,1.513776421546936,-0.9318138360977173,-0.08257152885198593,0.6978873610496521,0.04194026067852974,0.05660000070929527,-0.3540194034576416,2.002913236618042,-1.2201954126358032,0.024189848452806473,0.5643808245658875,-0.272134006023407,0.002470207866281271,0.7348169088363647,1.537204623222351,-0.9350292682647705,-0.07734762132167816,0.698144793510437,0.03905099630355835,0.057468101382255554
373,12.599999874,-0.3510904312133789,2.0056276321411133,-1.2106651067733765,0.025656340643763542,0.5672145485877991,-0.27412140369415283,0.00559999980032444,0.7158467769622803,1.5339349508285522,-0.936561107635498,-0.07751007378101349,0.6958453059196472,0.03958406671881676,0.05689999833703041,-0.3540194034576416,2.002913236618042,-1.2201954126358032,0.024189848452806473,0.5643808245658875,-0.272134006023407,0.002470207866281271,0.7936895489692688,1.5716688632965088,-0.9486159682273865,-0.07503143697977066,0.6928298473358154,0.03740217164158821,0.058025747537612915
374,12.633333207,-0.35295793414115906,2.003812551498413,-1.2195138931274414,0.025359634310007095,0.5693089365959167,-0.27174776792526245,0.005400000140070915,0.7158467769622803,1.5339349508285522,-0.936561107635498,-0.07751007378101349,0.6958453059196472,0.03958406671881676,0.05689999833703041,-0.3563878536224365,2.0009357929229736,-1.2249979972839355,0.02149078994989395,0.5651840567588806,-0.2655203640460968,0.0024450100027024746,0.7936895489692688,1.5716688632965088,-0.9486159682273865,-0.07503143697977066,0.6928298473358154,0.03740217164158821,0.058025747537612915
375,12.66666654,-0.355453759431839,1.9995189905166626,-1.227507472038269,0.022828906774520874,0.5668655037879944,-0.26392868161201477,0.005400000140070915,0.7513467669487,1.5572700500488281,-0.9474694132804871,-0.07501424849033356,0.6928084492683411,0.03759439289569855,0.057100001722574234,-0.35761862993240356,1.9982424974441528,-1.2351995706558228,0.021785488352179527,0.5625115633010864,-0.26308637857437134,0.002418626332655549,0.8214663863182068,1.5911043882369995,-0.9538409113883972,-0.07284735143184662,0.6909608840942383,0.0384879931807518,0.058127567172050476
376,12.699999873,-0.355453759431839,1.9995189905166626,-1.227507472038269,0.022828906774520874,0.5668655037879944,-0.26392868161201477,0.005400000140070915,0.7885921001434326,1.5809890031814575,-0.9565102458000183,-0.07269296050071716,0.6886720061302185,0.03759439289569855,0.0575999990105629,-0.35761862993240356,1.9982424974441528,-1.2351995706558228,0.021785488352179527,0.5625115633010864,-0.26308637857437134,0.002418626332655549,0.875355064868927,1.636379599571228,-0.9770283102989197,-0.07005298137664795,0.6860348582267761,0.042521461844444275,0.05903985723853111
377,12.733333206,-0.3568150997161865,1.999414324760437,-1.2368450164794922,0.022828906774520874,0.5615248084068298,-0.26392868161201477,0.005400000140070915,0.7885921001434326,1.5809890031814575,-0.9565102458000183,-0.07269296050071716,0.6886720061302185,0.03759439289569855,0.0575999990105629,-0.3573993444442749,1.9956767559051514,-1.2383928298950195,0.020041046664118767,0.5613340735435486,-0.2614079713821411,0.0025019380263984203,0.875355064868927,1.636379599571228,-0.9770283102989197,-0.07005298137664795,0.6860348582267761,0.042521461844444275,0.05903985723853111
378,12.766666539,-0.3579495847225189,1.9971104860305786,-1.2396899461746216,0.020210912451148033,0.561751663684845,-0.26195645332336426,0.005400000140070915,0.831195592880249,1.614080548286438,-0.9725497961044312,-0.06881833076477051,0.6857224106788635,0.042638394981622696,0.05829999968409538,-0.3591666519641876,1.9937646389007568,-1.2434667348861694,0.01988021470606327,0.5573863387107849,-0.26475346088409424,0.002730787266045809,0.9030585289001465,1.6601598262786865,-0.9899343252182007,-0.06690885871648788,0.6855810284614563,0.043740760535001755,0.05946803092956543
379,12.799999872,-0.3579495847225189,1.9971104860305786,-1.2396899461746216,0.020210912451148033,0.561751663684845,-0.26195645332336426,0.005400000140070915,0.8700466156005859,1.6448156833648682,-0.9872803688049316,-0.0662352442741394,0.6838898062705994,0.042638394981622696,0.058800000697374344,-0.3591666519641876,1.9937646389007568,-1.2434667348861694,0.01988021470606327,0.5573863387107849,-0.26475346088409424,0.002730787266045809,0.9559264779090881,1.7151117324829102,-1.0240447521209717,-0.06058288365602493,0.686944842338562,0.04454397037625313,0.06033678352832794
380,12.833333205,-0.3579495847225189,1.995016098022461,-1.243878722190857,0.020210912451148033,0.5575803518295288,-0.26391124725341797,0.005400000140070915,0.8700466156005859,1.6448156833648682,-0.9872803688049316,-0.0662352442741394,0.6838898062705994,0.042638394981622696,0.058800000697374344,-0.35906124114990234,1.9941896200180054,-1.2458792924880981,0.018213879317045212,0.5572863817214966,-0.26620352268218994,0.0028575980104506016,0.9559264779090881,1.7151117324829102,-1.0240447521209717,-0.06058288365602493,0.686944842338562,0.04454397037625313,0.06033678352832794
381,12.866666538,-0.3579495847225189,1.995016098022461,-1.243878722190857,0.020210912451148033,0.5575803518295288,-0.26391124725341797,0.005400000140070915,0.90907222032547,1.6779072284698486,-1.0105282068252563,-0.06103416532278061,0.6868219375610352,0.04562290757894516,0.05950000137090683,-0.35906124114990234,1.9941896200180054,-1.2458792924880981,0.018213879317045212,0.5572863817214966,-0.26620352268218994,0.0028575980104506016,0.9769406318664551,1.7424447536468506,-1.0439891815185547,-0.058348819613456726,0.689103901386261,0.04656257480382919,0.06060456857085228
382,12.899999871,-0.35936328768730164,1.995016098022461,-1.2457985877990723,0.018901916220784187,0.5575803518295288,-0.2678731381893158,0.005400000140070915,0.9460382461547852,1.7148733139038086,-1.035119891166687,-0.056810468435287476,0.6895796060562134,0.04562290757894516,0.05979999899864197,-0.359923392534256,1.99447762966156,-1.247939944267273,0.01740444451570511,0.5545782446861267,-0.2688681185245514,0.00304601457901299,1.018186330795288,1.795007348060608,-1.0853029489517212,-0.051839154213666916,0.6947631239891052,0.04664994776248932,0.060780659317970276
383,12.933333204,-0.35936328768730164,1.995016098022461,-1.2479976415634155,0.018901916220784187,0.5552939772605896,-0.26970574259757996,0.005400000140070915,0.9460382461547852,1.7148733139038086,-1.035119891166687,-0.056810468435287476,0.6895796060562134,0.04562290757894516,0.05979999899864197,-0.3585697412490845,1.9955072402954102,-1.2472814321517944,0.018164822831749916,0.5537201166152954,-0.2725246250629425,0.0031429766677320004,1.018186330795288,1.795007348060608,-1.0853029489517212,-0.051839154213666916,0.6947631239891052,0.04664994776248932,0.060780659317970276
384,12.966666537,-0.35936328768730164,1.995016098022461,-1.2479976415634155,0.018901916220784187,0.5552939772605896,-0.26970574259757996,0.005400000140070915,0.980351448059082,1.75601065158844,-1.065244197845459,-0.0535816065967083,0.6947283148765564,0.04562290757894516,0.06019999831914902,-0.3585697412490845,1.9955072402954102,-1.2472814321517944,0.018164822831749916,0.5537201166152954,-0.2725246250629425,0.0031429766677320004,1.0367255210876465,1.8193349838256836,-1.1049013137817383,-0.048929363489151,0.6988550424575806,0.04440551996231079,0.06088561937212944
385,12.99999987,-0.35936328768730164,1.996970772743225,-1.2479976415634155,0.018901916220784187,0.5552939772605896,-0.2733883857727051,0.005400000140070915,1.0130938291549683,1.792435646057129,-1.0939549207687378,-0.046879544854164124,0.6964736580848694,0.04562290757894516,0.060499999672174454,-0.3579179048538208,1.9977164268493652,-1.2491570711135864,0.01796959713101387,0.5522847771644592,-0.27799299359321594,0.00328896869905293,1.0639392137527466,1.865811824798584,-1.141122579574585,-0.04129621013998985,0.7074846625328064,0.04150444641709328,0.06103949621319771
386,13.033333203,-0.3574259877204895,1.996970772743225,-1.2479976415634155,0.018901916220784187,0.5537056922912598,-0.27698373794555664,0.005400000140070915,1.0130938291549683,1.792435646057129,-1.0939549207687378,-0.046879544854164124,0.6964736580848694,0.04562290757894516,0.060499999672174454,-0.3560486137866974,1.999466061592102,-1.2485404014587402,0.017761940136551857,0.5523507595062256,-0.27829012274742126,0.003467152826488018,1.0639392137527466,1.865811824798584,-1.141122579574585,-0.04129621013998985,0.7074846625328064,0.04150444641709328,0.06103949621319771
387,13.066666536,-0.3574259877204895,1.996970772743225,-1.2479976415634155,0.018901916220784187,0.5537056922912598,-0.27698373794555664,0.005400000140070915,1.044876217842102,1.8281800746917725,-1.1208678483963013,-0.041346851736307144,0.7072597742080688,0.04269075393676758,0.060600001364946365,-0.3560486137866974,1.999466061592102,-1.2485404014587402,0.017761940136551857,0.5523507595062256,-0.27829012274742126,0.003467152826488018,1.0752006769180298,1.8848835229873657,-1.1610854864120483,-0.040438078343868256,0.7108622789382935,0.03599611297249794,0.061050910502672195
388,13.099999869,-0.3556457459926605,1.9985415935516357,-1.2479976415634155,0.018901916220784187,0.5531821250915527,-0.27698373794555664,0.005400000140070915,1.0687698125839233,1.862440824508667,-1.148269534111023,-0.03841469809412956,0.7143283486366272,0.036582101136446,0.060600001364946365,-0.3514268696308136,2.001979112625122,-1.2439512014389038,0.017769407480955124,0.5494699478149414,-0.2826029062271118,0.0037221352104097605,1.093537449836731,1.9258674383163452,-1.19456148147583,-0.03559519723057747,0.7198311686515808,0.02799701876938343,0.06113394349813461
389,13.133333202,-0.35124751925468445,2.0008280277252197,-1.2456938028335571,0.018901916220784187,0.5488187670707703,-0.2837905287742615,0.00559999980032444,1.0687698125839233,1.862440824508667,-1.148269534111023,-0.03841469809412956,0.7143283486366272,0.036582101136446,0.060600001364946365,-0.35064497590065,2.00201416015625,-1.2439544200897217,0.02027786895632744,0.5493341088294983,-0.28401297330856323,0.0038974371273070574,1.093537449836731,1.9258674383163452,-1.19456148147583,-0.03559519723057747,0.7198311686515808,0.02799701876938343,0.06113394349813461
390,13.166666535,-0.35124751925468445,2.0008280277252197,-1.2456938028335571,0.018901916220784187,0.5488187670707703,-0.2837905287742615,0.00559999980032444,1.0870084762573242,1.8933855295181274,-1.1745193004608154,-0.03464478626847267,0.717871367931366,0.02888519875705242,0.060600001364946365,-0.35064497590065,2.00201416015625,-1.2439544200897217,0.02027786895632744,0.5493341088294983,-0.28401297330856323,0.0038974371273070574,1.100367784500122,1.9401519298553467,-1.2080004215240479,-0.03372066095471382,0.7235836982727051,0.024663347750902176,0.061101336032152176
391,13.199999868,-0.34946727752685547,2.0008280277252197,-1.2409988641738892,0.021729350090026855,0.5510178804397583,-0.28389525413513184,0.00570000009611249,1.0990861654281616,1.9234400987625122,-1.1987619400024414,-0.03216641768813133,0.7250097990036011,0.022514747455716133,0.060600001364946365,-0.34784427285194397,2.003357172012329,-1.2397021055221558,0.01989416591823101,0.5491334199905396,-0.28809115290641785,0.0042245215736329556,1.1082675457000732,1.9674338102340698,-1.2300283908843994,-0.029560541734099388,0.7314199805259705,0.017128733918070793,0.061080824583768845
392,13.233333201,-0.3477044999599457,2.002887487411499,-1.239707350730896,0.01984439417719841,0.5510178804397583,-0.28763025999069214,0.00570000009611249,1.0990861654281616,1.9234400987625122,-1.1987619400024414,-0.03216641768813133,0.7250097990036011,0.022514747455716133,0.060600001364946365,-0.34607431292533875,2.0034079551696777,-1.2376996278762817,0.018637685105204582,0.549223005771637,-0.2877497673034668,0.00424727750942111,1.1082675457000732,1.9674338102340698,-1.2300283908843994,-0.029560541734099388,0.7314199805259705,0.017128733918070793,0.061080824583768845
393,13.266666534,-0.3477044999599457,2.002887487411499,-1.239707350730896,0.01984439417719841,0.5510178804397583,-0.28763025999069214,0.00570000009611249,1.1065038442611694,1.949707269668579,-1.2190426588058472,-0.030089477077126503,0.7321830987930298,0.017435839399695396,0.060600001364946365,-0.34607431292533875,2.0034079551696777,-1.2376996278762817,0.018637685105204582,0.549223005771637,-0.2877497673034668,0.00424727750942111,1.1093443632125854,1.9791592359542847,-1.2399983406066895,-0.02940673753619194,0.7323669195175171,0.015100013464689255,0.06103694811463356
394,13.299999867,-0.3444232642650604,2.002887487411499,-1.2369846105575562,0.01984439417719841,0.5465149283409119,-0.28763025999069214,0.00570000009611249,1.109278917312622,1.975311279296875,-1.2393932342529297,-0.030089477077126503,0.7343123555183411,0.014817845076322556,0.060600001364946365,-0.34432485699653625,2.001213788986206,-1.2353473901748657,0.0212460495531559,0.5473566651344299,-0.2900311052799225,0.004473564680665731,1.1125439405441284,2.0003981590270996,-1.253760814666748,-0.02790006622672081,0.7365490794181824,0.007495633326470852,0.06109103560447693
395,13.3333332,-0.3444232642650604,2.002887487411499,-1.2348552942276,0.021642083302140236,0.5468640327453613,-0.2903704345226288,0.00570000009611249,1.109278917312622,1.975311279296875,-1.2393932342529297,-0.030089477077126503,0.7343123555183411,0.014817845076322556,0.060600001364946365,-0.3432786464691162,2.0008840560913086,-1.2341076135635376,0.02070409432053566,0.5485532283782959,-0.28985926508903503,0.004524283576756716,1.1125439405441284,2.0003981590270996,-1.253760814666748,-0.02790006622672081,0.7365490794181824,0.007495633326470852,0.06109103560447693
396,13.366666533,-0.3444232642650604,2.002887487411499,-1.2348552942276,0.021642083302140236,0.5468640327453613,-0.2903704345226288,0.00570000009611249,1.1110416650772095,1.9937244653701782,-1.2520817518234253,-0.027890361845493317,0.7363718748092651,0.00724311638623476,0.060600001364946365,-0.3432786464691162,2.0008840560913086,-1.2341076135635376,0.02070409432053566,0.5485532283782959,-0.28985926508903503,0.004524283576756716,1.1113518476486206,2.007599115371704,-1.2584489583969116,-0.026280824095010757,0.7375730872154236,0.006022588815540075,0.060948193073272705
397,13.399999866,-0.34318408370018005,2.002887487411499,-1.2348552942276,0.021642083302140236,0.5468640327453613,-0.2880665957927704,0.005900000222027302,1.1110416650772095,2.0075125694274902,-1.2599706649780273,-0.02551671303808689,0.7375237941741943,0.00724311638623476,0.060600001364946365,-0.3405265808105469,1.9996927976608276,-1.234519124031067,0.02383888140320778,0.54623943567276,-0.2888406813144684,0.004785919561982155,1.110381007194519,2.0175914764404297,-1.2659014463424683,-0.024646738544106483,0.7375118136405945,0.007682639639824629,0.060266874730587006
398,13.433333199,-0.34173548221588135,2.0006535053253174,-1.2348552942276,0.021642083302140236,0.5468640327453613,-0.2880142331123352,0.006099999882280827,1.1110416650772095,2.0075125694274902,-1.2599706649780273,-0.02551671303808689,0.7375237941741943,0.00724311638623476,0.060600001364946365,-0.3404373824596405,1.9997868537902832,-1.2340447902679443,0.02245292253792286,0.5473539233207703,-0.28712379932403564,0.004828214179724455,1.110381007194519,2.0175914764404297,-1.2659014463424683,-0.024646738544106483,0.7375118136405945,0.007682639639824629,0.060266874730587006
399,13.466666532,-0.34173548221588135,2.0006535053253174,-1.2348552942276,0.021642083302140236,0.5468640327453613,-0.2880142331123352,0.006099999882280827,1.1110416650772095,2.0164313316345215,-1.2649273872375488,-0.025324728339910507,0.7375237941741943,0.00724311638623476,0.060499999672174454,-0.3404373824596405,1.9997868537902832,-1.2340447902679443,0.02245292253792286,0.5473539233207703,-0.28712379932403564,0.004828214179724455,1.109824776649475,2.0232343673706055,-1.2682842016220093,-0.025476431474089622,0.7389633059501648,0.010559067130088806,0.05970601737499237
400,13.499999865,-0.3384717106819153,1.9984019994735718,-1.2348552942276,0.021642083302140236,0.5468640327453613,-0.283947616815567,0.006200000178068876,1.1090694665908813,2.0243375301361084,-1.270477533340454,-0.027698375284671783,0.7375237941741943,0.00945968460291624,0.059700001031160355,-0.3390983045101166,1.9977113008499146,-1.2352020740509033,0.02440680004656315,0.5480706095695496,-0.2853268086910248,0.0050164139829576015,1.1071513891220093,2.0307090282440186,-1.2737483978271484,-0.029884276911616325,0.7408591508865356,0.014246677048504353,0.05841151624917984
401,13.533333198,-0.3390302062034607,1.9982274770736694,-1.2348552942276,0.023841196671128273,0.5468640327453613,-0.283947616815567,0.006099999882280827,1.1090694665908813,2.0243375301361084,-1.270477533340454,-0.027698375284671783,0.7375237941741943,0.00945968460291624,0.059700001031160355,-0.33780357241630554,1.9972174167633057,-1.2357512712478638,0.024398405104875565,0.5475490093231201,-0.2809503972530365,0.005037798546254635,1.1071513891220093,2.0307090282440186,-1.2737483978271484,-0.029884276911616325,0.7408591508865356,0.014246677048504353,0.05841151624917984
402,13.566666531,-0.3390302062034607,1.9982274770736694,-1.2348552942276,0.023841196671128273,0.5468640327453613,-0.283947616815567,0.006099999882280827,1.1077430248260498,2.0283517837524414,-1.2748234272003174,-0.029443703591823578,0.7404210567474365,0.014049900695681572,0.05889999866485596,-0.33780357241630554,1.9972174167633057,-1.2357512712478638,0.024398405104875565,0.5475490093231201,-0.2809503972530365,0.005037798546254635,1.1042840480804443,2.0352139472961426,-1.2750120162963867,-0.031154049560427666,0.7419674396514893,0.01906418800354004,0.057490091770887375
403,13.599999864,-0.33794811367988586,1.9968661069869995,-1.2348552942276,0.023841196671128273,0.5468640327453613,-0.28178340196609497,0.006300000008195639,1.1051948070526123,2.0328023433685303,-1.277982473373413,-0.030351275578141212,0.7416253089904785,0.019146261736750603,0.0575999990105629,-0.3373347222805023,1.9967453479766846,-1.2377736568450928,0.024007972329854965,0.5480377078056335,-0.27951207756996155,0.005112748127430677,1.1014153957366943,2.0417885780334473,-1.2813711166381836,-0.03513757511973381,0.7496707439422607,0.01775629259645939,0.05386624485254288
404,13.633333197,-0.33794811367988586,1.9968661069869995,-1.2368276119232178,0.023841196671128273,0.5491678714752197,-0.279898464679718,0.006399999838322401,1.1051948070526123,2.0328023433685303,-1.277982473373413,-0.030351275578141212,0.7416253089904785,0.019146261736750603,0.0575999990105629,-0.3363005816936493,1.9948053359985352,-1.2392264604568481,0.024923080578446388,0.5487882494926453,-0.27911344170570374,0.005197272635996342,1.1014153957366943,2.0417885780334473,-1.2813711166381836,-0.03513757511973381,0.7496707439422607,0.01775629259645939,0.05386624485254288
405,13.66666653,-0.33794811367988586,1.9968661069869995,-1.2368276119232178,0.023841196671128273,0.5491678714752197,-0.279898464679718,0.006399999838322401,1.1032052040100098,2.0382304191589355,-1.2822409868240356,-0.03471459820866585,0.7500377893447876,0.019146261736750603,0.055399999022483826,-0.3363005816936493,1.9948053359985352,-1.2392264604568481,0.024923080578446388,0.5487882494926453,-0.27911344170570374,0.005197272635996342,1.0996965169906616,2.0450994968414307,-1.284870982170105,-0.03757534548640251,0.7516841888427734,0.020951485261321068,0.05149216577410698
406,13.699999863,-0.33794811367988586,1.9942306280136108,-1.238747477531433,0.023841196671128273,0.5491678714752197,-0.2765648663043976,0.006500000134110451,1.0990512371063232,2.0423667430877686,-1.2867090702056885,-0.03890338912606239,0.752341628074646,0.021554816514253616,0.051500000059604645,-0.33638665080070496,1.9921422004699707,-1.2396620512008667,0.02674809657037258,0.5493823289871216,-0.2761584222316742,0.005187978968024254,1.0968679189682007,2.044959783554077,-1.2868717908859253,-0.04049673676490784,0.7605128288269043,0.026104221120476723,0.03748491033911705
407,13.733333196,-0.33794811367988586,1.9934802055358887,-1.238747477531433,0.026197392493486404,0.5491678714752197,-0.2764950692653656,0.006500000134110451,1.0990512371063232,2.0423667430877686,-1.2867090702056885,-0.03890338912606239,0.752341628074646,0.021554816514253616,0.051500000059604645,-0.3359721004962921,1.9925873279571533,-1.2413362264633179,0.026981132104992867,0.5504278540611267,-0.274181604385376,0.005216057877987623,1.0968679189682007,2.044959783554077,-1.2868717908859253,-0.04049673676490784,0.7605128288269043,0.026104221120476723,0.03748491033911705
408,13.766666529,-0.33794811367988586,1.9934802055358887,-1.238747477531433,0.026197392493486404,0.5491678714752197,-0.2764950692653656,0.006500000134110451,1.0969568490982056,2.0423667430877686,-1.2867090702056885,-0.042760565876960754,0.757420539855957,0.024294983595609665,0.04270000010728836,-0.3359721004962921,1.9925873279571533,-1.2413362264633179,0.026981132104992867,0.5504278540611267,-0.274181604385376,0.005216057877987623,1.0914537906646729,2.042905569076538,-1.286331057548523,-0.04342607781291008,0.7635443806648254,0.027318019419908524,0.030748551711440086
409,13.799999862,-0.33656927943229675,1.9934802055358887,-1.2411909103393555,0.026197392493486404,0.5510178804397583,-0.2736327350139618,0.006500000134110451,1.0901850461959839,2.0423667430877686,-1.2867090702056885,-0.04475024342536926,0.7599338293075562,0.026284659281373024,0.03319999948143959,-0.3365250825881958,1.990110993385315,-1.2409617900848389,0.023958900943398476,0.5499346852302551,-0.27357593178749084,0.00525172334164381,1.0888205766677856,2.035374879837036,-1.2867844104766846,-0.04520992189645767,0.7691192626953125,0.028173532336950302,0.015279826708137989
410,13.833333195,-0.33656927943229675,1.9915777444839478,-1.2411909103393555,0.026197392493486404,0.5506688356399536,-0.2707878351211548,0.006500000134110451,1.0901850461959839,2.0423667430877686,-1.2867090702056885,-0.04475024342536926,0.7599338293075562,0.026284659281373024,0.03319999948143959,-0.3356742560863495,1.9909429550170898,-1.23958420753479,0.023190012201666832,0.5471965074539185,-0.2688237130641937,0.0052741109393537045,1.0888205766677856,2.035374879837036,-1.2867844104766846,-0.04520992189645767,0.7691192626953125,0.028173532336950302,0.015279826708137989
411,13.866666528,-0.33656927943229675,1.9915777444839478,-1.2411909103393555,0.026197392493486404,0.5506688356399536,-0.2707878351211548,0.006500000134110451,1.087601900100708,2.038038492202759,-1.2867090702056885,-0.04691445082426071,0.7661471962928772,0.02888519875705242,0.02280000038444996,-0.3356742560863495,1.9909429550170898,-1.23958420753479,0.023190012201666832,0.5471965074539185,-0.2688237130641937,0.0052741109393537045,1.0870269536972046,2.026735305786133,-1.2826201915740967,-0.05047265440225601,0.7708588242530823,0.027053099125623703,0.011525952257215977
412,13.899999861,-0.3355919122695923,1.9893437623977661,-1.2411909103393555,0.023806290701031685,0.5467243790626526,-0.2707878351211548,0.006500000134110451,1.087601900100708,2.038038492202759,-1.2867090702056885,-0.04691445082426071,0.7661471962928772,0.02888519875705242,0.02280000038444996,-0.331805557012558,1.9847782850265503,-1.2404816150665283,0.024543151259422302,0.5464339256286621,-0.2691075801849365,0.0053040990605950356,1.0870269536972046,2.026735305786133,-1.2826201915740967,-0.05047265440225601,0.7708588242530823,0.027053099125623703,0.011525952257215977
413,13.933333194,-0.3308620750904083,1.9852945804595947,-1.2411909103393555,0.023806290701031685,0.5467243790626526,-0.269094854593277,0.006500000134110451,1.0863453149795532,2.0265018939971924,-1.2818222045898438,-0.052900929003953934,0.7715751528739929,0.02888519875705242,0.013899999670684338,-0.32956573367118835,1.9777328968048096,-1.2402467727661133,0.026802705600857735,0.5438702702522278,-0.2665899991989136,0.00530746066942811,1.0790050029754639,2.004720687866211,-1.2758969068527222,-0.06199454516172409,0.776372492313385,0.03262722119688988,0.002998962067067623
414,13.966666527,-0.3308620750904083,1.9852945804595947,-1.2411909103393555,0.023806290701031685,0.5467243790626526,-0.269094854593277,0.006500000134110451,1.081161618232727,2.0141971111297607,-1.275469183921814,-0.05581562966108322,0.7775965332984924,0.0322536863386631,0.007400000002235174,-0.32956573367118835,1.9777328968048096,-1.2402467727661133,0.026802705600857735,0.5438702702522278,-0.2665899991989136,0.00530746066942811,1.0733833312988281,1.98723304271698,-1.2707889080047607,-0.07288964092731476,0.7788484692573547,0.03587490692734718,0.001961334375664592
415,13.99999986,-0.3277379274368286,1.9756603240966797,-1.2411909103393555,0.02825688011944294,0.5422738194465637,-0.2660928964614868,0.006500000134110451,1.081161618232727,2.0141971111297607,-1.275469183921814,-0.05581562966108322,0.7775965332984924,0.0322536863386631,0.007400000002235174,-0.31799742579460144,1.9559916257858276,-1.240423560142517,0.030098682269454002,0.5390994548797607,-0.26424020528793335,0.00540618970990181,1.0733833312988281,1.98723304271698,-1.2707889080047607,-0.07288964092731476,0.7788484692573547,0.03587490692734718,0.001961334375664592
416,14.033333193,-0.31808626651763916,1.9595509767532349,-1.2411909103393555,0.02825688011944294,0.5395685434341431,-0.26401594281196594,0.006500000134110451,1.0710387229919434,1.9935150146484375,-1.267143964767456,-0.07129669934511185,0.7817155122756958,0.03782128542661667,0.00419999985024333,-0.3127017021179199,1.9416733980178833,-1.2406117916107178,0.034462958574295044,0.5362532734870911,-0.26519259810447693,0.005438873544335365,1.0533405542373657,1.9359389543533325,-1.2544771432876587,-0.0969449058175087,0.7847167253494263,0.04649131000041962,0.000513694656547159
417,14.066666526,-0.31808626651763916,1.9595509767532349,-1.2411909103393555,0.02825688011944294,0.5395685434341431,-0.26401594281196594,0.006500000134110451,1.059502124786377,1.960458517074585,-1.2552233934402466,-0.0901462584733963,0.7854505181312561,0.04475024342536926,0.0032999999821186066,-0.3127017021179199,1.9416733980178833,-1.2406117916107178,0.034462958574295044,0.5362532734870911,-0.26519259810447693,0.005438873544335365,1.0417581796646118,1.9040380716323853,-1.2474428415298462,-0.11301586031913757,0.787289559841156,0.05181475356221199,0.0003942713374271989
418,14.099999859,-0.3090105354785919,1.9412075281143188,-1.2411909103393555,0.036075957119464874,0.5352575778961182,-0.2664245069026947,0.006500000134110451,1.059502124786377,1.960458517074585,-1.2552233934402466,-0.0901462584733963,0.7854505181312561,0.04475024342536926,0.0032999999821186066,-0.29299113154411316,1.9055118560791016,-1.2456464767456055,0.0408899299800396,0.5336979627609253,-0.26530566811561584,0.005586135201156139,1.0417581796646118,1.9040380716323853,-1.2474428415298462,-0.11301586031913757,0.787289559841156,0.05181475356221199,0.0003942713374271989
419,14.133333192,-0.29590311646461487,1.920403242111206,-1.2436866760253906,0.04021238535642624,0.5352575778961182,-0.2663896083831787,0.006500000134110451,1.038453459739685,1.9265292882919312,-1.2433725595474243,-0.11079350113868713,0.7879288792610168,0.05420992523431778,0.00279999990016222,-0.282230943441391,1.8840512037277222,-1.2487971782684326,0.043219007551670074,0.534705638885498,-0.2640780806541443,0.005692058242857456,1.0027295351028442,1.8197449445724487,-1.231405258178711,-0.1512516289949417,0.7954682111740112,0.06614422798156738,0.00021135140559636056
420,14.166666525,-0.2802126109600067,1.8934204578399658,-1.2508599758148193,0.04197516664862633,0.5352575778961182,-0.2638588845729828,0.006599999964237213,1.0165845155715942,1.884781002998352,-1.2319056987762451,-0.13215632736682892,0.7944913506507874,0.06380923837423325,0.0027000000700354576,-0.25606974959373474,1.8267742395401,-1.258362889289856,0.05009226128458977,0.5353062748908997,-0.25825002789497375,0.005806767847388983,0.9802558422088623,1.770003318786621,-1.2259105443954468,-0.17233343422412872,0.8013619780540466,0.06898504495620728,0.00016719232371542603
421,14.199999858,-0.2802126109600067,1.8934204578399658,-1.2508599758148193,0.04197516664862633,0.5352575778961182,-0.2638588845729828,0.006599999964237213,1.0165845155715942,1.884781002998352,-1.2319056987762451,-0.13215632736682892,0.7944913506507874,0.06380923837423325,0.0027000000700354576,-0.25606974959373474,1.8267742395401,-1.258362889289856,0.05009226128458977,0.5353062748908997,-0.25825002789497375,0.005806767847388983,0.9802558422088623,1.770003318786621,-1.2259105443954468,-0.17233343422412872,0.8013619780540466,0.06898504495620728,0.00016719232371542603
422,14.233333191,-0.2629862129688263,1.8560529947280884,-1.2588012218475342,0.04862487316131592,0.537055253982544,-0.2588846981525421,0.0066999997943639755,0.9900031089782715,1.8350566625595093,-1.2265475988388062,-0.15824900567531586,0.8049632906913757,0.07138396799564362,0.0027000000700354576,-0.24201862514019012,1.7939144372940063,-1.2643810510635376,0.05525732412934303,0.5366696119308472,-0.2566484808921814,0.005816505756229162,0.9286103248596191,1.6661758422851562,-1.2249879837036133,-0.20752225816249847,0.812949538230896,0.07316435873508453,8.066203008638695e-05
423,14.266666524,-0.24214698374271393,1.8189996480941772,-1.2655208110809326,0.05564109608530998,0.537055253982544,-0.25680774450302124,0.006800000090152025,0.9594423770904541,1.7803231477737427,-1.2257447242736816,-0.18929840624332428,0.8103389143943787,0.07370525598526001,0.0027000000700354576,-0.22126083076000214,1.7181241512298584,-1.274638295173645,0.062264036387205124,0.5415095686912537,-0.2546602189540863,0.005929511971771717,0.9041655659675598,1.6174557209014893,-1.226805567741394,-0.22174353897571564,0.8210806250572205,0.0753314271569252,0.00013688243052456528
424,14.299999857,-0.24214698374271393,1.8189996480941772,-1.2655208110809326,0.05564109608530998,0.537055253982544,-0.25680774450302124,0.006800000090152025,0.9594423770904541,1.7803231477737427,-1.2257447242736816,-0.18929840624332428,0.8103389143943787,0.07370525598526001,0.0027000000700354576,-0.22126083076000214,1.7181241512298584,-1.274638295173645,0.062264036387205124,0.5415095686912537,-0.2546602189540863,0.005929511971771717,0.9041655659675598,1.6174557209014893,-1.226805567741394,-0.22174353897571564,0.8210806250572205,0.0753314271569252,0.00013688243052456528
425,14.33333319,-0.22532200813293457,1.771404504776001,-1.2740554809570312,0.062343161553144455,0.542064368724823,-0.2553940415382385,0.006899999920278788,0.9260542392730713,1.7214007377624512,-1.2282754182815552,-0.21441370248794556,0.8227481842041016,0.07508406788110733,0.0027000000700354576,-0.21257458627223969,1.6786431074142456,-1.2799636125564575,0.06600402295589447,0.5442968010902405,-0.25339776277542114,0.005999471060931683,0.8550180792808533,1.5083924531936646,-1.2476767301559448,-0.25294047594070435,0.8411264419555664,0.06658247113227844,0.00011904338316526264
426,14.366666523,-0.21265091001987457,1.724123477935791,-1.2823457717895508,0.06756169348955154,0.5482253432273865,-0.254591166973114,0.006899999920278788,0.8931547999382019,1.6597557067871094,-1.2407546043395996,-0.23710298538208008,0.8353320360183716,0.06902777403593063,0.0027000000700354576,-0.20285332202911377,1.599245309829712,-1.291128396987915,0.0761435404419899,0.5461660623550415,-0.25035256147384644,0.006137429736554623,0.8300799131393433,1.4629430770874023,-1.2592686414718628,-0.2628716826438904,0.8519632816314697,0.059383541345596313,7.152737089199945e-05
427,14.399999856,-0.21265091001987457,1.724123477935791,-1.2823457717895508,0.06756169348955154,0.5482253432273865,-0.254591166973114,0.006899999920278788,0.8931547999382019,1.6597557067871094,-1.2407546043395996,-0.23710298538208008,0.8353320360183716,0.06902777403593063,0.0027000000700354576,-0.20285332202911377,1.599245309829712,-1.291128396987915,0.0761435404419899,0.5461660623550415,-0.25035256147384644,0.006137429736554623,0.8300799131393433,1.4629430770874023,-1.2592686414718628,-0.2628716826438904,0.8519632816314697,0.059383541345596313,7.152737089199945e-05
428,14.433333189,-0.20387190580368042,1.6742769479751587,-1.2907408475875854,0.07318165898323059,0.5484697222709656,-0.25047218799591064,0.006899999920278788,0.8590685129165649,1.5852651596069336,-1.260756015777588,-0.2568601071834564,0.8482649326324463,0.05801474303007126,0.0027000000700354576,-0.20209859311580658,1.5505183935165405,-1.2969735860824585,0.0860520452260971,0.5472947359085083,-0.24894344806671143,0.006153924390673637,0.7941291928291321,1.3742163181304932,-1.296030879020691,-0.280428022146225,0.8740061521530151,0.039409536868333817,0.0
429,14.466666522,-0.20184732973575592,1.6207127571105957,-1.3007240295410156,0.08309512585401535,0.5486093163490295,-0.2488839477300644,0.006899999920278788,0.8240572214126587,1.5200072526931763,-1.2814730405807495,-0.2715906798839569,0.8637983798980713,0.04490732029080391,0.0027000000700354576,-0.20091073215007782,1.4580799341201782,-1.314503788948059,0.10401712357997894,0.5487311482429504,-0.24269536137580872,0.006226842291653156,0.7817883491516113,1.3322558403015137,-1.3158551454544067,-0.287423700094223,0.883737325668335,0.028086531907320023,1.2591275662998669e-05
430,14.499999855,-0.20184732973575592,1.6207127571105957,-1.3007240295410156,0.08309512585401535,0.5486093163490295,-0.2488839477300644,0.006899999920278788,0.8240572214126587,1.5200072526931763,-1.2814730405807495,-0.2715906798839569,0.8637983798980713,0.04490732029080391,0.0027000000700354576,-0.20091073215007782,1.4580799341201782,-1.314503788948059,0.10401712357997894,0.5487311482429504,-0.24269536137580872,0.006226842291653156,0.7817883491516113,1.3322558403015137,-1.3158551454544067,-0.287423700094223,0.883737325668335,0.028086531907320023,1.2591275662998669e-05
431,14.533333188,-0.20184732973575592,1.5647574663162231,-1.3112484216690063,0.09557422995567322,0.5510178804397583,-0.24371777474880219,0.006899999920278788,0.7958701252937317,1.447261929512024,-1.3093459606170654,-0.28583258390426636,0.8803789615631104,0.029024826362729073,0.0024999999441206455,-0.2005538046360016,1.415684700012207,-1.322098731994629,0.11155196279287338,0.5544153451919556,-0.24370864033699036,0.00622912822291255,0.7591394782066345,1.2583835124969482,-1.3636231422424316,-0.2979283332824707,0.9069951772689819,0.008439912460744381,0.0
432,14.566666521,-0.20184732973575592,1.5050846338272095,-1.3274450302124023,0.11383037269115448,0.5537754893302917,-0.24174556136131287,0.006899999920278788,0.7699170708656311,1.3829290866851807,-1.338545322418213,-0.29312804341316223,0.8987922072410583,0.0126710906624794,0.0024999999441206455,-0.2002289593219757,1.3222941160202026,-1.343070387840271,0.1299363374710083,0.5599915385246277,-0.2368561327457428,0.006239764392375946,0.7486932277679443,1.2209315299987793,-1.396450400352478,-0.3008551299571991,0.921902060508728,-0.004326585680246353,0.0
433,14.599999854,-0.20184732973575592,1.5050846338272095,-1.3274450302124023,0.11383037269115448,0.5537754893302917,-0.24174556136131287,0.006899999920278788,0.7699170708656311,1.3829290866851807,-1.338545322418213,-0.29312804341316223,0.8987922072410583,0.0126710906624794,0.0024999999441206455,-0.2002289593219757,1.3222941160202026,-1.343070387840271,0.1299363374710083,0.5599915385246277,-0.2368561327457428,0.006239764392375946,0.7486932277679443,1.2209315299987793,-1.396450400352478,-0.3008551299571991,0.921902060508728,-0.004326585680246353,0.0
434,14.633333187,-0.20031143724918365,1.4424623250961304,-1.341983675956726,0.13360495865345,0.5582435727119446,-0.23687608540058136,0.006500000134110451,0.7515038847923279,1.3213363885879517,-1.3717589378356934,-0.302395761013031,0.9353917837142944,0.0,0.002400000113993883,-0.20155729353427887,1.275315284729004,-1.3554248809814453,0.139784038066864,0.5629838705062866,-0.23722854256629944,0.006383604370057583,0.74081951379776,1.1727463006973267,-1.4557911157608032,-0.30394765734672546,0.9487780332565308,-0.029911193996667862,0.0
435,14.66666652,-0.20031143724918365,1.3728760480880737,-1.358180284500122,0.1497666984796524,0.5670923590660095,-0.23687608540058136,0.006500000134110451,0.7401766777038574,1.2649273872375488,-1.4088821411132812,-0.3096039593219757,0.9491798877716064,-0.02307325229048729,0.002400000113993883,-0.20658592879772186,1.1884136199951172,-1.3832536935806274,0.1558249443769455,0.5744304060935974,-0.23093324899673462,0.006489744409918785,0.7377937436103821,1.152018666267395,-1.4881311655044556,-0.30058178305625916,0.9621472954750061,-0.04547429084777832,0.0
436,14.699999853,-0.20031143724918365,1.3728760480880737,-1.358180284500122,0.1497666984796524,0.5670923590660095,-0.23687608540058136,0.006500000134110451,0.7401766777038574,1.2649273872375488,-1.4088821411132812,-0.3096039593219757,0.9491798877716064,-0.02307325229048729,0.002400000113993883,-0.20658592879772186,1.1884136199951172,-1.3832536935806274,0.1558249443769455,0.5744304060935974,-0.23093324899673462,0.006489744409918785,0.7377937436103821,1.152018666267395,-1.4881311655044556,-0.30058178305625916,0.9621472954750061,-0.04547429084777832,0.0
437,14.733333186,-0.2070658653974533,1.3092586994171143,-1.3766109943389893,0.15805701911449432,0.5767091512680054,-0.2309768795967102,0.006500000134110451,0.7372968792915344,1.2171751260757446,-1.4490246772766113,-0.2992367148399353,0.9680643081665039,-0.04331907257437706,0.002400000113993883,-0.21197469532489777,1.1498737335205078,-1.3973058462142944,0.16214784979820251,0.5796505808830261,-0.2271081805229187,0.006552445236593485,0.7400920391082764,1.1232843399047852,-1.5586458444595337,-0.287383496761322,0.9954333305358887,-0.0723457783460617,0.0
438,14.766666519,-0.2151816487312317,1.2460254430770874,-1.397729516029358,0.16584119200706482,0.5832192301750183,-0.22345450520515442,0.006500000134110451,0.7391469478607178,1.175706148147583,-1.492238998413086,-0.2872113883495331,0.9886592030525208,-0.06290166825056076,0.002400000113993883,-0.2236851006746292,1.0792657136917114,-1.4298650026321411,0.16982127726078033,0.5951032042503357,-0.21730093657970428,0.006575906649231911,0.7433316707611084,1.1114757061004639,-1.5874907970428467,-0.2799856662750244,1.011764645576477,-0.08595199137926102,0.0
439,14.799999852,-0.2151816487312317,1.2460254430770874,-1.397729516029358,0.16584119200706482,0.5832192301750183,-0.22345450520515442,0.006500000134110451,0.7391469478607178,1.175706148147583,-1.492238998413086,-0.2872113883495331,0.9886592030525208,-0.06290166825056076,0.002400000113993883,-0.2236851006746292,1.0792657136917114,-1.4298650026321411,0.16982127726078033,0.5951032042503357,-0.21730093657970428,0.006575906649231911,0.7433316707611084,1.1114757061004639,-1.5874907970428467,-0.2799856662750244,1.011764645576477,-0.08595199137926102,0.0
440,14.833333185,-0.22314034402370453,1.1878710985183716,-1.4193191528320312,0.17283995449543,0.5911255478858948,-0.21640338003635406,0.006500000134110451,0.7453079223632812,1.136471152305603,-1.542871117591858,-0.2765474319458008,1.0082941055297852,-0.08403760194778442,0.002400000113993883,-0.23121899366378784,1.0440479516983032,-1.4444341659545898,0.17163552343845367,0.6036056280136108,-0.21055510640144348,0.006594995502382517,0.7535717487335205,1.0962427854537964,-1.6510791778564453,-0.25604915618896484,1.0441416501998901,-0.10743620991706848,0.0
441,14.866666518,-0.23382176458835602,1.1328582763671875,-1.4412405490875244,0.17467255890369415,0.6115109920501709,-0.20731021463871002,0.006500000134110451,0.7527605295181274,1.1096279621124268,-1.5873769521713257,-0.2641381323337555,1.035783052444458,-0.09861110150814056,0.002400000113993883,-0.24579797685146332,0.9873234033584595,-1.47472083568573,0.17348837852478027,0.6241217255592346,-0.19997410476207733,0.006731598172336817,0.7586764693260193,1.08961021900177,-1.680787205696106,-0.24315708875656128,1.0607577562332153,-0.11735450476408005,0.0
442,14.899999851,-0.23382176458835602,1.1328582763671875,-1.4412405490875244,0.17467255890369415,0.6115109920501709,-0.20731021463871002,0.006500000134110451,0.7527605295181274,1.1096279621124268,-1.5873769521713257,-0.2641381323337555,1.035783052444458,-0.09861110150814056,0.002400000113993883,-0.24579797685146332,0.9873234033584595,-1.47472083568573,0.17348837852478027,0.6241217255592346,-0.19997410476207733,0.006731598172336817,0.7586764693260193,1.08961021900177,-1.680787205696106,-0.24315708875656128,1.0607577562332153,-0.11735450476408005,0.0
443,14.933333184,-0.24476496875286102,1.0811268091201782,-1.4653434753417969,0.17467255890369415,0.6227160096168518,-0.2004685252904892,0.006500000134110451,0.762045681476593,1.09095299243927,-1.6318304538726807,-0.24525366723537445,1.0557670593261719,-0.11568042635917664,0.002400000113993883,-0.25241819024086,0.962435245513916,-1.4848778247833252,0.17322209477424622,0.6344846487045288,-0.19307711720466614,0.006793209817260504,0.7757760286331177,1.083223581314087,-1.7248269319534302,-0.22216254472732544,1.0894426107406616,-0.1262989342212677,0.0
444,14.966666517,-0.2543817460536957,1.0304948091506958,-1.485955834388733,0.1716880351305008,0.6399075388908386,-0.1904154270887375,0.006500000134110451,0.7737917304039001,1.0812838077545166,-1.671920657157898,-0.22846360504627228,1.07927668094635,-0.12545426189899445,0.002400000113993883,-0.2673059105873108,0.9299125075340271,-1.5088907480239868,0.1676671952009201,0.6562451124191284,-0.18306365609169006,0.006797865964472294,0.7852997183799744,1.0817255973815918,-1.737736701965332,-0.21646957099437714,1.0975936651229858,-0.1253192126750946,0.0
445,14.99999985,-0.2543817460536957,1.0304948091506958,-1.485955834388733,0.1716880351305008,0.6399075388908386,-0.1904154270887375,0.006500000134110451,0.7737917304039001,1.0812838077545166,-1.671920657157898,-0.22846360504627228,1.07927668094635,-0.12545426189899445,0.002400000113993883,-0.2673059105873108,0.9299125075340271,-1.5088907480239868,0.1676671952009201,0.6562451124191284,-0.18306365609169006,0.006797865964472294,0.7852997183799744,1.0817255973815918,-1.737736701965332,-0.21646957099437714,1.0975936651229858,-0.1253192126750946,0.0
446,15.033333183,-0.26799529790878296,0.9808924794197083,-1.5045959949493408,0.17027431726455688,0.6485120058059692,-0.1808859258890152,0.006500000134110451,0.7878241539001465,1.0812314748764038,-1.706844687461853,-0.2168746143579483,1.098737120628357,-0.12545426189899445,0.002400000113993883,-0.27166223526000977,0.9258724451065063,-1.5161514282226562,0.16719964146614075,0.6666056513786316,-0.17790445685386658,0.006826962344348431,0.8012657761573792,1.088808298110962,-1.7446255683898926,-0.22412699460983276,1.1133438348770142,-0.11158359795808792,0.0
447,15.066666516,-0.27399924397468567,0.9480105042457581,-1.5197454690933228,0.1685289889574051,0.6685832738876343,-0.17392206192016602,0.006500000134110451,0.7992386221885681,1.0855947732925415,-1.732012391090393,-0.2168746143579483,1.1099770069122314,-0.11440633237361908,0.002400000113993883,-0.28163251280784607,0.9297369122505188,-1.5311596393585205,0.16310584545135498,0.6937543749809265,-0.16628232598304749,0.006743716076016426,0.8077690005302429,1.0925636291503906,-1.743798851966858,-0.23328520357608795,1.1187281608581543,-0.0964871421456337,0.0
448,15.099999849,-0.27399924397468567,0.9480105042457581,-1.5197454690933228,0.1685289889574051,0.6685832738876343,-0.17392206192016602,0.006500000134110451,0.7992386221885681,1.0855947732925415,-1.732012391090393,-0.2168746143579483,1.1099770069122314,-0.11440633237361908,0.002400000113993883,-0.28163251280784607,0.9297369122505188,-1.5311596393585205,0.16310584545135498,0.6937543749809265,-0.16628232598304749,0.006743716076016426,0.8077690005302429,1.0925636291503906,-1.743798851966858,-0.23328520357608795,1.1187281608581543,-0.0964871421456337,0.0
449,15.133333182,-0.2826037108898163,0.9287245869636536,-1.531351923942566,0.16653931140899658,0.6809925436973572,-0.1650383323431015,0.006500000134110451,0.8101818561553955,1.0923491716384888,-1.7440028190612793,-0.2341708242893219,1.1233811378479004,-0.09698794782161713,0.002400000113993883,-0.28553327918052673,0.9425820112228394,-1.536259412765503,0.16087430715560913,0.7060654163360596,-0.15891095995903015,0.00664569390937686,0.8190928101539612,1.1111980676651,-1.7182941436767578,-0.2765103578567505,1.1269208192825317,-0.05940902233123779,0.0
450,15.166666515,-0.2882760465145111,0.9233315587043762,-1.5382109880447388,0.16086699068546295,0.7071550488471985,-0.15746361017227173,0.006500000134110451,0.8172504305839539,1.1079524755477905,-1.7458703517913818,-0.2565808594226837,1.1256849765777588,-0.07712610065937042,0.002400000113993883,-0.29359978437423706,0.9812964200973511,-1.5390796661376953,0.15826117992401123,0.7340287566184998,-0.1536533087491989,0.006696783006191254,0.824196994304657,1.120502233505249,-1.7000881433486938,-0.3024121820926666,1.1314607858657837,-0.03673407807946205,0.0
451,15.199999848,-0.2882760465145111,0.9233315587043762,-1.5382109880447388,0.16086699068546295,0.7071550488471985,-0.15746361017227173,0.006500000134110451,0.8233067393302917,1.1227877140045166,-1.7322043180465698,-0.2842443287372589,1.1328059434890747,-0.04948008432984352,0.002400000113993883,-0.29359978437423706,0.9812964200973511,-1.5390796661376953,0.15826117992401123,0.7340287566184998,-0.1536533087491989,0.006696783006191254,0.8178560733795166,1.144511103630066,-1.6527596712112427,-0.34200742840766907,1.1331888437271118,0.004256569314748049,0.0
452,15.233333181,-0.293791264295578,0.9253910183906555,-1.5381935834884644,0.15917402505874634,0.7264583706855774,-0.15255923569202423,0.006500000134110451,0.8233067393302917,1.1227877140045166,-1.7322043180465698,-0.2842443287372589,1.1328059434890747,-0.04948008432984352,0.002400000113993883,-0.2984752357006073,1.0042154788970947,-1.5355782508850098,0.1585264950990677,0.7488260865211487,-0.1528969705104828,0.006652838550508022,0.8178560733795166,1.144511103630066,-1.6527596712112427,-0.34200742840766907,1.1331888437271118,0.004256569314748049,0.0
453,15.266666514,-0.2998475730419159,0.9395107626914978,-1.534249186515808,0.1563640534877777,0.7473674416542053,-0.14997614920139313,0.006500000134110451,0.8179659843444824,1.1390891075134277,-1.7078919410705566,-0.3128153681755066,1.1328059434890747,-0.01912880875170231,0.002400000113993883,-0.3051992654800415,1.0688754320144653,-1.5250295400619507,0.15803983807563782,0.7694301009178162,-0.14518283307552338,0.006609383039176464,0.8129735589027405,1.1557674407958984,-1.6269303560256958,-0.36013954877853394,1.1311964988708496,0.02172115258872509,0.0
454,15.299999847,-0.2998475730419159,0.9395107626914978,-1.534249186515808,0.1563640534877777,0.7473674416542053,-0.14997614920139313,0.006500000134110451,0.8096756935119629,1.1565947532653809,-1.671117901802063,-0.3459766209125519,1.1309908628463745,0.00898844562470913,0.002400000113993883,-0.3051992654800415,1.0688754320144653,-1.5250295400619507,0.15803983807563782,0.7694301009178162,-0.14518283307552338,0.006609383039176464,0.7893732190132141,1.1856132745742798,-1.5621849298477173,-0.3879638612270355,1.1171050071716309,0.053739216178655624,0.0
455,15.33333318,-0.3044901490211487,0.9722880125045776,-1.5260286331176758,0.15652112662792206,0.7620805501937866,-0.14580480754375458,0.006500000134110451,0.8096756935119629,1.1565947532653809,-1.671117901802063,-0.3459766209125519,1.1309908628463745,0.00898844562470913,0.002400000113993883,-0.3071252405643463,1.106772541999817,-1.5188151597976685,0.158053919672966,0.7775689363479614,-0.14379194378852844,0.006586831994354725,0.7893732190132141,1.1856132745742798,-1.5621849298477173,-0.3879638612270355,1.1171050071716309,0.053739216178655624,0.0
456,15.366666513,-0.3084520399570465,1.0168113708496094,-1.5169180631637573,0.16022121906280518,0.7802494168281555,-0.14325661957263947,0.006500000134110451,0.7954861521720886,1.177730679512024,-1.6279383897781372,-0.3698003590106964,1.1212518215179443,0.03380702808499336,0.002400000113993883,-0.3089795708656311,1.1947101354599,-1.5135653018951416,0.16464276611804962,0.7895103693008423,-0.13896444439888,0.006526336073875427,0.7769829630851746,1.199694037437439,-1.5348190069198608,-0.39561471343040466,1.1090342998504639,0.061139047145843506,0.0
457,15.399999846,-0.3084520399570465,1.0168113708496094,-1.5169180631637573,0.16022121906280518,0.7802494168281555,-0.14325661957263947,0.006500000134110451,0.7954861521720886,1.177730679512024,-1.6279383897781372,-0.3698003590106964,1.1212518215179443,0.03380702808499336,0.002400000113993883,-0.3089795708656311,1.1947101354599,-1.5135653018951416,0.16464276611804962,0.7895103693008423,-0.13896444439888,0.006526336073875427,0.7769829630851746,1.199694037437439,-1.5348190069198608,-0.39561471343040466,1.1090342998504639,0.061139047145843506,0.0
458,15.433333179,-0.3084520399570465,1.0803064107894897,-1.5144745111465454,0.16413076221942902,0.7898487448692322,-0.13816025853157043,0.006500000134110451,0.7778234481811523,1.198587417602539,-1.5846192836761475,-0.38987165689468384,1.1069227457046509,0.0555887371301651,0.002400000113993883,-0.307839959859848,1.2398563623428345,-1.5134936571121216,0.16751421988010406,0.7885470986366272,-0.13825711607933044,0.006528284400701523,0.732433557510376,1.234410285949707,-1.4735604524612427,-0.4044209122657776,1.0823488235473633,0.072538822889328,0.0
459,15.466666512,-0.3084520399570465,1.147606372833252,-1.5144745111465454,0.16859880089759827,0.7898487448692322,-0.14014993607997894,0.006500000134110451,0.750526487827301,1.2243136167526245,-1.5359770059585571,-0.4032408595085144,1.087357521057129,0.07157595455646515,0.002400000113993883,-0.30949825048446655,1.3458514213562012,-1.5131477117538452,0.18861594796180725,0.7798449397087097,-0.14425671100616455,0.006466790568083525,0.7099102139472961,1.2536652088165283,-1.4431971311569214,-0.4049842655658722,1.0641412734985352,0.07426465302705765,0.0
460,15.499999845,-0.3084520399570465,1.147606372833252,-1.5144745111465454,0.16859880089759827,0.7898487448692322,-0.14014993607997894,0.006500000134110451,0.7209780812263489,1.2499175071716309,-1.4911046028137207,-0.40338048338890076,1.0660121440887451,0.07356562465429306,0.002400000113993883,-0.30949825048446655,1.3458514213562012,-1.5131477117538452,0.18861594796180725,0.7798449397087097,-0.14425671100616455,0.006466790568083525,0.6304102540016174,1.3038082122802734,-1.3674870729446411,-0.38238751888275146,0.9974104762077332,0.06284447014331818,0.0
461,15.533333178,-0.3084520399570465,1.212270736694336,-1.5144745111465454,0.18367844820022583,0.7801447510719299,-0.14468780159950256,0.006500000134110451,0.7209780812263489,1.2499175071716309,-1.4911046028137207,-0.40338048338890076,1.0660121440887451,0.07356562465429306,0.002400000113993883,-0.3076469302177429,1.4033972024917603,-1.5180906057357788,0.20589099824428558,0.7676435708999634,-0.1490735113620758,0.0064740655943751335,0.6304102540016174,1.3038082122802734,-1.3674870729446411,-0.38238751888275146,0.9974104762077332,0.06284447014331818,0.0
462,15.566666511,-0.3084520399570465,1.2795008420944214,-1.5156090259552002,0.20462240278720856,0.7686778903007507,-0.1529432088136673,0.006500000134110451,0.6841515898704529,1.2848939895629883,-1.4383258819580078,-0.39306560158729553,1.0331127643585205,0.0665144994854927,0.002400000113993883,-0.30391597747802734,1.523123860359192,-1.5234991312026978,0.23904548585414886,0.7350429892539978,-0.17396807670593262,0.006422803271561861,0.580873966217041,1.3364520072937012,-1.3355618715286255,-0.36704209446907043,0.9558377265930176,0.05126352608203888,0.0
463,15.599999844,-0.3084520399570465,1.2795008420944214,-1.5156090259552002,0.20462240278720856,0.7686778903007507,-0.1529432088136673,0.006500000134110451,0.63137286901474,1.320027470588684,-1.3914811611175537,-0.36964327096939087,0.993755578994751,0.04988151043653488,0.002400000113993883,-0.30391597747802734,1.523123860359192,-1.5234991312026978,0.23904548585414886,0.7350429892539978,-0.17396807670593262,0.006422803271561861,0.4808764159679413,1.4029914140701294,-1.290377140045166,-0.322257936000824,0.871148407459259,0.022193800657987595,0.0
464,15.633333177,-0.30284953117370605,1.3492965698242188,-1.5240215063095093,0.22624702751636505,0.7382568120956421,-0.16985544562339783,0.006500000134110451,0.63137286901474,1.320027470588684,-1.3914811611175537,-0.36964327096939087,0.993755578994751,0.04988151043653488,0.002400000113993883,-0.3012780249118805,1.5830074548721313,-1.526631474494934,0.2596207559108734,0.7098262906074524,-0.1872529238462448,0.006392104551196098,0.4808764159679413,1.4029914140701294,-1.290377140045166,-0.322257936000824,0.871148407459259,0.022193800657987595,0.0
465,15.66666651,-0.3012263774871826,1.4224084615707397,-1.530287265777588,0.2554987370967865,0.7153232097625732,-0.18755307793617249,0.006500000134110451,0.5785592198371887,1.358634114265442,-1.348406434059143,-0.34541812539100647,0.9477486610412598,0.03314380347728729,0.002400000113993883,-0.29262256622314453,1.697906494140625,-1.5461057424545288,0.29748085141181946,0.6582459211349487,-0.2274695783853531,0.006142369471490383,0.4319967031478882,1.444136619567871,-1.2712371349334717,-0.3030954599380493,0.8253769278526306,0.0024126479402184486,0.0
466,15.699999843,-0.3012263774871826,1.4224084615707397,-1.530287265777588,0.2554987370967865,0.7153232097625732,-0.18755307793617249,0.006500000134110451,0.5217487215995789,1.4020404815673828,-1.309468150138855,-0.3171786963939667,0.8913047313690186,0.0067369709722697735,0.002400000113993883,-0.29262256622314453,1.697906494140625,-1.5461057424545288,0.29748085141181946,0.6582459211349487,-0.2274695783853531,0.006142369471490383,0.3470022976398468,1.5323346853256226,-1.2535864114761353,-0.2598530054092407,0.7410075664520264,-0.027869822457432747,0.0
467,15.733333176,-0.2967583239078522,1.4992727041244507,-1.543778657913208,0.28129470348358154,0.6827378869056702,-0.21146409213542938,0.006500000134110451,0.5217487215995789,1.4020404815673828,-1.309468150138855,-0.3171786963939667,0.8913047313690186,0.0067369709722697735,0.002400000113993883,-0.28786134719848633,1.754129409790039,-1.5534619092941284,0.31357744336128235,0.6293944120407104,-0.24820451438426971,0.006223057396709919,0.3470022976398468,1.5323346853256226,-1.2535864114761353,-0.2598530054092407,0.7410075664520264,-0.027869822457432747,0.0
468,15.766666509,-0.28324949741363525,1.585823655128479,-1.5548266172409058,0.30658453702926636,0.6487737894058228,-0.24146629869937897,0.006500000134110451,0.46469390392303467,1.4500893354415894,-1.2790645360946655,-0.283912718296051,0.8380547761917114,-0.014119713567197323,0.002400000113993883,-0.2727448344230652,1.8584357500076294,-1.572514295578003,0.34027358889579773,0.5759556889533997,-0.2833099365234375,0.0061232890002429485,0.3127916753292084,1.5801031589508057,-1.2526370286941528,-0.24429012835025787,0.7035859823226929,-0.039938896894454956,0.0
469,15.799999842,-0.28324949741363525,1.585823655128479,-1.5548266172409058,0.30658453702926636,0.6487737894058228,-0.24146629869937897,0.006500000134110451,0.4075518250465393,1.5040898323059082,-1.2596216201782227,-0.2566681206226349,0.7844207882881165,-0.03522074595093727,0.002400000113993883,-0.2727448344230652,1.8584357500076294,-1.572514295578003,0.34027358889579773,0.5759556889533997,-0.2833099365234375,0.0061232890002429485,0.26035958528518677,1.6754722595214844,-1.2686980962753296,-0.22323982417583466,0.6442268490791321,-0.05343610420823097,0.0
470,15.833333175,-0.27145105600357056,1.6602095365524292,-1.571354866027832,0.33138567209243774,0.610079824924469,-0.2675589621067047,0.006500000134110451,0.4075518250465393,1.5040898323059082,-1.2596216201782227,-0.2566681206226349,0.7844207882881165,-0.03522074595093727,0.002400000113993883,-0.2673063576221466,1.9026811122894287,-1.5793817043304443,0.3481212556362152,0.5509270429611206,-0.30210793018341064,0.006125593092292547,0.26035958528518677,1.6754722595214844,-1.2686980962753296,-0.22323982417583466,0.6442268490791321,-0.05343610420823097,0.0
471,15.866666508,-0.27145105600357056,1.6602095365524292,-1.571354866027832,0.33138567209243774,0.610079824924469,-0.2675589621067047,0.006500000134110451,0.35501742362976074,1.5605686902999878,-1.252971887588501,-0.2353052943944931,0.7329684495925903,-0.05003859102725983,0.002400000113993883,-0.2673063576221466,1.9026811122894287,-1.5793817043304443,0.3481212556362152,0.5509270429611206,-0.30210793018341064,0.006125593092292547,0.2428698092699051,1.7252781391143799,-1.2869038581848145,-0.21678492426872253,0.6191768050193787,-0.05887928977608681,0.0
472,15.899999841,-0.2635098099708557,1.734438419342041,-1.5832405090332031,0.34866443276405334,0.5756444931030273,-0.29391345381736755,0.006500000134110451,0.30805060267448425,1.6277464628219604,-1.2574399709701538,-0.21844540536403656,0.6868045330047607,-0.05951572582125664,0.0026000000070780516,-0.25359851121902466,1.9736484289169312,-1.5979294776916504,0.35823875665664673,0.5130287408828735,-0.3369072675704956,0.008762473240494728,0.21612270176410675,1.8041435480117798,-1.3243166208267212,-0.2064831256866455,0.5908965468406677,-0.056883491575717926,0.004009490832686424
473,15.933333174,-0.252322256565094,1.8064855337142944,-1.5936776399612427,0.3582462966442108,0.5436177253723145,-0.3205471634864807,0.00839999970048666,0.30805060267448425,1.6277464628219604,-1.2574399709701538,-0.21844540536403656,0.6868045330047607,-0.05951572582125664,0.0026000000070780516,-0.2476588934659958,2.001695394515991,-1.6013959646224976,0.35971710085868835,0.4978165328502655,-0.3510172367095947,0.012437809258699417,0.21612270176410675,1.8041435480117798,-1.3243166208267212,-0.2064831256866455,0.5908965468406677,-0.056883491575717926,0.004009490832686424
474,15.966666507,-0.252322256565094,1.8064855337142944,-1.5936776399612427,0.3582462966442108,0.5436177253723145,-0.3205471634864807,0.00839999970048666,0.2626720666885376,1.6872621774673462,-1.2754168510437012,-0.20950932800769806,0.6454227566719055,-0.056984998285770416,0.00430000014603138,-0.2476588934659958,2.001695394515991,-1.6013959646224976,0.35971710085868835,0.4978165328502655,-0.3510172367095947,0.012437809258699417,0.20931105315685272,1.8359302282333374,-1.3487863540649414,-0.2041959911584854,0.5857048630714417,-0.05340534821152687,0.009293164126574993
475,15.99999984,-0.24371777474880219,1.870853304862976,-1.603468894958496,0.35986945033073425,0.510997474193573,-0.34461525082588196,0.013299999758601189,0.23198916018009186,1.7437933683395386,-1.3050175905227661,-0.2050761878490448,0.6131865382194519,-0.05318018049001694,0.009499999694526196,-0.23948772251605988,2.0360302925109863,-1.6165705919265747,0.3496394157409668,0.4878295660018921,-0.37521445751190186,0.030348701402544975,0.2020150125026703,1.8785135746002197,-1.3908499479293823,-0.20096422731876373,0.5811562538146973,-0.05111825093626976,0.023547574877738953
476,16.033333173,-0.23977333307266235,1.9271751642227173,-1.617169737815857,0.3530626595020294,0.49033281207084656,-0.36482617259025574,0.023399999365210533,0.23198916018009186,1.7437933683395386,-1.3050175905227661,-0.2050761878490448,0.6131865382194519,-0.05318018049001694,0.009499999694526196,-0.2333424836397171,2.0415661334991455,-1.6211553812026978,0.34675106406211853,0.4844053089618683,-0.38327234983444214,0.036610301584005356,0.2020150125026703,1.8785135746002197,-1.3908499479293823,-0.20096422731876373,0.5811562538146973,-0.05111825093626976,0.023547574877738953
477,16.066666506,-0.23977333307266235,1.9271751642227173,-1.617169737815857,0.3530626595020294,0.49033281207084656,-0.36482617259025574,0.023399999365210533,0.21013763546943665,1.7950187921524048,-1.3434497117996216,-0.20170770585536957,0.587442934513092,-0.05173156037926674,0.019300000742077827,-0.2333424836397171,2.0415661334991455,-1.6211553812026978,0.34675106406211853,0.4844053089618683,-0.38327234983444214,0.036610301584005356,0.19766491651535034,1.8924157619476318,-1.4095228910446167,-0.19745862483978271,0.5820736885070801,-0.0497903898358345,0.033467233180999756
478,16.099999839,-0.23027874529361725,1.9805822372436523,-1.6247444152832031,0.34377750754356384,0.4854109585285187,-0.38322195410728455,0.03550000116229057,0.19837412238121033,1.8370637893676758,-1.379770040512085,-0.19666370749473572,0.5799379944801331,-0.05092870816588402,0.030899999663233757,-0.22788357734680176,2.051758050918579,-1.6328942775726318,0.33450624346733093,0.4920814633369446,-0.4001864492893219,0.055018436163663864,0.1919112503528595,1.9002130031585693,-1.428425669670105,-0.1899927407503128,0.5812321305274963,-0.04689185693860054,0.04709673300385475
479,16.133333172,-0.2281494438648224,2.016972303390503,-1.6320922374725342,0.3360806107521057,0.48581239581108093,-0.3989298939704895,0.04899999871850014,0.19837412238121033,1.8370637893676758,-1.379770040512085,-0.19666370749473572,0.5799379944801331,-0.05092870816588402,0.030899999663233757,-0.22524820268154144,2.05090069770813,-1.6350668668746948,0.3252668082714081,0.4962226152420044,-0.40209415555000305,0.058331966400146484,0.1919112503528595,1.9002130031585693,-1.428425669670105,-0.1899927407503128,0.5812321305274963,-0.04689185693860054,0.04709673300385475
480,16.166666505,-0.2281494438648224,2.016972303390503,-1.6320922374725342,0.3360806107521057,0.48581239581108093,-0.3989298939704895,0.04899999871850014,0.19146262109279633,1.8705915212631226,-1.4078348875045776,-0.18994417786598206,0.5799379944801331,-0.05092870816588402,0.04129999876022339,-0.22524820268154144,2.05090069770813,-1.6350668668746948,0.3252668082714081,0.4962226152420044,-0.40209415555000305,0.058331966400146484,0.18927273154258728,1.9013270139694214,-1.4421800374984741,-0.18688362836837769,0.5897696614265442,-0.04011796787381172,0.052669644355773926
481,16.199999838,-0.2220582365989685,2.0400280952453613,-1.6361414194107056,0.32335716485977173,0.49869292974472046,-0.4062079191207886,0.055399999022483826,0.18741345405578613,1.8933331966400146,-1.429843544960022,-0.18786723911762238,0.5894849300384521,-0.04124213010072708,0.049800001084804535,-0.21851353347301483,2.047996997833252,-1.637995719909668,0.31147900223731995,0.5202693939208984,-0.4091242849826813,0.06176811456680298,0.18363574147224426,1.8833495378494263,-1.433197021484375,-0.17999139428138733,0.597355842590332,-0.03595782816410065,0.05700891837477684
482,16.233333171,-0.21961477398872375,2.0499939918518066,-1.6369093656539917,0.3137054741382599,0.5131791830062866,-0.40945425629615784,0.05900000035762787,0.18741345405578613,1.8933331966400146,-1.429843544960022,-0.18786723911762238,0.5894849300384521,-0.04124213010072708,0.049800001084804535,-0.21793818473815918,2.0391743183135986,-1.6338608264923096,0.3074898421764374,0.5354519486427307,-0.410038560628891,0.06164398789405823,0.18363574147224426,1.8833495378494263,-1.433197021484375,-0.17999139428138733,0.597355842590332,-0.03595782816410065,0.05700891837477684
483,16.266666504,-0.21961477398872375,2.0499939918518066,-1.6369093656539917,0.3137054741382599,0.5131791830062866,-0.40945425629615784,0.05900000035762787,0.18442894518375397,1.900314450263977,-1.4414324760437012,-0.18039722740650177,0.5940577387809753,-0.03818780556321144,0.05429999902844429,-0.21793818473815918,2.0391743183135986,-1.6338608264923096,0.3074898421764374,0.5354519486427307,-0.410038560628891,0.06164398789405823,0.17595157027244568,1.8723351955413818,-1.4309098720550537,-0.1757017821073532,0.6060041189193726,-0.024911176413297653,0.05946146696805954
484,16.299999837,-0.2154259830713272,2.051128387451172,-1.6323715448379517,0.30490902066230774,0.5346990823745728,-0.40945425629615784,0.0608999989926815,0.1765400469303131,1.897801160812378,-1.4414324760437012,-0.17322392761707306,0.6045122146606445,-0.027174776419997215,0.057500001043081284,-0.21236081421375275,2.014899730682373,-1.6150453090667725,0.2915401756763458,0.569392740726471,-0.4091232120990753,0.06407388299703598,0.16688399016857147,1.8320013284683228,-1.3954914808273315,-0.16724012792110443,0.6162471771240234,-0.015680450946092606,0.06016191840171814
485,16.33333317,-0.21135936677455902,2.0405168533325195,-1.6163842678070068,0.29368653893470764,0.5574930906295776,-0.40945425629615784,0.0625,0.1765400469303131,1.897801160812378,-1.4414324760437012,-0.17322392761707306,0.6045122146606445,-0.027174776419997215,0.057500001043081284,-0.2110610157251358,1.9965028762817383,-1.5964184999465942,0.2922936975955963,0.584555447101593,-0.40958693623542786,0.06403539329767227,0.16688399016857147,1.8320013284683228,-1.3954914808273315,-0.16724012792110443,0.6162471771240234,-0.015680450946092606,0.06016191840171814
486,16.366666503,-0.21135936677455902,2.0405168533325195,-1.6163842678070068,0.29368653893470764,0.5574930906295776,-0.40945425629615784,0.0625,0.1664869636297226,1.8825993537902832,-1.4258991479873657,-0.1687733381986618,0.6163630485534668,-0.016929693520069122,0.05900000035762787,-0.2110610157251358,1.9965028762817383,-1.5964184999465942,0.2922936975955963,0.584555447101593,-0.40958693623542786,0.06403539329767227,0.16288378834724426,1.8103899955749512,-1.3736436367034912,-0.16215626895427704,0.6233558654785156,-0.013170605525374413,0.06007368490099907
487,16.399999836,-0.21120229363441467,2.016535997390747,-1.5953705310821533,0.28674015402793884,0.5836730003356934,-0.40945425629615784,0.06300000101327896,0.16135568916797638,1.8555642366409302,-1.399544596672058,-0.1621759980916977,0.6263462901115417,-0.010332348756492138,0.05939999967813492,-0.21166591346263885,1.9531930685043335,-1.545849084854126,0.2800140976905823,0.6255508065223694,-0.4121550917625427,0.06324069947004318,0.15842053294181824,1.7475638389587402,-1.305985689163208,-0.15071171522140503,0.6398820877075195,0.002705501625314355,0.05988243594765663
488,16.433333169,-0.21120229363441467,1.977719783782959,-1.569469928741455,0.2802475094795227,0.6026447415351868,-0.41317179799079895,0.06289999932050705,0.16135568916797638,1.8555642366409302,-1.399544596672058,-0.1621759980916977,0.6263462901115417,-0.010332348756492138,0.05939999967813492,-0.2122756689786911,1.9274994134902954,-1.5088292360305786,0.2718600928783417,0.6427087783813477,-0.41145262122154236,0.06258868426084518,0.15842053294181824,1.7475638389587402,-1.305985689163208,-0.15071171522140503,0.6398820877075195,0.002705501625314355,0.05988243594765663
489,16.466666502,-0.21120229363441467,1.977719783782959,-1.569469928741455,0.2802475094795227,0.6026447415351868,-0.41317179799079895,0.06289999932050705,0.15920893847942352,1.8138858079910278,-1.3627705574035645,-0.15170401334762573,0.6356838345527649,0.0,0.05939999967813492,-0.2122756689786911,1.9274994134902954,-1.5088292360305786,0.2718600928783417,0.6427087783813477,-0.41145262122154236,0.06258868426084518,0.15828344225883484,1.7123690843582153,-1.2651387453079224,-0.14443156123161316,0.6461894512176514,0.011730718426406384,0.059802498668432236
490,16.499999835,-0.21120229363441467,1.9424117803573608,-1.5340397357940674,0.27056095004081726,0.629016637802124,-0.4115835428237915,0.06260000169277191,0.15920893847942352,1.7597107887268066,-1.311754584312439,-0.14365805685520172,0.646976113319397,0.015655603259801865,0.05939999967813492,-0.2161136418581009,1.861129641532898,-1.4154056310653687,0.25813814997673035,0.6684120297431946,-0.41008231043815613,0.06240960583090782,0.16525113582611084,1.6305702924728394,-1.1641876697540283,-0.14189568161964417,0.6495330929756165,0.030037524178624153,0.059684138745069504
491,16.533333168,-0.21587976813316345,1.9058122634887695,-1.4897258281707764,0.25987952947616577,0.6548300981521606,-0.4115835428237915,0.0625,0.15920893847942352,1.7597107887268066,-1.311754584312439,-0.14365805685520172,0.646976113319397,0.015655603259801865,0.05939999967813492,-0.21805384755134583,1.8282891511917114,-1.3655757904052734,0.2512226998806,0.671595573425293,-0.410968542098999,0.0625511184334755,0.16525113582611084,1.6305702924728394,-1.1641876697540283,-0.14189568161964417,0.6495330929756165,0.030037524178624153,0.059684138745069504
492,16.566666501,-0.21587976813316345,1.9058122634887695,-1.4897258281707764,0.25987952947616577,0.6548300981521606,-0.4115835428237915,0.0625,0.16610299050807953,1.7109287977218628,-1.2602498531341553,-0.1425759494304657,0.6477265954017639,0.028780478984117508,0.05939999967813492,-0.21805384755134583,1.8282891511917114,-1.3655757904052734,0.2512226998806,0.671595573425293,-0.410968542098999,0.0625511184334755,0.17074257135391235,1.587456464767456,-1.1084872484207153,-0.13704833388328552,0.6500382423400879,0.04434341564774513,0.05968266725540161
493,16.599999834,-0.22055725753307343,1.8655649423599243,-1.436964511871338,0.24843016266822815,0.6705729365348816,-0.4115835428237915,0.0625,0.1748470813035965,1.658219814300537,-1.2024445533752441,-0.13557717204093933,0.6520375609397888,0.04714134335517883,0.05939999967813492,-0.22771389782428741,1.7462466955184937,-1.2348462343215942,0.23654691874980927,0.6717671751976013,-0.40855252742767334,0.06270241737365723,0.1918184459209442,1.4898396730422974,-0.9967463612556458,-0.13702309131622314,0.6557520627975464,0.07444848120212555,0.05982054024934769
494,16.633333167,-0.22769565880298615,1.8110408782958984,-1.3695948123931885,0.2370157092809677,0.6687752604484558,-0.4092099070549011,0.0625,0.1748470813035965,1.658219814300537,-1.2024445533752441,-0.13557717204093933,0.6520375609397888,0.04714134335517883,0.05939999967813492,-0.23361599445343018,1.7090786695480347,-1.1768561601638794,0.22773130238056183,0.6729079484939575,-0.4058207869529724,0.06273216009140015,0.1918184459209442,1.4898396730422974,-0.9967463612556458,-0.13702309131622314,0.6557520627975464,0.07444848120212555,0.05982054024934769
495,16.6666665,-0.22769565880298615,1.8110408782958984,-1.3695948123931885,0.2370157092809677,0.6687752604484558,-0.4092099070549011,0.0625,0.18830357491970062,1.5932064056396484,-1.1316540241241455,-0.13744467496871948,0.6542366743087769,0.06578145921230316,0.05939999967813492,-0.23361599445343018,1.7090786695480347,-1.1768561601638794,0.22773130238056183,0.6729079484939575,-0.4058207869529724,0.06273216009140015,0.2045873999595642,1.4479597806930542,-0.9486832022666931,-0.137723907828331,0.6602835655212402,0.09115664660930634,0.05991959944367409
496,16.699999833,-0.23902283608913422,1.7606706619262695,-1.3032373189926147,0.22575834393501282,0.6687752604484558,-0.40454986691474915,0.0625,0.18830357491970062,1.5932064056396484,-1.1316540241241455,-0.13744467496871948,0.6542366743087769,0.06578145921230316,0.05939999967813492,-0.2500009536743164,1.6330969333648682,-1.0560002326965332,0.2136133760213852,0.6651071310043335,-0.3988824486732483,0.06267062574625015,0.2045873999595642,1.4479597806930542,-0.9486832022666931,-0.137723907828331,0.6602835655212402,0.09115664660930634,0.05991959944367409
497,16.733333166,-0.25045475363731384,1.7121855020523071,-1.2333718538284302,0.21591468155384064,0.6633647680282593,-0.3995058536529541,0.0625,0.20905554294586182,1.534161925315857,-1.067007064819336,-0.13744467496871948,0.6630854606628418,0.08780751377344131,0.05939999967813492,-0.25567880272865295,1.6018263101577759,-1.0019091367721558,0.2051241099834442,0.6631435751914978,-0.3940027058124542,0.06258286535739899,0.23665456473827362,1.3620052337646484,-0.8585184812545776,-0.1407155990600586,0.6729815006256104,0.13281989097595215,0.05996933951973915
498,16.766666499,-0.25045475363731384,1.7121855020523071,-1.2333718538284302,0.21591468155384064,0.6633647680282593,-0.3995058536529541,0.0625,0.22931881248950958,1.4731101989746094,-1.0024996995925903,-0.13980087637901306,0.6729640364646912,0.11655309051275253,0.05939999967813492,-0.25567880272865295,1.6018263101577759,-1.0019091367721558,0.2051241099834442,0.6631435751914978,-0.3940027058124542,0.06258286535739899,0.254570871591568,1.328098177909851,-0.8244355916976929,-0.140520378947258,0.6819939613342285,0.1530352532863617,0.05997462943196297
499,16.799999832,-0.2598446309566498,1.6627402305603027,-1.150800347328186,0.20205676555633545,0.6633647680282593,-0.3876550793647766,0.0625,0.22931881248950958,1.4731101989746094,-1.0024996995925903,-0.13980087637901306,0.6729640364646912,0.11655309051275253,0.05939999967813492,-0.2688516676425934,1.5510481595993042,-0.9053681492805481,0.19055989384651184,0.6575834155082703,-0.3818674385547638,0.06246146559715271,0.254570871591568,1.328098177909851,-0.8244355916976929,-0.140520378947258,0.6819939613342285,0.1530352532863617,0.05997462943196297
500,16.833333165,-0.26822221279144287,1.6087572574615479,-1.0801842212677002,0.1892635077238083,0.6548126339912415,-0.3827681541442871,0.0625,0.25220006704330444,1.4151129722595215,-0.9400692582130432,-0.14194762706756592,0.6856351494789124,0.1440245658159256,0.05939999967813492,-0.27388232946395874,1.5314639806747437,-0.8623430132865906,0.18031521141529083,0.655676007270813,-0.3729031980037689,0.06232375651597977,0.2839900851249695,1.2697967290878296,-0.7688045501708984,-0.1452092081308365,0.6990141272544861,0.18765339255332947,0.059817083179950714
501,16.866666498,-0.26822221279144287,1.6087572574615479,-1.0801842212677002,0.1892635077238083,0.6548126339912415,-0.3827681541442871,0.0625,0.2733709216117859,1.360239863395691,-0.8827875256538391,-0.1440420299768448,0.697119414806366,0.16931438446044922,0.05939999967813492,-0.27388232946395874,1.5314639806747437,-0.8623430132865906,0.18031521141529083,0.655676007270813,-0.3729031980037689,0.06232375651597977,0.2942947447299957,1.2500845193862915,-0.7471857070922852,-0.14771081507205963,0.7068948745727539,0.204587921500206,0.05974952504038811
502,16.899999831,-0.2770710289478302,1.5691382884979248,-1.0102314949035645,0.17474237084388733,0.6548126339912415,-0.36917203664779663,0.06239999830722809,0.2733709216117859,1.360239863395691,-0.8827875256538391,-0.1440420299768448,0.697119414806366,0.16931438446044922,0.05939999967813492,-0.28142377734184265,1.5143216848373413,-0.7949073910713196,0.15745355188846588,0.652220606803894,-0.35491836071014404,0.06202532723546028,0.2942947447299957,1.2500845193862915,-0.7471857070922852,-0.14771081507205963,0.7068948745727539,0.204587921500206,0.05974952504038811
503,16.933333164,-0.2814517915248871,1.5385076999664307,-0.943751871585846,0.16022121906280518,0.6511474251747131,-0.35580283403396606,0.062199998646974564,0.2924124598503113,1.312278151512146,-0.8297120928764343,-0.14594443142414093,0.7107329964637756,0.19589576125144958,0.05939999967813492,-0.28356072306632996,1.5100582838058472,-0.7700243592262268,0.14578093588352203,0.6489952206611633,-0.3441927134990692,0.06179048493504524,0.31082963943481445,1.2189903259277344,-0.7182259559631348,-0.14629101753234863,0.7197677493095398,0.2326488196849823,0.05958670750260353
504,16.966666497,-0.2814517915248871,1.5385076999664307,-0.943751871585846,0.16022121906280518,0.6511474251747131,-0.35580283403396606,0.062199998646974564,0.30749210715293884,1.2701982259750366,-0.7843509912490845,-0.14594443142414093,0.7199832201004028,0.21868975460529327,0.05939999967813492,-0.28356072306632996,1.5100582838058472,-0.7700243592262268,0.14578093588352203,0.6489952206611633,-0.3441927134990692,0.06179048493504524,0.3177076578140259,1.209535837173462,-0.7101114988327026,-0.1447400450706482,0.7260361909866333,0.24361784756183624,0.05934416875243187
505,16.99999983,-0.2851867973804474,1.517651081085205,-0.8837998509407043,0.1436929553747177,0.6462081670761108,-0.3398679792881012,0.06210000067949295,0.30749210715293884,1.2701982259750366,-0.7843509912490845,-0.14594443142414093,0.7199832201004028,0.21868975460529327,0.05939999967813492,-0.2853007912635803,1.5136513710021973,-0.7332683205604553,0.11955025792121887,0.6387431621551514,-0.3228590488433838,0.061608124524354935,0.3177076578140259,1.209535837173462,-0.7101114988327026,-0.1447400450706482,0.7260361909866333,0.24361784756183624,0.05934416875243187
506,17.033333163,-0.2851867973804474,1.508854627609253,-0.8296597003936768,0.12571606040000916,0.6375687718391418,-0.32719686627388,0.06199999898672104,0.31836551427841187,1.2320977449417114,-0.7426725029945374,-0.14391985535621643,0.7270692586898804,0.24174556136131287,0.05939999967813492,-0.28692859411239624,1.517835021018982,-0.7160821557044983,0.10631726682186127,0.631869912147522,-0.31283828616142273,0.061478059738874435,0.32655489444732666,1.197827935218811,-0.6951367259025574,-0.14260046184062958,0.735072135925293,0.25752198696136475,0.05904122814536095
507,17.066666496,-0.2851867973804474,1.508854627609253,-0.8296597003936768,0.12571606040000916,0.6375687718391418,-0.32719686627388,0.06199999898672104,0.32590532302856445,1.2081518173217773,-0.7144156098365784,-0.14391985535621643,0.7351675629615784,0.2543817460536957,0.05920000001788139,-0.28692859411239624,1.517835021018982,-0.7160821557044983,0.10631726682186127,0.631869912147522,-0.31283828616142273,0.061478059738874435,0.33166149258613586,1.190515398979187,-0.6864864826202393,-0.14088790118694305,0.7378251552581787,0.26935502886772156,0.05896687135100365
508,17.099999829,-0.28707176446914673,1.5113329887390137,-0.7757290601730347,0.10592403262853622,0.6279694437980652,-0.3102671802043915,0.0617000013589859,0.32590532302856445,1.2081518173217773,-0.7144156098365784,-0.14391985535621643,0.7351675629615784,0.2543817460536957,0.05920000001788139,-0.2894742786884308,1.523250699043274,-0.6920546293258667,0.080848328769207,0.6156381368637085,-0.2984117269515991,0.061427511274814606,0.33166149258613586,1.190515398979187,-0.6864864826202393,-0.14088790118694305,0.7378251552581787,0.26935502886772156,0.05896687135100365
509,17.133333162,-0.28707176446914673,1.5113329887390137,-0.7757290601730347,0.10592403262853622,0.6279694437980652,-0.3102671802043915,0.0617000013589859,0.3363598585128784,1.189494252204895,-0.6894224882125854,-0.1416683793067932,0.7392167448997498,0.27174776792526245,0.05900000035762787,-0.2894742786884308,1.523250699043274,-0.6920546293258667,0.080848328769207,0.6156381368637085,-0.2984117269515991,0.061427511274814606,0.34172168374061584,1.1830220222473145,-0.673326849937439,-0.14085739850997925,0.743366003036499,0.2887575328350067,0.05850094556808472
510,17.166666495,-0.2894628643989563,1.5229045152664185,-0.7363718748092651,0.08532914519309998,0.6141464710235596,-0.30005699396133423,0.0617000013589859,0.341630756855011,1.1816402673721313,-0.6747093796730042,-0.1416683793067932,0.7428644895553589,0.28583258390426636,0.058800000697374344,-0.2917816936969757,1.5263910293579102,-0.6832431554794312,0.06789242476224899,0.6068767309188843,-0.292510449886322,0.0613926500082016,0.34604233503341675,1.178810715675354,-0.6675959825515747,-0.1418525129556656,0.7471867799758911,0.29961541295051575,0.058343324810266495
511,17.199999828,-0.2918365001678467,1.5301127433776855,-0.7044149041175842,0.06819001585245132,0.6039188504219055,-0.2918365001678467,0.0617000013589859,0.341630756855011,1.1816402673721313,-0.6747093796730042,-0.1416683793067932,0.7428644895553589,0.28583258390426636,0.058800000697374344,-0.2964399755001068,1.5370051860809326,-0.6652328968048096,0.0496269091963768,0.5904487371444702,-0.2830768823623657,0.06129703298211098,0.34604233503341675,1.178810715675354,-0.6675959825515747,-0.1418525129556656,0.7471867799758911,0.29961541295051575,0.058343324810266495
512,17.233333161,-0.2918365001678467,1.5301127433776855,-0.7044149041175842,0.06819001585245132,0.6039188504219055,-0.2918365001678467,0.0617000013589859,0.3505144715309143,1.1778528690338135,-0.6650402545928955,-0.1416683793067932,0.747035801410675,0.30319860577583313,0.058400001376867294,-0.2964399755001068,1.5370051860809326,-0.6652328968048096,0.0496269091963768,0.5904487371444702,-0.2830768823623657,0.06129703298211098,0.35902419686317444,1.173080563545227,-0.6571006178855896,-0.1412995457649231,0.7523781061172485,0.3200839161872864,0.05816204100847244
513,17.266666494,-0.29595547914505005,1.5362213850021362,-0.6800500750541687,0.05146975815296173,0.5910382866859436,-0.2819055914878845,0.061500001698732376,0.35964253544807434,1.1730881929397583,-0.657203733921051,-0.1416683793067932,0.7531968355178833,0.31784191727638245,0.05820000171661377,-0.29539650678634644,1.540979027748108,-0.6596857905387878,0.03999245911836624,0.5841057896614075,-0.279855877161026,0.06124523654580116,0.365454763174057,1.1709471940994263,-0.652124285697937,-0.14425678551197052,0.7550732493400574,0.32928547263145447,0.058068402111530304
514,17.299999827,-0.29595547914505005,1.544686198234558,-0.661828875541687,0.0374373123049736,0.57955402135849,-0.27635544538497925,0.06129999831318855,0.35964253544807434,1.1730881929397583,-0.657203733921051,-0.1416683793067932,0.7531968355178833,0.31784191727638245,0.05820000171661377,-0.2963709235191345,1.5553491115570068,-0.6503191590309143,0.026572205126285553,0.5691295862197876,-0.26960593461990356,0.06143471971154213,0.365454763174057,1.1709471940994263,-0.652124285697937,-0.14425678551197052,0.7550732493400574,0.32928547263145447,0.058068402111530304
515,17.33333316,-0.29595547914505005,1.544686198234558,-0.661828875541687,0.0374373123049736,0.57955402135849,-0.27635544538497925,0.06129999831318855,0.3686484396457672,1.170871615409851,-0.6498733758926392,-0.14393730461597443,0.7546977996826172,0.330076664686203,0.05810000002384186,-0.2963709235191345,1.5553491115570068,-0.6503191590309143,0.026572205126285553,0.5691295862197876,-0.26960593461990356,0.06143471971154213,0.37972912192344666,1.1673991680145264,-0.6439749002456665,-0.14773139357566833,0.7618998289108276,0.34696388244628906,0.05791670083999634
516,17.366666493,-0.29595547914505005,1.5551930665969849,-0.6515663266181946,0.027646014466881752,0.5679301619529724,-0.2684839963912964,0.06129999831318855,0.38015016913414,1.1670492887496948,-0.6427000164985657,-0.14770720899105072,0.7637211680412292,0.34554028511047363,0.057999998331069946,-0.29891952872276306,1.5619707107543945,-0.6459957957267761,0.019309021532535553,0.5623606443405151,-0.2680526673793793,0.06152373179793358,0.38398924469947815,1.1647464036941528,-0.6377936005592346,-0.1509941965341568,0.7659299373626709,0.35370177030563354,0.05784313380718231
517,17.399999826,-0.2983814775943756,1.5659093856811523,-0.6459637880325317,0.017872171476483345,0.5565854907035828,-0.26597073674201965,0.06129999831318855,0.38015016913414,1.1670492887496948,-0.6427000164985657,-0.14770720899105072,0.7637211680412292,0.34554028511047363,0.057999998331069946,-0.2991448938846588,1.580287218093872,-0.6446331739425659,0.006875097285956144,0.5520432591438293,-0.26499417424201965,0.061700623482465744,0.38398924469947815,1.1647464036941528,-0.6377936005592346,-0.1509941965341568,0.7659299373626709,0.35370177030563354,0.05784313380718231
518,17.433333159,-0.2983814775943756,1.5659093856811523,-0.6459637880325317,0.017872171476483345,0.5565854907035828,-0.26597073674201965,0.06129999831318855,0.3873758316040039,1.1621274948120117,-0.6363295912742615,-0.15357151627540588,0.7655887007713318,0.3570943772792816,0.05790000036358833,-0.2991448938846588,1.580287218093872,-0.6446331739425659,0.006875097285956144,0.5520432591438293,-0.26499417424201965,0.061700623482465744,0.3961056172847748,1.160515546798706,-0.6315180063247681,-0.15600113570690155,0.7719222903251648,0.3663092851638794,0.05758186802268028
519,17.466666492,-0.2983814775943756,1.5785804986953735,-0.6459637880325317,0.006649704650044441,0.5502848625183105,-0.26399850845336914,0.06129999831318855,0.39814451336860657,1.1602425575256348,-0.6317219138145447,-0.15587535500526428,0.770894467830658,0.3657686412334442,0.05790000036358833,-0.29823121428489685,1.5884308815002441,-0.645707905292511,0.0019335182150825858,0.5451639890670776,-0.26061224937438965,0.061814580112695694,0.40102899074554443,1.1575099229812622,-0.628913164138794,-0.15930388867855072,0.7748979330062866,0.37468221783638,0.05758252367377281
520,17.499999825,-0.2983814775943756,1.5930492877960205,-0.6459637880325317,0.0,0.5384515523910522,-0.2615724802017212,0.06129999831318855,0.39814451336860657,1.1602425575256348,-0.6317219138145447,-0.15587535500526428,0.770894467830658,0.3657686412334442,0.05790000036358833,-0.29890918731689453,1.6059203147888184,-0.6456373333930969,-0.007360071875154972,0.5342332124710083,-0.2613411247730255,0.0623786598443985,0.40102899074554443,1.1575099229812622,-0.628913164138794,-0.15930388867855072,0.7748979330062866,0.37468221783638,0.05758252367377281
521,17.533333158,-0.2983814775943756,1.5930492877960205,-0.6459637880325317,0.0,0.5384515523910522,-0.2615724802017212,0.06129999831318855,0.4032408595085144,1.1584972143173218,-0.6263114213943481,-0.16060519218444824,0.7750483751296997,0.3781255781650543,0.05790000036358833,-0.29890918731689453,1.6059203147888184,-0.6456373333930969,-0.007360071875154972,0.5342332124710083,-0.2613411247730255,0.0623786598443985,0.40637922286987305,1.1527271270751953,-0.6224895715713501,-0.16242516040802002,0.7809917330741882,0.38190704584121704,0.057433050125837326
522,17.566666491,-0.2983814775943756,1.6060868501663208,-0.6459637880325317,-0.007557275705039501,0.5337914824485779,-0.2615724802017212,0.061799999326467514,0.4032408595085144,1.1584972143173218,-0.6263114213943481,-0.16060519218444824,0.7750483751296997,0.3781255781650543,0.05790000036358833,-0.2991671562194824,1.6146457195281982,-0.6465267539024353,-0.01380131859332323,0.5298064947128296,-0.257350891828537,0.062457144260406494,0.40637922286987305,1.1527271270751953,-0.6224895715713501,-0.16242516040802002,0.7809917330741882,0.38190704584121704,0.057433050125837326
523,17.599999824,-0.2983814775943756,1.6176235675811768,-0.6459637880325317,-0.017086774110794067,0.5251521468162537,-0.25590017437934875,0.06199999898672104,0.40683624148368835,1.151620626449585,-0.6225414872169495,-0.1629962921142578,0.7825707197189331,0.38205257058143616,0.05790000036358833,-0.3005070388317108,1.6315522193908691,-0.6482112407684326,-0.026490455493330956,0.5215582251548767,-0.2517033517360687,0.06251208484172821,0.40924975275993347,1.150532603263855,-0.6188877820968628,-0.16439639031887054,0.7846845984458923,0.3847713768482208,0.057323139160871506
524,17.633333157,-0.2983814775943756,1.6176235675811768,-0.6459637880325317,-0.017086774110794067,0.5251521468162537,-0.25590017437934875,0.06199999898672104,0.40891319513320923,1.149055004119873,-0.617514967918396,-0.16519542038440704,0.7868642210960388,0.3868522346019745,0.05779999867081642,-0.3005070388317108,1.6315522193908691,-0.6482112407684326,-0.026490455493330956,0.5215582251548767,-0.2517033517360687,0.06251208484172821,0.4107796251773834,1.1461061239242554,-0.614430844783783,-0.16479170322418213,0.7909802794456482,0.3885430097579956,0.057177577167749405
525,17.66666649,-0.30028390884399414,1.6308879852294922,-0.6478138566017151,-0.027209682390093803,0.5227086544036865,-0.2528109550476074,0.06210000067949295,0.40891319513320923,1.149055004119873,-0.617514967918396,-0.16519542038440704,0.7868642210960388,0.3868522346019745,0.05779999867081642,-0.3016955852508545,1.6374424695968628,-0.6494951248168945,-0.032834913581609726,0.5191131234169006,-0.24631720781326294,0.06198851019144058,0.4107796251773834,1.1461061239242554,-0.614430844783783,-0.16479170322418213,0.7909802794456482,0.3885430097579956,0.057177577167749405
526,17.699999823,-0.3012438416481018,1.640976071357727,-0.6500653624534607,-0.03520328924059868,0.5185896754264832,-0.2430894523859024,0.06159999966621399,0.4105014503002167,1.1471525430679321,-0.6150540113449097,-0.16519542038440704,0.793095052242279,0.38840556144714355,0.057500001043081284,-0.3010231554508209,1.6490988731384277,-0.6510745882987976,-0.05019300431013107,0.5130040645599365,-0.24086180329322815,0.058085229247808456,0.40976035594940186,1.1462323665618896,-0.6133592128753662,-0.16443832218647003,0.7941066026687622,0.3885151445865631,0.0570659376680851
527,17.733333156,-0.3012438416481018,1.640976071357727,-0.6500653624534607,-0.03520328924059868,0.5185896754264832,-0.2430894523859024,0.06159999966621399,0.4086863100528717,1.1461751461029053,-0.6131341457366943,-0.16519542038440704,0.7956258058547974,0.38840556144714355,0.05730000138282776,-0.3010231554508209,1.6490988731384277,-0.6510745882987976,-0.05019300431013107,0.5130040645599365,-0.24086180329322815,0.058085229247808456,0.40787261724472046,1.1425460577011108,-0.608102023601532,-0.16325867176055908,0.8015679121017456,0.386962890625,0.05677191913127899
528,17.766666489,-0.3012438416481018,1.6471370458602905,-0.6518979072570801,-0.044802602380514145,0.5144008994102478,-0.2393544465303421,0.05909999832510948,0.4086863100528717,1.1461751461029053,-0.6131341457366943,-0.16519542038440704,0.7956258058547974,0.38840556144714355,0.05730000138282776,-0.3003503978252411,1.6522163152694702,-0.6517362594604492,-0.06285969913005829,0.5129337310791016,-0.23284652829170227,0.05168910324573517,0.40787261724472046,1.1425460577011108,-0.608102023601532,-0.16325867176055908,0.8015679121017456,0.386962890625,0.05677191913127899
529,17.799999822,-0.3012438416481018,1.652093768119812,-0.6541494131088257,-0.06108652427792549,0.5099154114723206,-0.22963297367095947,0.050200000405311584,0.4086863100528717,1.1412359476089478,-0.6064670085906982,-0.16519542038440704,0.8001287579536438,0.3905523121356964,0.05689999833703041,-0.2996458411216736,1.6568268537521362,-0.6550049185752869,-0.08111599832773209,0.506385862827301,-0.21821509301662445,0.034727323800325394,0.4062342941761017,1.1405848264694214,-0.603553295135498,-0.16494059562683105,0.80461186170578,0.38717713952064514,0.05675292760133743
530,17.833333155,-0.3012438416481018,1.652093768119812,-0.6541494131088257,-0.06108652427792549,0.5099154114723206,-0.22963297367095947,0.050200000405311584,0.4047069549560547,1.1384782791137695,-0.599555492401123,-0.16519542038440704,0.8051378130912781,0.38873717188835144,0.056699998676776886,-0.2996458411216736,1.6568268537521362,-0.6550049185752869,-0.08111599832773209,0.506385862827301,-0.21821509301662445,0.034727323800325394,0.4024503529071808,1.1394057273864746,-0.5939463973045349,-0.16060030460357666,0.8095995187759399,0.38710471987724304,0.05655251443386078
531,17.866666488,-0.2992890477180481,1.6546419858932495,-0.6555631160736084,-0.0774926170706749,0.5034053325653076,-0.22125539183616638,0.039799999445676804,0.4047069549560547,1.1384782791137695,-0.599555492401123,-0.16519542038440704,0.8051378130912781,0.38873717188835144,0.056699998676776886,-0.2995264530181885,1.6584508419036865,-0.65472412109375,-0.09474746882915497,0.5010450482368469,-0.21091096103191376,0.024452488869428635,0.4024503529071808,1.1394057273864746,-0.5939463973045349,-0.16060030460357666,0.8095995187759399,0.38710471987724304,0.05655251443386078
532,17.899999821,-0.2992890477180481,1.6569806337356567,-0.6567848324775696,-0.09829694032669067,0.4939107298851013,-0.20498892664909363,0.025299999862909317,0.4009719491004944,1.1384782791137695,-0.5912652015686035,-0.16166985034942627,0.8097106218338013,0.38873717188835144,0.056699998676776886,-0.2978520691394806,1.658734917640686,-0.6560949683189392,-0.11770013719797134,0.497281938791275,-0.19103418290615082,0.008014817722141743,0.39855408668518066,1.139725685119629,-0.5876801013946533,-0.1569283902645111,0.8136887550354004,0.3900812268257141,0.0563865527510643
533,17.933333154,-0.2992890477180481,1.6569806337356567,-0.6567848324775696,-0.09829694032669067,0.4939107298851013,-0.20498892664909363,0.025299999862909317,0.39821431040763855,1.1404504776000977,-0.5826781988143921,-0.15453144907951355,0.8116828203201294,0.38873717188835144,0.056699998676776886,-0.2978520691394806,1.658734917640686,-0.6560949683189392,-0.11770013719797134,0.497281938791275,-0.19103418290615082,0.008014817722141743,0.3962652385234833,1.143284559249878,-0.5717051029205322,-0.14949920773506165,0.8124392032623291,0.38831305503845215,0.05636148527264595
534,17.966666487,-0.2992890477180481,1.6569806337356567,-0.6567848324775696,-0.116378553211689,0.4939107298851013,-0.1932603120803833,0.014100000262260437,0.39821431040763855,1.1404504776000977,-0.5826781988143921,-0.15453144907951355,0.8116828203201294,0.38873717188835144,0.056699998676776886,-0.2986169755458832,1.655920147895813,-0.6559791564941406,-0.12591294944286346,0.49510011076927185,-0.18242771923542023,0.0048732333816587925,0.3962652385234833,1.143284559249878,-0.5717051029205322,-0.14949920773506165,0.8124392032623291,0.38831305503845215,0.05636148527264595
535,17.99999982,-0.2992890477180481,1.6569806337356567,-0.654323935508728,-0.12887510657310486,0.4898790121078491,-0.17908823490142822,0.007400000002235174,0.3965737223625183,1.1423529386520386,-0.5735151767730713,-0.15083135664463043,0.8123460412025452,0.38873717188835144,0.056699998676776886,-0.296230286359787,1.6542052030563354,-0.6548697352409363,-0.13860157132148743,0.491161584854126,-0.17070665955543518,0.0034452115651220083,0.39517441391944885,1.146974802017212,-0.5607995986938477,-0.1408226490020752,0.8120368123054504,0.38518664240837097,0.056326717138290405
536,18.033333153,-0.2992890477180481,1.6569806337356567,-0.654323935508728,-0.12887510657310486,0.4898790121078491,-0.17908823490142822,0.007400000002235174,0.3919835090637207,1.1496134996414185,-0.5565505623817444,-0.1351233869791031,0.8103913068771362,0.38374555110931396,0.05660000070929527,-0.296230286359787,1.6542052030563354,-0.6548697352409363,-0.13860157132148743,0.491161584854126,-0.17070665955543518,0.0034452115651220083,0.3894101679325104,1.1599643230438232,-0.5419613718986511,-0.11991756409406662,0.8045094013214111,0.37920284271240234,0.05644538253545761
537,18.066666486,-0.2972295582294464,1.6550607681274414,-0.654323935508728,-0.13901548087596893,0.48928558826446533,-0.17013469338417053,0.005200000014156103,0.3919835090637207,1.1496134996414185,-0.5565505623817444,-0.1351233869791031,0.8103913068771362,0.38374555110931396,0.05660000070929527,-0.29674747586250305,1.654581069946289,-0.6554256677627563,-0.14269989728927612,0.4901427924633026,-0.16459566354751587,0.0034990240819752216,0.3894101679325104,1.1599643230438232,-0.5419613718986511,-0.11991756409406662,0.8045094013214111,0.37920284271240234,0.05644538253545761
538,18.099999819,-0.2972295582294464,1.6550607681274414,-0.654323935508728,-0.14320427179336548,0.48928558826446533,-0.16262978315353394,0.004600000102072954,0.3900461792945862,1.1597537994384766,-0.5422738194465637,-0.12140510231256485,0.8060628771781921,0.3810228407382965,0.05660000070929527,-0.2971169948577881,1.6534746885299683,-0.6550476551055908,-0.14635999500751495,0.4923037886619568,-0.1557113528251648,0.0033890237100422382,0.38981637358665466,1.1698333024978638,-0.5324064493179321,-0.10402930527925491,0.7966853976249695,0.37130677700042725,0.056501355022192
539,18.133333152,-0.2972295582294464,1.6550607681274414,-0.654323935508728,-0.14494960010051727,0.48928558826446533,-0.15676547586917877,0.00430000014603138,0.3900461792945862,1.1740655899047852,-0.5311735272407532,-0.10400416702032089,0.7890110015869141,0.3687357008457184,0.05660000070929527,-0.2969709038734436,1.6513773202896118,-0.6537982821464539,-0.14637400209903717,0.4935053288936615,-0.15384063124656677,0.0033259002957493067,0.3920770585536957,1.1980730295181274,-0.5206159353256226,-0.07662569731473923,0.7791209816932678,0.3595573902130127,0.05693788826465607
540,18.166666485,-0.2972295582294464,1.6550607681274414,-0.654323935508728,-0.14494960010051727,0.48928558826446533,-0.15676547586917877,0.00430000014603138,0.3900461792945862,1.1740655899047852,-0.5311735272407532,-0.10400416702032089,0.7890110015869141,0.3687357008457184,0.05660000070929527,-0.2969709038734436,1.6513773202896118,-0.6537982821464539,-0.14637400209903717,0.4935053288936615,-0.15384063124656677,0.0033259002957493067,0.3920770585536957,1.1980730295181274,-0.5206159353256226,-0.07662569731473923,0.7791209816932678,0.3595573902130127,0.05693788826465607
541,18.199999818,-0.2972295582294464,1.6512385606765747,-0.654323935508728,-0.1469392627477646,0.4918861389160156,-0.1526464968919754,0.00419999985024333,0.39214056730270386,1.194852352142334,-0.5196717977523804,-0.08107054233551025,0.7830594182014465,0.35964253544807434,0.056699998676776886,-0.29719454050064087,1.6500581502914429,-0.652719259262085,-0.14995354413986206,0.4940173029899597,-0.15094783902168274,0.003156600520014763,0.3945367932319641,1.2132481336593628,-0.5155637264251709,-0.05945016071200371,0.7690267562866211,0.35376831889152527,0.05713612213730812
542,18.233333151,-0.2972295582294464,1.6512385606765747,-0.6527531147003174,-0.14957471191883087,0.4918861389160156,-0.15022048354148865,0.00419999985024333,0.3963119089603424,1.216145396232605,-0.5130046010017395,-0.060528017580509186,0.7642971277236938,0.3503050208091736,0.0568000003695488,-0.29596126079559326,1.6474177837371826,-0.6528288722038269,-0.14904320240020752,0.49441292881965637,-0.1491856426000595,0.003158170497044921,0.4010511338710785,1.2506725788116455,-0.5093299150466919,-0.03875932842493057,0.7482245564460754,0.34027427434921265,0.05773258954286575
543,18.266666484,-0.2972295582294464,1.6512385606765747,-0.6527531147003174,-0.14957471191883087,0.4918861389160156,-0.15022048354148865,0.00419999985024333,0.3963119089603424,1.216145396232605,-0.5130046010017395,-0.060528017580509186,0.7642971277236938,0.3503050208091736,0.0568000003695488,-0.29596126079559326,1.6474177837371826,-0.6528288722038269,-0.14904320240020752,0.49441292881965637,-0.1491856426000595,0.003158170497044921,0.4010511338710785,1.2506725788116455,-0.5093299150466919,-0.03875932842493057,0.7482245564460754,0.34027427434921265,0.05773258954286575
544,18.299999817,-0.2972295582294464,1.6465436220169067,-0.6527531147003174,-0.1514771282672882,0.4943296015262604,-0.14847515523433685,0.00419999985024333,0.40081486105918884,1.240772008895874,-0.5086238384246826,-0.04424409568309784,0.753406286239624,0.3407231867313385,0.057100001722574234,-0.29684215784072876,1.642240047454834,-0.6529318690299988,-0.14786043763160706,0.4962390959262848,-0.1466144472360611,0.0030437838286161423,0.406160831451416,1.2690577507019043,-0.5089392066001892,-0.032229334115982056,0.7383384108543396,0.3328285813331604,0.05785493925213814
545,18.33333315,-0.2972295582294464,1.6423897743225098,-0.6527531147003174,-0.14849261939525604,0.49820423126220703,-0.14638076722621918,0.004100000020116568,0.4095589518547058,1.266218900680542,-0.5089380145072937,-0.030578168109059334,0.7334920763969421,0.3295356035232544,0.05719999969005585,-0.2961915135383606,1.6408323049545288,-0.652749240398407,-0.14764153957366943,0.49839234352111816,-0.14314334094524384,0.0029811228159815073,0.42174434661865234,1.3065052032470703,-0.5071434378623962,-0.023118983954191208,0.7179668545722961,0.32419589161872864,0.058297812938690186
546,18.366666483,-0.2972295582294464,1.6423897743225098,-0.6527531147003174,-0.14849261939525604,0.49820423126220703,-0.14638076722621918,0.004100000020116568,0.4216366410255432,1.2920846939086914,-0.5089380145072937,-0.022846359759569168,0.7172954082489014,0.322048157453537,0.0575999990105629,-0.2961915135383606,1.6408323049545288,-0.652749240398407,-0.14764153957366943,0.49839234352111816,-0.14314334094524384,0.0029811228159815073,0.4340473711490631,1.3241534233093262,-0.5079646706581116,-0.023786267265677452,0.7098402976989746,0.3283986747264862,0.058028094470500946
547,18.399999816,-0.2972295582294464,1.6423548460006714,-0.6527531147003174,-0.14849261939525604,0.4986056685447693,-0.14327408373355865,0.00419999985024333,0.4216366410255432,1.2920846939086914,-0.5089380145072937,-0.022846359759569168,0.7172954082489014,0.322048157453537,0.0575999990105629,-0.29587414860725403,1.6395224332809448,-0.6506093144416809,-0.14289212226867676,0.4979002773761749,-0.14864225685596466,0.002955056494101882,0.4340473711490631,1.3241534233093262,-0.5079646706581116,-0.023786267265677452,0.7098402976989746,0.3283986747264862,0.058028094470500946
548,18.433333149,-0.2972295582294464,1.6408538818359375,-0.6504842042922974,-0.14627604186534882,0.4986056685447693,-0.14955726265907288,0.004100000020116568,0.43710026144981384,1.3188755512237549,-0.5089380145072937,-0.023265238851308823,0.7088654637336731,0.3292214572429657,0.05770000070333481,-0.2981165051460266,1.63912034034729,-0.6491557955741882,-0.14130394160747528,0.49824103713035583,-0.1536838412284851,0.0029028886929154396,0.4595920443534851,1.358745813369751,-0.5079135894775391,-0.026475733146071434,0.6963784694671631,0.3345695734024048,0.05788112431764603
549,18.466666482,-0.2972295582294464,1.6408538818359375,-0.6504842042922974,-0.14627604186534882,0.4986056685447693,-0.14955726265907288,0.004100000020116568,0.4545884430408478,1.3439209461212158,-0.5089380145072937,-0.027715828269720078,0.6937858462333679,0.33456215262413025,0.05779999867081642,-0.2981165051460266,1.63912034034729,-0.6491557955741882,-0.14130394160747528,0.49824103713035583,-0.1536838412284851,0.0029028886929154396,0.4663035571575165,1.3764296770095825,-0.5081518888473511,-0.029084064066410065,0.691432774066925,0.33807632327079773,0.05777685344219208
550,18.499999815,-0.2972295582294464,1.6385151147842407,-0.6483200192451477,-0.14177308976650238,0.4986056685447693,-0.15245451033115387,0.004000000189989805,0.4545884430408478,1.3439209461212158,-0.5089380145072937,-0.027715828269720078,0.6937858462333679,0.33456215262413025,0.05779999867081642,-0.2976658046245575,1.6380501985549927,-0.646674394607544,-0.13789768517017365,0.49817153811454773,-0.15255196392536163,0.002854543039575219,0.4663035571575165,1.3764296770095825,-0.5081518888473511,-0.029084064066410065,0.691432774066925,0.33807632327079773,0.05777685344219208
551,18.533333148,-0.2972295582294464,1.6385151147842407,-0.6478836536407471,-0.13994050025939941,0.4986056685447693,-0.15245451033115387,0.0038999998942017555,0.4686558246612549,1.3737660646438599,-0.5089380145072937,-0.029967302456498146,0.6893701553344727,0.34053120017051697,0.05779999867081642,-0.2969070076942444,1.6377025842666626,-0.6468251347541809,-0.13675230741500854,0.4988309144973755,-0.15564118325710297,0.0028659270610660315,0.4787357449531555,1.4057629108428955,-0.5093476176261902,-0.03371521085500717,0.6812998652458191,0.34702324867248535,0.05754874646663666
552,18.566666481,-0.2972295582294464,1.6385151147842407,-0.6478836536407471,-0.13994050025939941,0.4986056685447693,-0.15245451033115387,0.0038999998942017555,0.4790579676628113,1.3973629474639893,-0.5089380145072937,-0.032445669174194336,0.6790552735328674,0.34758231043815613,0.05779999867081642,-0.2969070076942444,1.6377025842666626,-0.6468251347541809,-0.13675230741500854,0.4988309144973755,-0.15564118325710297,0.0028659270610660315,0.4839254915714264,1.421273112297058,-0.5107367634773254,-0.037795525044202805,0.6778877377510071,0.3537038564682007,0.05740628018975258
553,18.599999814,-0.2972295582294464,1.6385151147842407,-0.6478836536407471,-0.13561208546161652,0.4986056685447693,-0.15477579832077026,0.003800000064074993,0.4790579676628113,1.3973629474639893,-0.5089380145072937,-0.032445669174194336,0.6790552735328674,0.34758231043815613,0.05779999867081642,-0.29791828989982605,1.6381386518478394,-0.6455368399620056,-0.1358376145362854,0.49834108352661133,-0.1559906303882599,0.0028225926216691732,0.4839254915714264,1.421273112297058,-0.5107367634773254,-0.037795525044202805,0.6778877377510071,0.3537038564682007,0.05740628018975258
554,18.633333147,-0.2972295582294464,1.6385151147842407,-0.64622563123703,-0.13561208546161652,0.5001764297485352,-0.15477579832077026,0.003800000064074993,0.4839099943637848,1.4199475049972534,-0.5132664442062378,-0.03848451003432274,0.6749536991119385,0.35671040415763855,0.05770000070333481,-0.2970370948314667,1.6391592025756836,-0.6456614136695862,-0.13374106585979462,0.49887263774871826,-0.16045749187469482,0.00277785980142653,0.48608070611953735,1.4491130113601685,-0.514057993888855,-0.0405036062002182,0.6707388162612915,0.36508917808532715,0.05712281912565231
555,18.66666648,-0.2972295582294464,1.6385151147842407,-0.64622563123703,-0.13561208546161652,0.5001764297485352,-0.15477579832077026,0.003800000064074993,0.48623126745224,1.4449406862258911,-0.514872133731842,-0.03848451003432274,0.6671870350837708,0.36362189054489136,0.05739999935030937,-0.2970370948314667,1.6391592025756836,-0.6456614136695862,-0.13374106585979462,0.49887263774871826,-0.16045749187469482,0.00277785980142653,0.4878583252429962,1.462785005569458,-0.5147904753684998,-0.041118379682302475,0.6681866645812988,0.3648693859577179,0.056926462799310684
556,18.699999813,-0.2972295582294464,1.6385151147842407,-0.64622563123703,-0.13344787061214447,0.5001764297485352,-0.15994197130203247,0.003800000064074993,0.48623126745224,1.4449406862258911,-0.514872133731842,-0.03848451003432274,0.6671870350837708,0.36362189054489136,0.05739999935030937,-0.29729458689689636,1.6402608156204224,-0.6443501114845276,-0.131785050034523,0.4992281198501587,-0.15914319455623627,0.0028413853142410517,0.4878583252429962,1.462785005569458,-0.5147904753684998,-0.041118379682302475,0.6681866645812988,0.3648693859577179,0.056926462799310684
557,18.733333146,-0.2972295582294464,1.640330195426941,-0.64622563123703,-0.13344787061214447,0.5001764297485352,-0.15779522061347961,0.003800000064074993,0.48666760325431824,1.4646803140640259,-0.5170712471008301,-0.042638394981622696,0.6671870350837708,0.36798521876335144,0.0568000003695488,-0.29893261194229126,1.6412608623504639,-0.6452422738075256,-0.13213804364204407,0.4996126890182495,-0.15880225598812103,0.0028156968764960766,0.4856705069541931,1.4858367443084717,-0.5173471570014954,-0.044848985970020294,0.6620456576347351,0.37387344241142273,0.05623006075620651
558,18.766666479,-0.2972295582294464,1.640330195426941,-0.64622563123703,-0.13344787061214447,0.5001764297485352,-0.15779522061347961,0.003800000064074993,0.48666760325431824,1.4829015731811523,-0.5170537829399109,-0.04501204192638397,0.6606594920158386,0.375071257352829,0.05640000104904175,-0.29893261194229126,1.6412608623504639,-0.6452422738075256,-0.13213804364204407,0.4996126890182495,-0.15880225598812103,0.0028156968764960766,0.48178818821907043,1.4961552619934082,-0.5211447477340698,-0.04771311581134796,0.6603583097457886,0.37952202558517456,0.05575175583362579
559,18.799999812,-0.2989923655986786,1.640417456626892,-0.64622563123703,-0.13344787061214447,0.5001764297485352,-0.15889477729797363,0.003800000064074993,0.48666760325431824,1.4829015731811523,-0.5170537829399109,-0.04501204192638397,0.6606594920158386,0.375071257352829,0.05640000104904175,-0.29924196004867554,1.6417211294174194,-0.6451791524887085,-0.13468089699745178,0.500210702419281,-0.15818317234516144,0.00295981764793396,0.48178818821907043,1.4961552619934082,-0.5211447477340698,-0.04771311581134796,0.6603583097457886,0.37952202558517456,0.05575175583362579
560,18.833333145,-0.2989923655986786,1.640417456626892,-0.64622563123703,-0.13344787061214447,0.5001764297485352,-0.15889477729797363,0.003800000064074993,0.4821297526359558,1.4991854429244995,-0.5215392708778381,-0.04855506122112274,0.6571688055992126,0.37946948409080505,0.05550000071525574,-0.29695266485214233,1.6421085596084595,-0.6454477310180664,-0.13543188571929932,0.5000124573707581,-0.15855413675308228,0.002894757082685828,0.4803394079208374,1.5118120908737183,-0.5238271355628967,-0.04863755404949188,0.6549140810966492,0.3857806622982025,0.053474146872758865
561,18.866666478,-0.2989923655986786,1.640417456626892,-0.64622563123703,-0.13344787061214447,0.5001764297485352,-0.15889477729797363,0.003800000064074993,0.4798782765865326,1.5118565559387207,-0.523651123046875,-0.04904375225305557,0.6531370878219604,0.3836582899093628,0.053700000047683716,-0.29695266485214233,1.6421085596084595,-0.6454477310180664,-0.13543188571929932,0.5000124573707581,-0.15855413675308228,0.002894757082685828,0.4796975255012512,1.52056086063385,-0.5251922011375427,-0.04969896003603935,0.6550299525260925,0.38821572065353394,0.05150297284126282
562,18.899999811,-0.2968979477882385,1.6419882774353027,-0.64622563123703,-0.13524556159973145,0.5001764297485352,-0.15889477729797363,0.003800000064074993,0.4798782765865326,1.5118565559387207,-0.523651123046875,-0.04904375225305557,0.6531370878219604,0.3836582899093628,0.053700000047683716,-0.29710653424263,1.6412421464920044,-0.6460321545600891,-0.13286837935447693,0.5013256669044495,-0.15757028758525848,0.0029243193566799164,0.4796975255012512,1.52056086063385,-0.5251922011375427,-0.04969896003603935,0.6550299525260925,0.38821572065353394,0.05150297284126282
563,18.933333144,-0.2968979477882385,1.6419882774353027,-0.64622563123703,-0.1333431601524353,0.5001764297485352,-0.1555088311433792,0.003800000064074993,0.4798782765865326,1.5222238302230835,-0.5277177691459656,-0.053564153611660004,0.6555107831954956,0.3920184075832367,0.05090000107884407,-0.29766345024108887,1.6419947147369385,-0.6472090482711792,-0.13477681577205658,0.5018411874771118,-0.15511755645275116,0.0030215217266231775,0.47727781534194946,1.5307976007461548,-0.5285882353782654,-0.0492347776889801,0.6516684889793396,0.3984801769256592,0.0432155504822731
564,18.966666477,-0.2968979477882385,1.6419882774353027,-0.64622563123703,-0.1333431601524353,0.5001764297485352,-0.1555088311433792,0.003800000064074993,0.4776093363761902,1.5301650762557983,-0.5295677781105042,-0.053389620035886765,0.6555107831954956,0.3974638283252716,0.04580000042915344,-0.29766345024108887,1.6419947147369385,-0.6472090482711792,-0.13477681577205658,0.5018411874771118,-0.15511755645275116,0.0030215217266231775,0.4773719906806946,1.5326608419418335,-0.5273774862289429,-0.04934985563158989,0.6487770080566406,0.401378870010376,0.03905896842479706
565,18.99999981,-0.2968979477882385,1.6419882774353027,-0.6482327580451965,-0.1333955079317093,0.5009095072746277,-0.1555088311433792,0.003800000064074993,0.4776093363761902,1.5301650762557983,-0.5295677781105042,-0.053389620035886765,0.6555107831954956,0.3974638283252716,0.04580000042915344,-0.296378493309021,1.643387794494629,-0.6485434174537659,-0.13253065943717957,0.5016008019447327,-0.15798689424991608,0.003030751831829548,0.4773719906806946,1.5326608419418335,-0.5273774862289429,-0.04934985563158989,0.6487770080566406,0.401378870010376,0.03905896842479706
566,19.033333143,-0.2968979477882385,1.6419882774353027,-0.6482327580451965,-0.1333955079317093,0.5026199221611023,-0.1555088311433792,0.003800000064074993,0.47541022300720215,1.5328179597854614,-0.5295677781105042,-0.053389620035886765,0.653119683265686,0.4029616117477417,0.039500001817941666,-0.29667842388153076,1.6421879529953003,-0.6473053693771362,-0.1327698528766632,0.5006360411643982,-0.1560075283050537,0.003024276113137603,0.4752081632614136,1.538312315940857,-0.5310539603233337,-0.049893591552972794,0.6435984969139099,0.40469229221343994,0.024757368490099907
567,19.066666476,-0.2968979477882385,1.6419882774353027,-0.6482327580451965,-0.1333955079317093,0.5026199221611023,-0.1555088311433792,0.003800000064074993,0.47541022300720215,1.5371289253234863,-0.5315225720405579,-0.05513495206832886,0.6491228342056274,0.403747022151947,0.029200000688433647,-0.29667842388153076,1.6421879529953003,-0.6473053693771362,-0.1327698528766632,0.5006360411643982,-0.1560075283050537,0.003024276113137603,0.47694945335388184,1.5397887229919434,-0.5291239023208618,-0.05162247270345688,0.6408897638320923,0.4012080132961273,0.01946832612156868
568,19.099999809,-0.2968979477882385,1.6419882774353027,-0.6458939909934998,-0.1333955079317093,0.5007523894309998,-0.15594516694545746,0.003800000064074993,0.47541022300720215,1.5371289253234863,-0.5315225720405579,-0.05513495206832886,0.6491228342056274,0.403747022151947,0.029200000688433647,-0.29635968804359436,1.6421982049942017,-0.6454596519470215,-0.13739797472953796,0.49979016184806824,-0.1577696055173874,0.003098477842286229,0.47694945335388184,1.5397887229919434,-0.5291239023208618,-0.05162247270345688,0.6408897638320923,0.4012080132961273,0.01946832612156868
569,19.133333142,-0.2968979477882385,1.6419882774353027,-0.6458939909934998,-0.1333955079317093,0.5007523894309998,-0.15594516694545746,0.003800000064074993,0.47541022300720215,1.5393455028533936,-0.5315225720405579,-0.0555887371301651,0.6414085030555725,0.40105921030044556,0.02160000056028366,-0.29635968804359436,1.6421982049942017,-0.6454596519470215,-0.13739797472953796,0.49979016184806824,-0.1577696055173874,0.003098477842286229,0.4727197289466858,1.5423330068588257,-0.5293518304824829,-0.0544772669672966,0.6340592503547668,0.40579724311828613,0.009737301617860794
570,19.166666475,-0.2968979477882385,1.6419882774353027,-0.6458939909934998,-0.13803808391094208,0.5007523894309998,-0.15594516694545746,0.003800000064074993,0.47315874695777893,1.540811538696289,-0.5315225720405579,-0.0555887371301651,0.6371847987174988,0.405631959438324,0.014000000432133675,-0.2961854636669159,1.6402570009231567,-0.6445936560630798,-0.13695642352104187,0.5000282526016235,-0.15602095425128937,0.0031112320721149445,0.4734591543674469,1.5435190200805664,-0.5265492796897888,-0.05362376943230629,0.6297754645347595,0.4070563018321991,0.0073068635538220406
571,19.199999808,-0.2968979477882385,1.6419882774353027,-0.6446548104286194,-0.13754940032958984,0.49923399090766907,-0.15594516694545746,0.003800000064074993,0.47315874695777893,1.540811538696289,-0.5315225720405579,-0.0555887371301651,0.6371847987174988,0.405631959438324,0.014000000432133675,-0.29596853256225586,1.6375744342803955,-0.6416294574737549,-0.13787975907325745,0.49888795614242554,-0.1565125286579132,0.0030111311934888363,0.4734591543674469,1.5435190200805664,-0.5265492796897888,-0.05362376943230629,0.6297754645347595,0.4070563018321991,0.0073068635538220406
572,19.233333141,-0.2968979477882385,1.6419882774353027,-0.6446548104286194,-0.13754940032958984,0.49923399090766907,-0.15594516694545746,0.003800000064074993,0.47315874695777893,1.540811538696289,-0.528956949710846,-0.05743878707289696,0.6294355392456055,0.40568432211875916,0.008799999952316284,-0.29596853256225586,1.6375744342803955,-0.6416294574737549,-0.13787975907325745,0.49888795614242554,-0.1565125286579132,0.0030111311934888363,0.4693424701690674,1.541966438293457,-0.5278441905975342,-0.05257393792271614,0.6239032745361328,0.4046238660812378,0.0013850665418431163
573,19.266666474,-0.2968979477882385,1.6378170251846313,-0.6420891880989075,-0.13754940032958984,0.4985882043838501,-0.15594516694545746,0.003800000064074993,0.47315874695777893,1.540811538696289,-0.528956949710846,-0.05743878707289696,0.6294355392456055,0.40568432211875916,0.008799999952316284,-0.2965146601200104,1.635293960571289,-0.6422572135925293,-0.13797178864479065,0.49863776564598083,-0.1539788842201233,0.0031054378487169743,0.4693424701690674,1.541966438293457,-0.5278441905975342,-0.05257393792271614,0.6239032745361328,0.4046238660812378,0.0013850665418431163
574,19.299999807,-0.2968979477882385,1.6356877088546753,-0.6420891880989075,-0.13754940032958984,0.4985882043838501,-0.15388567745685577,0.003800000064074993,0.470628023147583,1.540811538696289,-0.528956949710846,-0.05391322076320648,0.6266430020332336,0.40568432211875916,0.004600000102072954,-0.29632094502449036,1.6273304224014282,-0.6417471766471863,-0.1390410214662552,0.4986548125743866,-0.15390141308307648,0.003070090664550662,0.4703105092048645,1.539259910583496,-0.5257811546325684,-0.05360841378569603,0.6218059659004211,0.402469664812088,0.00028807116905227304
575,19.33333314,-0.2968979477882385,1.6356877088546753,-0.6420891880989075,-0.13754940032958984,0.4985882043838501,-0.15388567745685577,0.003800000064074993,0.4686034619808197,1.536430835723877,-0.5265833139419556,-0.05391322076320648,0.6204994320869446,0.40339794754981995,0.002899999963119626,-0.29632094502449036,1.6273304224014282,-0.6417471766471863,-0.1390410214662552,0.4986548125743866,-0.15390141308307648,0.003070090664550662,0.4686134159564972,1.5291284322738647,-0.5267446041107178,-0.05443675443530083,0.622076153755188,0.39983195066452026,0.0
576,19.366666473,-0.2968979477882385,1.6273624897003174,-0.6401867866516113,-0.13754940032958984,0.4985882043838501,-0.15388567745685577,0.003800000064074993,0.4686034619808197,1.536430835723877,-0.5265833139419556,-0.05391322076320648,0.6204994320869446,0.40339794754981995,0.002899999963119626,-0.2960709035396576,1.6206649541854858,-0.6398269534111023,-0.13820922374725342,0.49727246165275574,-0.15267930924892426,0.003119454951956868,0.4686134159564972,1.5291284322738647,-0.5267446041107178,-0.05443675443530083,0.622076153755188,0.39983195066452026,0.0
577,19.399999806,-0.2957809567451477,1.615947961807251,-0.6395933628082275,-0.13754940032958984,0.5006825923919678,-0.15388567745685577,0.003800000064074993,0.46905723214149475,1.5267093181610107,-0.5265833139419556,-0.05391322076320648,0.6199758648872375,0.4004134237766266,0.0026000000070780516,-0.29362931847572327,1.5957530736923218,-0.6414401531219482,-0.13731501996517181,0.4998496472835541,-0.15229305624961853,0.003112061880528927,0.46643590927124023,1.5186524391174316,-0.5265302658081055,-0.05367649346590042,0.624160647392273,0.39637845754623413,0.0
578,19.433333139,-0.2957809567451477,1.615947961807251,-0.6395933628082275,-0.13754940032958984,0.5006825923919678,-0.15388567745685577,0.003800000064074993,0.4659854471683502,1.5136542320251465,-0.5265833139419556,-0.052726395428180695,0.6199758648872375,0.39097121357917786,0.0026000000070780516,-0.29362931847572327,1.5957530736923218,-0.6414401531219482,-0.13731501996517181,0.4998496472835541,-0.15229305624961853,0.003112061880528927,0.4643823504447937,1.4824764728546143,-0.5389285087585449,-0.056105174124240875,0.6359728574752808,0.3857800364494324,0.0
579,19.466666472,-0.2922728359699249,1.6004494428634644,-0.6395933628082275,-0.13754940032958984,0.5006825923919678,-0.15388567745685577,0.003800000064074993,0.4659854471683502,1.5136542320251465,-0.5265833139419556,-0.052726395428180695,0.6199758648872375,0.39097121357917786,0.0026000000070780516,-0.29050520062446594,1.5745861530303955,-0.644091010093689,-0.13441169261932373,0.49974721670150757,-0.152816042304039,0.003106628078967333,0.4643823504447937,1.4824764728546143,-0.5389285087585449,-0.056105174124240875,0.6359728574752808,0.3857800364494324,0.0
580,19.499999805,-0.28707176446914673,1.5768351554870605,-0.6446373462677002,-0.13295918703079224,0.5036496520042419,-0.14997614920139313,0.003800000064074993,0.46385616064071655,1.4925183057785034,-0.5378057360649109,-0.052726395428180695,0.6343399286270142,0.38610172271728516,0.002400000113993883,-0.281145304441452,1.5162750482559204,-0.6586164236068726,-0.13030564785003662,0.5051921606063843,-0.15527404844760895,0.00316676776856184,0.4635309875011444,1.4542099237442017,-0.5502070784568787,-0.059239912778139114,0.647508978843689,0.37937408685684204,0.0
581,19.533333138,-0.28707176446914673,1.5768351554870605,-0.6446373462677002,-0.13295918703079224,0.5036496520042419,-0.14997614920139313,0.003800000064074993,0.46331509947776794,1.4598631858825684,-0.554107129573822,-0.05780530348420143,0.6468539237976074,0.3735353648662567,0.002400000113993883,-0.281145304441452,1.5162750482559204,-0.6586164236068726,-0.13030564785003662,0.5051921606063843,-0.15527404844760895,0.00316676776856184,0.46107617020606995,1.3768737316131592,-0.5885974168777466,-0.07038341462612152,0.6820389628410339,0.3662584722042084,0.0
582,19.566666471,-0.27996826171875,1.5453319549560547,-0.6570640802383423,-0.1304633617401123,0.5070704817771912,-0.15247195959091187,0.003800000064074993,0.46331509947776794,1.4598631858825684,-0.554107129573822,-0.05780530348420143,0.6468539237976074,0.3735353648662567,0.002400000113993883,-0.2707512378692627,1.4763513803482056,-0.6735987663269043,-0.12796775996685028,0.5110718011856079,-0.1530219316482544,0.00317267794162035,0.46107617020606995,1.3768737316131592,-0.5885974168777466,-0.07038341462612152,0.6820389628410339,0.3662584722042084,0.0
583,19.599999804,-0.2672622799873352,1.5064460039138794,-0.6736272573471069,-0.12562879920005798,0.5173854231834412,-0.15247195959091187,0.003800000064074993,0.46036550402641296,1.4216405153274536,-0.5767440795898438,-0.06960373371839523,0.6744301319122314,0.36543703079223633,0.002300000051036477,-0.25094255805015564,1.3968921899795532,-0.7131682634353638,-0.11781378090381622,0.5303817987442017,-0.15582440793514252,0.0032975529320538044,0.45655134320259094,1.3328570127487183,-0.6166476011276245,-0.07988612353801727,0.7061252593994141,0.3632720410823822,0.0
584,19.633333137,-0.2672622799873352,1.5064460039138794,-0.6736272573471069,-0.12562879920005798,0.5173854231834412,-0.15247195959091187,0.003800000064074993,0.4550771415233612,1.3739581108093262,-0.6063622832298279,-0.08375835418701172,0.7021808624267578,0.3597472608089447,0.002400000113993883,-0.25094255805015564,1.3968921899795532,-0.7131682634353638,-0.11781378090381622,0.5303817987442017,-0.15582440793514252,0.0032975529320538044,0.4502427875995636,1.2422287464141846,-0.684536874294281,-0.10812821239233017,0.7552972435951233,0.35346683859825134,0.0
585,19.66666647,-0.2534043490886688,1.4615212678909302,-0.6995279788970947,-0.11662290245294571,0.5321857929229736,-0.15435691177845,0.003800000064074993,0.4550771415233612,1.3739581108093262,-0.6063622832298279,-0.08375835418701172,0.7021808624267578,0.3597472608089447,0.002400000113993883,-0.23625636100769043,1.3545901775360107,-0.7377965450286865,-0.11295189708471298,0.5407943725585938,-0.1526304930448532,0.0033510688226670027,0.4502427875995636,1.2422287464141846,-0.684536874294281,-0.10812821239233017,0.7552972435951233,0.35346683859825134,0.0
586,19.699999803,-0.2356019914150238,1.4061594009399414,-0.7296000123023987,-0.1097462996840477,0.5441238284111023,-0.15015067160129547,0.003800000064074993,0.45034730434417725,1.3238322734832764,-0.6430839896202087,-0.10126399993896484,0.7313802242279053,0.3542843759059906,0.002400000113993883,-0.2080220878124237,1.270220160484314,-0.801647961139679,-0.10195069015026093,0.571179986000061,-0.14862987399101257,0.0032761956099420786,0.44489142298698425,1.1960710287094116,-0.7269924879074097,-0.12805990874767303,0.7814050316810608,0.35181665420532227,0.0
587,19.733333136,-0.2356019914150238,1.4061594009399414,-0.7296000123023987,-0.1097462996840477,0.5441238284111023,-0.15015067160129547,0.003800000064074993,0.4424235224723816,1.2607735395431519,-0.6921277642250061,-0.1241278126835823,0.7691840529441833,0.35040974617004395,0.002400000113993883,-0.2080220878124237,1.270220160484314,-0.801647961139679,-0.10195069015026093,0.571179986000061,-0.14862987399101257,0.0032761956099420786,0.43456169962882996,1.1189143657684326,-0.8075049519538879,-0.1660517156124115,0.8311431407928467,0.34361231327056885,0.0
588,19.766666469,-0.21425661444664001,1.3538693189620972,-0.7623249292373657,-0.10122909396886826,0.5685584545135498,-0.15018558502197266,0.003800000064074993,0.4424235224723816,1.2607735395431519,-0.6921277642250061,-0.1241278126835823,0.7691840529441833,0.35040974617004395,0.002400000113993883,-0.19671453535556793,1.2342907190322876,-0.8354048728942871,-0.09492764621973038,0.5850520133972168,-0.14327548444271088,0.0033391916658729315,0.43456169962882996,1.1189143657684326,-0.8075049519538879,-0.1660517156124115,0.8311431407928467,0.34361231327056885,0.0
589,19.799999802,-0.19605283439159393,1.3019108772277832,-0.80180424451828,-0.0921533852815628,0.5871810913085938,-0.1428726464509964,0.003800000064074993,0.43303364515304565,1.2064588069915771,-0.7403861284255981,-0.1491732895374298,0.8001985549926758,0.3433237075805664,0.002400000113993883,-0.17558327317237854,1.1667307615280151,-0.9104356169700623,-0.07706833630800247,0.6204172372817993,-0.14118173718452454,0.003379077184945345,0.430294930934906,1.0848660469055176,-0.8505991697311401,-0.18332554399967194,0.8528012633323669,0.33792349696159363,0.0
590,19.833333135,-0.19605283439159393,1.3019108772277832,-0.80180424451828,-0.0921533852815628,0.5871810913085938,-0.1428726464509964,0.003800000064074993,0.4270995259284973,1.15457022190094,-0.7906341552734375,-0.17908823490142822,0.8413534164428711,0.3369881808757782,0.002400000113993883,-0.17558327317237854,1.1667307615280151,-0.9104356169700623,-0.07706833630800247,0.6204172372817993,-0.14118173718452454,0.003379077184945345,0.4216635525226593,1.0279426574707031,-0.9328684210777283,-0.21963419020175934,0.8943564295768738,0.3258431553840637,0.0
591,19.866666468,-0.17978636920452118,1.2498302459716797,-0.8444426655769348,-0.07934267073869705,0.6087010502815247,-0.14055135846138,0.003800000064074993,0.4270995259284973,1.15457022190094,-0.7906341552734375,-0.17908823490142822,0.8413534164428711,0.3369881808757782,0.002400000113993883,-0.1678210198879242,1.1389131546020508,-0.9524787664413452,-0.07341841608285904,0.6381357908248901,-0.13880255818367004,0.0033599294256418943,0.4216635525226593,1.0279426574707031,-0.9328684210777283,-0.21963419020175934,0.8943564295768738,0.3258431553840637,0.0
592,19.899999801,-0.16575391590595245,1.199931263923645,-0.8922123312950134,-0.07117452472448349,0.6369578838348389,-0.13552480936050415,0.003800000064074993,0.4196295142173767,1.104042887687683,-0.8436223268508911,-0.20474457740783691,0.8725773692131042,0.32850587368011475,0.002400000113993883,-0.15908002853393555,1.0890415906906128,-1.04213285446167,-0.05645040050148964,0.6796972155570984,-0.13547484576702118,0.0034088261891156435,0.41765299439430237,1.0033236742019653,-0.9742550253868103,-0.2333897054195404,0.9133681654930115,0.3186575472354889,0.0
593,19.933333134,-0.16575391590595245,1.199931263923645,-0.8922123312950134,-0.07117452472448349,0.6369578838348389,-0.13552480936050415,0.003800000064074993,0.41743040084838867,1.0574949979782104,-0.898687481880188,-0.22820180654525757,0.9036442041397095,0.31412434577941895,0.002400000113993883,-0.15908002853393555,1.0890415906906128,-1.04213285446167,-0.05645040050148964,0.6796972155570984,-0.13547484576702118,0.0034088261891156435,0.4151025414466858,0.962238609790802,-1.0598483085632324,-0.26198694109916687,0.9501630067825317,0.3010593056678772,0.0
594,19.966666467,-0.15969762206077576,1.1537150144577026,-0.9508728384971619,-0.056182149797677994,0.6631553173065186,-0.13552480936050415,0.003800000064074993,0.41743040084838867,1.0574949979782104,-0.898687481880188,-0.22820180654525757,0.9036442041397095,0.31412434577941895,0.002400000113993883,-0.1596882939338684,1.0685697793960571,-1.0874921083450317,-0.04984387382864952,0.7022422552108765,-0.13270755112171173,0.003326596226543188,0.4151025414466858,0.962238609790802,-1.0598483085632324,-0.26198694109916687,0.9501630067825317,0.3010593056678772,0.0
595,19.9999998,-0.15969762206077576,1.1070623397827148,-1.0058681964874268,-0.04567526653409004,0.693035364151001,-0.130742609500885,0.003800000064074993,0.41554543375968933,1.0149264335632324,-0.9546078443527222,-0.25183355808258057,0.9320581555366516,0.3004235327243805,0.002400000113993883,-0.16081276535987854,1.0366812944412231,-1.1794183254241943,-0.03490244224667549,0.7402265071868896,-0.12782956659793854,0.00340909487567842,0.4141509234905243,0.9464810490608215,-1.1000326871871948,-0.2740879952907562,0.9656097292900085,0.2932033836841583,0.0
596,20.033333133,-0.15969762206077576,1.1070623397827148,-1.0058681964874268,-0.04567526653409004,0.693035364151001,-0.130742609500885,0.003800000064074993,0.41554543375968933,0.9729686975479126,-1.0117324590682983,-0.27113690972328186,0.9598787426948547,0.28881707787513733,0.002400000113993883,-0.16081276535987854,1.0366812944412231,-1.1794183254241943,-0.03490244224667549,0.7402265071868896,-0.12782956659793854,0.00340909487567842,0.41303083300590515,0.9171723127365112,-1.1859180927276611,-0.2906290590763092,0.9964740872383118,0.2727994918823242,0.0
597,20.066666466,-0.15969762206077576,1.0711783170700073,-1.0628530979156494,-0.034173548221588135,0.7185345888137817,-0.12754866480827332,0.003800000064074993,0.41554543375968933,0.9729686975479126,-1.0117324590682983,-0.27113690972328186,0.9598787426948547,0.28881707787513733,0.002400000113993883,-0.16194798052310944,1.0226694345474243,-1.2274763584136963,-0.024070866405963898,0.7607321739196777,-0.125490203499794,0.0033386163413524628,0.41303083300590515,0.9171723127365112,-1.1859180927276611,-0.2906290590763092,0.9964740872383118,0.2727994918823242,0.0
598,20.099999799,-0.16435766220092773,1.0408968925476074,-1.123224139213562,-0.023579398170113564,0.7498458027839661,-0.12754866480827332,0.003800000064074993,0.41313689947128296,0.9405055642127991,-1.0775139331817627,-0.2857802212238312,0.9849241971969604,0.27293458580970764,0.002400000113993883,-0.16570822894573212,1.0031423568725586,-1.3148810863494873,-0.008029068820178509,0.798250138759613,-0.11731616407632828,0.0034575210884213448,0.4114146828651428,0.9073725342750549,-1.2203658819198608,-0.29375794529914856,1.0088504552841187,0.264127254486084,0.0
599,20.133333132,-0.16435766220092773,1.0408968925476074,-1.123224139213562,-0.023579398170113564,0.7498458027839661,-0.12754866480827332,0.003800000064074993,0.4113042950630188,0.9111840128898621,-1.1358253955841064,-0.2955191433429718,1.010493278503418,0.2580294907093048,0.002400000113993883,-0.16570822894573212,1.0031423568725586,-1.3148810863494873,-0.008029068820178509,0.798250138759613,-0.11731616407632828,0.0034575210884213448,0.4095051884651184,0.8861479759216309,-1.3037855625152588,-0.2981943190097809,1.0347594022750854,0.23704437911510468,0.0
600,20.166666465,-0.16435766220092773,1.0162353515625,-1.1826001405715942,-0.01029744278639555,0.7773347496986389,-0.12056734412908554,0.003800000064074993,0.4113042950630188,0.9111840128898621,-1.1358253955841064,-0.2955191433429718,1.010493278503418,0.2580294907093048,0.002400000113993883,-0.1686192899942398,0.9934138655662537,-1.3478401899337769,-0.0007018321193754673,0.8124638199806213,-0.11713968217372894,0.0035242096055299044,0.4095051884651184,0.8861479759216309,-1.3037855625152588,-0.2981943190097809,1.0347594022750854,0.23704437911510468,0.0
601,20.199999798,-0.16887806355953217,0.9933366775512695,-1.2510520219802856,0.0,0.8061152100563049,-0.1178097277879715,0.003800000064074993,0.40914008021354675,0.8900306224822998,-1.2021478414535522,-0.29740411043167114,1.0307914018630981,0.2376265823841095,0.002400000113993883,-0.16913041472434998,0.9706227779388428,-1.4355875253677368,0.012511378154158592,0.8450065851211548,-0.11339019984006882,0.003434820333495736,0.4099836051464081,0.8761274218559265,-1.3502098321914673,-0.302101731300354,1.0499686002731323,0.22553026676177979,0.0
602,20.233333131,-0.16887806355953217,0.9933366775512695,-1.2510520219802856,0.0,0.8061152100563049,-0.1178097277879715,0.003800000064074993,0.40914008021354675,0.8727344274520874,-1.2617334127426147,-0.3013485372066498,1.0540566444396973,0.22043508291244507,0.002400000113993883,-0.16913041472434998,0.9706227779388428,-1.4355875253677368,0.012511378154158592,0.8450065851211548,-0.11339019984006882,0.003434820333495736,0.40856847167015076,0.8593829870223999,-1.434282660484314,-0.29939141869544983,1.0731399059295654,0.20106709003448486,0.0
603,20.266666464,-0.16887806355953217,0.9751678109169006,-1.3103582859039307,0.011222466826438904,0.8298691511154175,-0.1128878965973854,0.003800000064074993,0.40914008021354675,0.8727344274520874,-1.2617334127426147,-0.3013485372066498,1.0540566444396973,0.22043508291244507,0.002400000113993883,-0.16946658492088318,0.9581014513969421,-1.4723973274230957,0.016755864024162292,0.8558872938156128,-0.10855650156736374,0.0034935367293655872,0.40856847167015076,0.8593829870223999,-1.434282660484314,-0.29939141869544983,1.0731399059295654,0.20106709003448486,0.0
604,20.299999797,-0.16887806355953217,0.9566498398780823,-1.3707467317581177,0.018657568842172623,0.8537103533744812,-0.10492919385433197,0.003800000064074993,0.40914008021354675,0.8583005666732788,-1.3217203617095947,-0.2988876402378082,1.0718590021133423,0.20315632224082947,0.002400000113993883,-0.16767369210720062,0.9331851005554199,-1.5430002212524414,0.020643508061766624,0.8775257468223572,-0.09771856665611267,0.0034136869944632053,0.4079590439796448,0.852050244808197,-1.4749821424484253,-0.2977253794670105,1.086414098739624,0.18610000610351562,0.0
605,20.33333313,-0.16887806355953217,0.9566498398780823,-1.3707467317581177,0.018657568842172623,0.8537103533744812,-0.10492919385433197,0.003800000064074993,0.4072202146053314,0.8468860983848572,-1.3812012672424316,-0.29427996277809143,1.091755747795105,0.18334683775901794,0.002400000113993883,-0.16767369210720062,0.9331851005554199,-1.5430002212524414,0.020643508061766624,0.8775257468223572,-0.09771856665611267,0.0034136869944632053,0.40610241889953613,0.8351888656616211,-1.5568443536758423,-0.2888282239437103,1.108391523361206,0.15836037695407867,0.0
606,20.366666463,-0.16887806355953217,0.9378701448440552,-1.4300529956817627,0.02099631167948246,0.8719664812088013,-0.099675752222538,0.003800000064074993,0.4072202146053314,0.8468860983848572,-1.3812012672424316,-0.29427996277809143,1.091755747795105,0.18334683775901794,0.002400000113993883,-0.16770680248737335,0.9209197163581848,-1.571934461593628,0.02559341862797737,0.8859691023826599,-0.0890483483672142,0.0034489601384848356,0.40610241889953613,0.8351888656616211,-1.5568443536758423,-0.2888282239437103,1.108391523361206,0.15836037695407867,0.0
607,20.399999796,-0.16887806355953217,0.9193871021270752,-1.491436243057251,0.026808258146047592,0.8888787627220154,-0.08761552721261978,0.003800000064074993,0.40538763999938965,0.8341801166534424,-1.4413976669311523,-0.2874731719493866,1.1075859069824219,0.1633104532957077,0.002400000113993883,-0.1684015840291977,0.8926964998245239,-1.6293466091156006,0.025623729452490807,0.9000059962272644,-0.0803626999258995,0.003482112195342779,0.40484997630119324,0.8283810615539551,-1.597576379776001,-0.2842239737510681,1.1178399324417114,0.14501890540122986,0.0
608,20.433333129,-0.16887806355953217,0.9193871021270752,-1.491436243057251,0.026808258146047592,0.8888787627220154,-0.08761552721261978,0.003800000064074993,0.40538763999938965,0.8341801166534424,-1.4413976669311523,-0.2874731719493866,1.1075859069824219,0.1633104532957077,0.002400000113993883,-0.1684015840291977,0.8926964998245239,-1.6293466091156006,0.025623729452490807,0.9000059962272644,-0.0803626999258995,0.003482112195342779,0.40484997630119324,0.8283810615539551,-1.597576379776001,-0.2842239737510681,1.1178399324417114,0.14501890540122986,0.0
609,20.466666462,-0.16887806355953217,0.8976577520370483,-1.5433597564697266,0.02546435408294201,0.8987398743629456,-0.08075638115406036,0.003800000064074993,0.40533527731895447,0.8240222930908203,-1.5090291500091553,-0.27927014231681824,1.1231716871261597,0.14327408373355865,0.002400000113993883,-0.1666650027036667,0.880142092704773,-1.6563756465911865,0.024131448939442635,0.9055596590042114,-0.07050495594739914,0.003488085698336363,0.40491175651550293,0.8182343244552612,-1.6623308658599854,-0.27079886198043823,1.1347383260726929,0.12144879251718521,0.0
610,20.499999795,-0.16702800989151,0.8792445063591003,-1.5927351713180542,0.023404864594340324,0.9088453054428101,-0.06640978157520294,0.003800000064074993,0.40533527731895447,0.815592348575592,-1.5659093856811523,-0.26972317695617676,1.1361395120620728,0.12440706789493561,0.002400000113993883,-0.1664903163909912,0.861188530921936,-1.7080304622650146,0.019746245816349983,0.920673668384552,-0.056982144713401794,0.0034734485670924187,0.4049435555934906,0.8098687529563904,-1.7147105932235718,-0.2629852592945099,1.1474190950393677,0.10091440379619598,0.0
611,20.533333128,-0.16702800989151,0.8792445063591003,-1.5927351713180542,0.023404864594340324,0.9088453054428101,-0.06640978157520294,0.003800000064074993,0.40533527731895447,0.815592348575592,-1.5659093856811523,-0.26972317695617676,1.1361395120620728,0.12440706789493561,0.002400000113993883,-0.1664903163909912,0.861188530921936,-1.7080304622650146,0.019746245816349983,0.920673668384552,-0.056982144713401794,0.0034734485670924187,0.4049435555934906,0.8098687529563904,-1.7147105932235718,-0.2629852592945099,1.1474190950393677,0.10091440379619598,0.0
612,20.566666461,-0.16702800989151,0.8628384470939636,-1.639509916305542,0.020874137058854103,0.9215862154960632,-0.058974675834178925,0.003800000064074993,0.40533527731895447,0.8088030219078064,-1.6184438467025757,-0.2637890577316284,1.1468558311462402,0.110025554895401,0.002400000113993883,-0.16411679983139038,0.8570941090583801,-1.7314380407333374,0.0192576814442873,0.928441047668457,-0.050883982330560684,0.003478019265457988,0.4040989875793457,0.809852659702301,-1.7341947555541992,-0.26189282536506653,1.1531867980957031,0.09400242567062378,0.0
613,20.599999794,-0.16465435922145844,0.8544085025787354,-1.684609293937683,0.019058994948863983,0.9307491779327393,-0.045954518020153046,0.003800000064074993,0.40533527731895447,0.8086808323860168,-1.6732646226882935,-0.2632130980491638,1.1542036533355713,0.093305304646492,0.002400000113993883,-0.16393062472343445,0.8578248620033264,-1.772772192955017,0.0174998939037323,0.9439857602119446,-0.035943496972322464,0.003468203591182828,0.4055137634277344,0.8173496127128601,-1.7638330459594727,-0.2637394070625305,1.1597052812576294,0.08239065110683441,0.0
614,20.633333127,-0.16465435922145844,0.8544085025787354,-1.684609293937683,0.019058994948863983,0.9307491779327393,-0.045954518020153046,0.003800000064074993,0.40533527731895447,0.8086808323860168,-1.6732646226882935,-0.2632130980491638,1.1542036533355713,0.093305304646492,0.002400000113993883,-0.16393062472343445,0.8578248620033264,-1.772772192955017,0.0174998939037323,0.9439857602119446,-0.035943496972322464,0.003468203591182828,0.4055137634277344,0.8173496127128601,-1.7638330459594727,-0.2637394070625305,1.1597052812576294,0.08239065110683441,0.0
615,20.66666646,-0.16465435922145844,0.8536056280136108,-1.7240711450576782,0.01788962446153164,0.9402961134910583,-0.03694862127304077,0.003800000064074993,0.40533527731895447,0.8156098127365112,-1.7136340141296387,-0.2632130980491638,1.157764196395874,0.08337438106536865,0.002400000113993883,-0.16411708295345306,0.8663944602012634,-1.7887272834777832,0.019250335171818733,0.9534493088722229,-0.029804155230522156,0.0034883900079876184,0.40447843074798584,0.8255261778831482,-1.773403525352478,-0.26605841517448425,1.1636600494384766,0.07757100462913513,0.0
616,20.699999793,-0.16250760853290558,0.8679696917533875,-1.7651387453079224,0.01788962446153164,0.9570862054824829,-0.03003711625933647,0.003800000064074993,0.40533527731895447,0.8272860646247864,-1.7460448741912842,-0.266145259141922,1.1678695678710938,0.07506661117076874,0.002400000113993883,-0.16260920464992523,0.8927152752876282,-1.8154261112213135,0.017223777249455452,0.9793002009391785,-0.025752387940883636,0.0035057549830526114,0.40693899989128113,0.8532968759536743,-1.780775547027588,-0.2806377112865448,1.1765137910842896,0.06680197268724442,0.0
617,20.733333126,-0.16250760853290558,0.8679696917533875,-1.7651387453079224,0.01788962446153164,0.9570862054824829,-0.03003711625933647,0.003800000064074993,0.40533527731895447,0.8272860646247864,-1.7460448741912842,-0.266145259141922,1.1678695678710938,0.07506661117076874,0.002400000113993883,-0.16260920464992523,0.8927152752876282,-1.8154261112213135,0.017223777249455452,0.9793002009391785,-0.025752387940883636,0.0035057549830526114,0.40693899989128113,0.8532968759536743,-1.780775547027588,-0.2806377112865448,1.1765137910842896,0.06680197268724442,0.0
618,20.766666459,-0.1624726951122284,0.8884074687957764,-1.792924404144287,0.01788962446153164,0.9769131541252136,-0.025359634310007095,0.003800000064074993,0.40711548924446106,0.8433256149291992,-1.768873691558838,-0.2764601409435272,1.1723202466964722,0.0665319487452507,0.002400000113993883,-0.16299761831760406,0.9119606614112854,-1.824339509010315,0.018440889194607735,0.9961287379264832,-0.02890019491314888,0.0034242216497659683,0.40756624937057495,0.8705475330352783,-1.7758394479751587,-0.2872663736343384,1.1805741786956787,0.06901710480451584,0.0
619,20.799999792,-0.1624726951122284,0.9109047651290894,-1.8151074647903442,0.01788962446153164,0.9943664073944092,-0.026947883889079094,0.003800000064074993,0.40711548924446106,0.8644790053367615,-1.7800264358520508,-0.291557252407074,1.183734655380249,0.0665319487452507,0.002400000113993883,-0.16118544340133667,0.9622467160224915,-1.8218873739242554,0.018124038353562355,1.0306918621063232,-0.021853996440768242,0.0033880036789923906,0.4092376232147217,0.9144933223724365,-1.7585588693618774,-0.3133906126022339,1.1943073272705078,0.06743469089269638,0.0
620,20.833333125,-0.1624726951122284,0.9109047651290894,-1.8151074647903442,0.01788962446153164,0.9943664073944092,-0.026947883889079094,0.003800000064074993,0.40711548924446106,0.8644790053367615,-1.7800264358520508,-0.291557252407074,1.183734655380249,0.0665319487452507,0.002400000113993883,-0.16118544340133667,0.9622467160224915,-1.8218873739242554,0.018124038353562355,1.0306918621063232,-0.021853996440768242,0.0033880036789923906,0.4092376232147217,0.9144933223724365,-1.7585588693618774,-0.3133906126022339,1.1943073272705078,0.06743469089269638,0.0
621,20.866666458,-0.1624726951122284,0.935426652431488,-1.8240959644317627,0.01788962446153164,1.014210820198059,-0.022200588136911392,0.003800000064074993,0.40889573097229004,0.8904320597648621,-1.7801486253738403,-0.3061482012271881,1.1933339834213257,0.06442010402679443,0.002400000113993883,-0.16336995363235474,0.9940323829650879,-1.817915439605713,0.019228525459766388,1.047747015953064,-0.024578478187322617,0.003367254976183176,0.4095644950866699,0.9413017630577087,-1.7416154146194458,-0.3309139907360077,1.200839877128601,0.06967537850141525,0.0
622,20.899999791,-0.1624726951122284,0.9707521200180054,-1.8265917301177979,0.020053833723068237,1.037004828453064,-0.024783674627542496,0.003800000064074993,0.40889573097229004,0.9259146451950073,-1.7659416198730469,-0.32536429166793823,1.2009086608886719,0.07019714266061783,0.002400000113993883,-0.16466516256332397,1.0760432481765747,-1.7817928791046143,0.022829333320260048,1.0772243738174438,-0.028281819075345993,0.0034593618474900723,0.40970614552497864,1.0073803663253784,-1.6841709613800049,-0.36703935265541077,1.2051796913146973,0.07792206853628159,0.0
623,20.933333124,-0.1624726951122284,0.9707521200180054,-1.8265917301177979,0.020053833723068237,1.037004828453064,-0.024783674627542496,0.003800000064074993,0.40889573097229004,0.9259146451950073,-1.7659416198730469,-0.32536429166793823,1.2009086608886719,0.07019714266061783,0.002400000113993883,-0.16466516256332397,1.0760432481765747,-1.7817928791046143,0.022829333320260048,1.0772243738174438,-0.028281819075345993,0.0034593618474900723,0.40970614552497864,1.0073803663253784,-1.6841709613800049,-0.36703935265541077,1.2051796913146973,0.07792206853628159,0.0
624,20.966666457,-0.16432274878025055,1.0141061544418335,-1.8106744289398193,0.02197369560599327,1.065122127532959,-0.027872908860445023,0.003800000064074993,0.4110599458217621,0.9614320993423462,-1.7371087074279785,-0.3477219343185425,1.2053593397140503,0.07412413507699966,0.002400000113993883,-0.16413824260234833,1.120719313621521,-1.7566577196121216,0.025480546057224274,1.0861896276474,-0.031037431210279465,0.00342304608784616,0.4086132347583771,1.0418773889541626,-1.6465643644332886,-0.38741397857666016,1.2057195901870728,0.0879407450556755,0.0
625,20.99999979,-0.16432274878025055,1.0639177560806274,-1.7846165895462036,0.026162484660744667,1.0822787284851074,-0.032532937824726105,0.003800000064074993,0.4087561070919037,1.001626968383789,-1.6990431547164917,-0.37376224994659424,1.2053593397140503,0.08930850028991699,0.002400000113993883,-0.16373907029628754,1.225517988204956,-1.6660305261611938,0.030742306262254715,1.0769784450531006,-0.03894270211458206,0.0034865261986851692,0.40333178639411926,1.1225968599319458,-1.5421925783157349,-0.42441266775131226,1.193948745727539,0.12321976572275162,0.0
626,21.033333123,-0.16432274878025055,1.0639177560806274,-1.7846165895462036,0.026162484660744667,1.0822787284851074,-0.032532937824726105,0.003800000064074993,0.4087561070919037,1.001626968383789,-1.6990431547164917,-0.37376224994659424,1.2053593397140503,0.08930850028991699,0.002400000113993883,-0.16373907029628754,1.225517988204956,-1.6660305261611938,0.030742306262254715,1.0769784450531006,-0.03894270211458206,0.0034865261986851692,0.40333178639411926,1.1225968599319458,-1.5421925783157349,-0.42441266775131226,1.193948745727539,0.12321976572275162,0.0
627,21.066666456,-0.16432274878025055,1.1223164796829224,-1.7406343221664429,0.031101766973733902,1.0871655941009521,-0.03892084211111069,0.003800000064074993,0.40399137139320374,1.0467437505722046,-1.6497375965118408,-0.4034677743911743,1.1984302997589111,0.10957176983356476,0.002400000113993883,-0.1622345745563507,1.2711831331253052,-1.622664213180542,0.031386226415634155,1.0607576370239258,-0.04363184794783592,0.003471262753009796,0.3985166847705841,1.1584957838058472,-1.4861692190170288,-0.4340003430843353,1.1784794330596924,0.13863301277160645,0.0
628,21.099999789,-0.16250760853290558,1.1901226043701172,-1.6909971237182617,0.032445669174194336,1.0809870958328247,-0.04581489413976669,0.003800000064074993,0.39650389552116394,1.0968695878982544,-1.592089295387268,-0.4254065454006195,1.1804883480072021,0.13093459606170654,0.002400000113993883,-0.1609821766614914,1.3839550018310547,-1.505266547203064,0.03594747185707092,0.9754871129989624,-0.06137442588806152,0.0035186621826142073,0.37554532289505005,1.2427467107772827,-1.3552910089492798,-0.4399968683719635,1.102142095565796,0.18521595001220703,0.0
629,21.133333122,-0.16250760853290558,1.1901226043701172,-1.6909971237182617,0.032445669174194336,1.0809870958328247,-0.04581489413976669,0.003800000064074993,0.39650389552116394,1.0968695878982544,-1.592089295387268,-0.4254065454006195,1.1804883480072021,0.13093459606170654,0.002400000113993883,-0.1609821766614914,1.3839550018310547,-1.505266547203064,0.03594747185707092,0.9754871129989624,-0.06137442588806152,0.0035186621826142073,0.37554532289505005,1.2427467107772827,-1.3552910089492798,-0.4399968683719635,1.102142095565796,0.18521595001220703,0.0
630,21.166666455,-0.16055284440517426,1.253879427909851,-1.6327729225158691,0.036477383226156235,1.061631441116333,-0.06082472577691078,0.003800000064074993,0.3805515766143799,1.1583750247955322,-1.518768072128296,-0.4385837912559509,1.1440982818603516,0.1615476757287979,0.002400000113993883,-0.15913251042366028,1.435534954071045,-1.4514453411102295,0.03775234520435333,0.9166089296340942,-0.0784129872918129,0.003564561251550913,0.3579118549823761,1.2879753112792969,-1.2913100719451904,-0.4346718192100525,1.038325548171997,0.20425353944301605,0.0
631,21.199999788,-0.15807446837425232,1.3276894092559814,-1.560114860534668,0.03857177495956421,1.0233389139175415,-0.07710864394903183,0.003800000064074993,0.36039304733276367,1.2144525051116943,-1.4476633071899414,-0.43907248973846436,1.1056486368179321,0.18910641968250275,0.002400000113993883,-0.15577098727226257,1.5406641960144043,-1.3530298471450806,0.04499585181474686,0.7792627215385437,-0.1084083840250969,0.003477633697912097,0.33709144592285156,1.3244178295135498,-1.2407516241073608,-0.42529621720314026,0.9792638421058655,0.2251361608505249,0.0
632,21.233333121,-0.15807446837425232,1.3276894092559814,-1.560114860534668,0.03857177495956421,1.0233389139175415,-0.07710864394903183,0.003800000064074993,0.36039304733276367,1.2144525051116943,-1.4476633071899414,-0.43907248973846436,1.1056486368179321,0.18910641968250275,0.002400000113993883,-0.15577098727226257,1.5406641960144043,-1.3530298471450806,0.04499585181474686,0.7792627215385437,-0.1084083840250969,0.003477633697912097,0.33709144592285156,1.3244178295135498,-1.2407516241073608,-0.42529621720314026,0.9792638421058655,0.2251361608505249,0.0
633,21.266666454,-0.15629424154758453,1.3934882879257202,-1.497317910194397,0.04527384042739868,0.9826727509498596,-0.09981538355350494,0.003800000064074993,0.33536502718925476,1.2685402631759644,-1.3780072927474976,-0.42563343048095703,1.0547199249267578,0.21753783524036407,0.002400000113993883,-0.15671980381011963,1.5864542722702026,-1.3265941143035889,0.05236130207777023,0.7147588133811951,-0.12194455415010452,0.003474187571555376,0.2746073305606842,1.4248045682907104,-1.1492234468460083,-0.3951916992664337,0.8195815086364746,0.2502671778202057,0.0
634,21.299999787,-0.15629424154758453,1.4502464532852173,-1.444696307182312,0.05354670062661171,0.9277821183204651,-0.11763519048690796,0.003800000064074993,0.30201178789138794,1.3226104974746704,-1.3101837635040283,-0.4061206579208374,0.9883101582527161,0.2410648763179779,0.002400000113993883,-0.15170049667358398,1.6836466789245605,-1.2890527248382568,0.06013808771967888,0.5856039524078369,-0.14828890562057495,0.0035742430482059717,0.2187766283750534,1.522125244140625,-1.1076987981796265,-0.3710138499736786,0.6784768104553223,0.2654542326927185,0.0
635,21.33333312,-0.15629424154758453,1.4502464532852173,-1.444696307182312,0.05354670062661171,0.9277821183204651,-0.11763519048690796,0.003800000064074993,0.30201178789138794,1.3226104974746704,-1.3101837635040283,-0.4061206579208374,0.9883101582527161,0.2410648763179779,0.002400000113993883,-0.15170049667358398,1.6836466789245605,-1.2890527248382568,0.06013808771967888,0.5856039524078369,-0.14828890562057495,0.0035742430482059717,0.2187766283750534,1.522125244140625,-1.1076987981796265,-0.3710138499736786,0.6784768104553223,0.2654542326927185,0.0
636,21.366666453,-0.1520530879497528,1.5258890390396118,-1.3833653926849365,0.0601964071393013,0.8572359085083008,-0.14030702412128448,0.003800000064074993,0.26113617420196533,1.392633080482483,-1.2388347387313843,-0.38643336296081543,0.9153029918670654,0.26052528619766235,0.002400000113993883,-0.1483132243156433,1.7243603467941284,-1.2823771238327026,0.06832322478294373,0.523322343826294,-0.15990932285785675,0.0035247213672846556,0.18929748237133026,1.5719276666641235,-1.103848934173584,-0.36569303274154663,0.6123108267784119,0.2690868079662323,0.0
637,21.399999786,-0.14706143736839294,1.5930317640304565,-1.340377926826477,0.06843435764312744,0.7698123455047607,-0.1581442803144455,0.003800000064074993,0.222913458943367,1.4576815366744995,-1.1871031522750854,-0.3666413128376007,0.8390670418739319,0.2687458097934723,0.002400000113993883,-0.13662078976631165,1.8053559064865112,-1.2891520261764526,0.07857631891965866,0.41534724831581116,-0.18193861842155457,0.003560079960152507,0.14427843689918518,1.6716746091842651,-1.1315627098083496,-0.35698655247688293,0.5150224566459656,0.27219754457473755,0.0
638,21.433333119,-0.14706143736839294,1.5930317640304565,-1.340377926826477,0.06843435764312744,0.7698123455047607,-0.1581442803144455,0.003800000064074993,0.222913458943367,1.4576815366744995,-1.1871031522750854,-0.3666413128376007,0.8390670418739319,0.2687458097934723,0.002400000113993883,-0.13662078976631165,1.8053559064865112,-1.2891520261764526,0.07857631891965866,0.41534724831581116,-0.18193861842155457,0.003560079960152507,0.14427843689918518,1.6716746091842651,-1.1315627098083496,-0.35698655247688293,0.5150224566459656,0.27219754457473755,0.0
639,21.466666452,-0.13981832563877106,1.65815007686615,-1.3054015636444092,0.07789404690265656,0.6830520629882812,-0.1759641021490097,0.003800000064074993,0.18650588393211365,1.520373821258545,-1.14957857131958,-0.35849061608314514,0.7456570267677307,0.2710496187210083,0.002400000113993883,-0.12918515503406525,1.8425716161727905,-1.3066365718841553,0.08429750055074692,0.37576553225517273,-0.18654662370681763,0.0035498561337590218,0.12607428431510925,1.7267203330993652,-1.163743257522583,-0.3548368513584137,0.47792190313339233,0.26711565256118774,0.0
640,21.499999785,-0.12803734838962555,1.7286962270736694,-1.2882972955703735,0.08536405116319656,0.6020163893699646,-0.18798941373825073,0.003800000064074993,0.18650588393211365,1.520373821258545,-1.14957857131958,-0.35849061608314514,0.7456570267677307,0.2710496187210083,0.002400000113993883,-0.11343212425708771,1.909150242805481,-1.3567943572998047,0.09245561808347702,0.31479260325431824,-0.19713908433914185,0.0035420565400272608,0.12607428431510925,1.7267203330993652,-1.163743257522583,-0.3548368513584137,0.47792190313339233,0.26711565256118774,0.0
641,21.533333118,-0.12803734838962555,1.7286962270736694,-1.2882972955703735,0.08536405116319656,0.6020163893699646,-0.18798941373825073,0.003800000064074993,0.15250687301158905,1.5860854387283325,-1.1228052377700806,-0.35608208179473877,0.6710790991783142,0.2681174874305725,0.002400000113993883,-0.11343212425708771,1.909150242805481,-1.3567943572998047,0.09245561808347702,0.31479260325431824,-0.19713908433914185,0.0035420565400272608,0.10762744396924973,1.8221862316131592,-1.2459386587142944,-0.35548317432403564,0.44189003109931946,0.26223650574684143,0.0
642,21.566666451,-0.11615166068077087,1.7892941236495972,-1.2828344106674194,0.09344492852687836,0.5245761871337891,-0.19736182689666748,0.003800000064074993,0.12632693350315094,1.6543452739715576,-1.1081269979476929,-0.35608208179473877,0.6057339906692505,0.2624277174472809,0.002400000113993883,-0.10461180657148361,1.942123532295227,-1.3932691812515259,0.0967884361743927,0.29883256554603577,-0.20077766478061676,0.0035116507206112146,0.09728993475437164,1.8727495670318604,-1.3032097816467285,-0.35551610589027405,0.4350787103176117,0.2585057318210602,0.0
643,21.599999784,-0.10344566404819489,1.8471691608428955,-1.286290168762207,0.09974556416273117,0.45778241753578186,-0.20210912823677063,0.003800000064074993,0.12632693350315094,1.6543452739715576,-1.1081269979476929,-0.35608208179473877,0.6057339906692505,0.2624277174472809,0.002400000113993883,-0.0905628576874733,2.002223014831543,-1.467963457107544,0.10739386081695557,0.28408539295196533,-0.2025480717420578,0.0034912675619125366,0.09728993475437164,1.8727495670318604,-1.3032097816467285,-0.35551610589027405,0.4350787103176117,0.2585057318210602,0.0
644,21.633333117,-0.10344566404819489,1.8471691608428955,-1.286290168762207,0.09974556416273117,0.45778241753578186,-0.20210912823677063,0.003800000064074993,0.10463248938322067,1.7217847108840942,-1.1041476726531982,-0.35608208179473877,0.5462008118629456,0.2572789788246155,0.002400000113993883,-0.0905628576874733,2.002223014831543,-1.467963457107544,0.10739386081695557,0.28408539295196533,-0.2025480717420578,0.0034912675619125366,0.09172706305980682,1.9142086505889893,-1.3541712760925293,-0.35440748929977417,0.4319538176059723,0.25515079498291016,0.0
645,21.66666645,-0.09086184203624725,1.9019376039505005,-1.3031675815582275,0.10562732815742493,0.4009544849395752,-0.20210912823677063,0.003800000064074993,0.09194394201040268,1.7968688011169434,-1.1117572784423828,-0.35351642966270447,0.5005604028701782,0.25275859236717224,0.002400000113993883,-0.08593294769525528,2.031951427459717,-1.5057069063186646,0.11185947805643082,0.28141817450523376,-0.2056240290403366,0.0034661449026316404,0.08555835485458374,1.9937043190002441,-1.4548101425170898,-0.3449123203754425,0.43214288353919983,0.24233438074588776,0.0
646,21.699999783,-0.08342673629522324,1.9542452096939087,-1.33395516872406,0.11259119212627411,0.350793719291687,-0.20605356991291046,0.003800000064074993,0.09194394201040268,1.7968688011169434,-1.1117572784423828,-0.35351642966270447,0.5005604028701782,0.25275859236717224,0.002400000113993883,-0.07938838750123978,2.0798251628875732,-1.5656088590621948,0.11518585681915283,0.290924996137619,-0.20333704352378845,0.003435402177274227,0.08555835485458374,1.9937043190002441,-1.4548101425170898,-0.3449123203754425,0.43214288353919983,0.24233438074588776,0.0
647,21.733333116,-0.08342673629522324,1.9542452096939087,-1.33395516872406,0.11259119212627411,0.350793719291687,-0.20605356991291046,0.003800000064074993,0.08402015268802643,1.8621790409088135,-1.135563611984253,-0.3462384045124054,0.46547931432724,0.23998276889324188,0.002400000113993883,-0.07938838750123978,2.0798251628875732,-1.5656088590621948,0.11518585681915283,0.290924996137619,-0.20333704352378845,0.003435402177274227,0.0797957330942154,2.0256154537200928,-1.4966048002243042,-0.33671310544013977,0.43881043791770935,0.23165367543697357,0.0
648,21.766666449,-0.07930776476860046,2.0022242069244385,-1.3746387958526611,0.11559315770864487,0.31468287110328674,-0.2036450207233429,0.003800000064074993,0.07927285134792328,1.9321842193603516,-1.168742299079895,-0.3301639258861542,0.44202208518981934,0.22767819464206696,0.002400000113993883,-0.07532749325037003,2.09615421295166,-1.5892375707626343,0.11709319800138474,0.2967049181461334,-0.2043209671974182,0.0034819755237549543,0.07649137824773788,2.080800771713257,-1.5741156339645386,-0.31756284832954407,0.45357421040534973,0.21495890617370605,0.0
649,21.799999782,-0.07440338283777237,2.046398639678955,-1.4346956014633179,0.11707668751478195,0.2931629419326782,-0.2036450207233429,0.003800000064074993,0.07927285134792328,1.9321842193603516,-1.168742299079895,-0.3301639258861542,0.44202208518981934,0.22767819464206696,0.002400000113993883,-0.06953323632478714,2.125385046005249,-1.625072717666626,0.12280897796154022,0.3048568367958069,-0.19835777580738068,0.003418371779844165,0.07649137824773788,2.080800771713257,-1.5741156339645386,-0.31756284832954407,0.45357421040534973,0.21495890617370605,0.0
650,21.833333115,-0.07440338283777237,2.046398639678955,-1.4346956014633179,0.11707668751478195,0.2931629419326782,-0.2036450207233429,0.003800000064074993,0.07506661117076874,1.9882965087890625,-1.222044587135315,-0.3183480501174927,0.43357470631599426,0.21162116527557373,0.002400000113993883,-0.06953323632478714,2.125385046005249,-1.625072717666626,0.12280897796154022,0.3048568367958069,-0.19835777580738068,0.003418371779844165,0.07519303262233734,2.1198582649230957,-1.6267330646514893,-0.2945852279663086,0.4643269181251526,0.20070068538188934,0.0
651,21.866666448,-0.07091272622346878,2.088024616241455,-1.4972306489944458,0.12274900823831558,0.28178340196609497,-0.20153316855430603,0.003800000064074993,0.07506661117076874,2.03824782371521,-1.280390977859497,-0.30143582820892334,0.4351978600025177,0.20172515511512756,0.002400000113993883,-0.06470268964767456,2.1346466541290283,-1.6370359659194946,0.12038561701774597,0.3107571303844452,-0.19733083248138428,0.0034521203488111496,0.0751553550362587,2.1321065425872803,-1.6416536569595337,-0.2858411371707916,0.4657653272151947,0.1915431022644043,0.0
652,21.899999781,-0.06408849358558655,2.116403818130493,-1.5488924980163574,0.12274900823831558,0.27923521399497986,-0.1979028880596161,0.003800000064074993,0.07506661117076874,2.03824782371521,-1.280390977859497,-0.30143582820892334,0.4351978600025177,0.20172515511512756,0.002400000113993883,-0.06141675263643265,2.149883985519409,-1.6503782272338867,0.12361613661050797,0.3269507586956024,-0.19245828688144684,0.0034979027695953846,0.0751553550362587,2.1321065425872803,-1.6416536569595337,-0.2858411371707916,0.4657653272151947,0.1915431022644043,0.0
653,21.933333114,-0.06408849358558655,2.116403818130493,-1.5488924980163574,0.12274900823831558,0.27923521399497986,-0.1979028880596161,0.003800000064074993,0.07506661117076874,2.0814099311828613,-1.350832462310791,-0.2842094302177429,0.4513421356678009,0.1903630644083023,0.002400000113993883,-0.06141675263643265,2.149883985519409,-1.6503782272338867,0.12361613661050797,0.3269507586956024,-0.19245828688144684,0.0034979027695953846,0.07296933233737946,2.1403427124023438,-1.6521263122558594,-0.28168925642967224,0.46888023614883423,0.18827436864376068,0.0
654,21.966666447,-0.06218608096241951,2.138429641723633,-1.592787504196167,0.12274900823831558,0.2973342835903168,-0.1947089284658432,0.003800000064074993,0.07506661117076874,2.1145012378692627,-1.4287439584732056,-0.2765648663043976,0.4668406546115875,0.18706439435482025,0.002400000113993883,-0.05916944518685341,2.15112566947937,-1.651458740234375,0.12179550528526306,0.3362881541252136,-0.1911286562681198,0.0034631129819899797,0.07415322214365005,2.146326780319214,-1.6553829908370972,-0.26694992184638977,0.46677687764167786,0.18118645250797272,0.0
655,21.99999978,-0.05780530348420143,2.151886224746704,-1.6239241361618042,0.12274900823831558,0.32077404856681824,-0.19111354649066925,0.003800000064074993,0.07506661117076874,2.1145012378692627,-1.4287439584732056,-0.2765648663043976,0.4668406546115875,0.18706439435482025,0.002400000113993883,-0.053393926471471786,2.14697003364563,-1.640442967414856,0.12419066578149796,0.35165080428123474,-0.18915317952632904,0.0034445407800376415,0.07415322214365005,2.146326780319214,-1.6553829908370972,-0.26694992184638977,0.46677687764167786,0.18118645250797272,0.0
656,22.033333113,-0.05780530348420143,2.151886224746704,-1.6239241361618042,0.12274900823831558,0.32077404856681824,-0.19111354649066925,0.003800000064074993,0.07506661117076874,2.1354801654815674,-1.49757981300354,-0.2675415277481079,0.4668406546115875,0.18706439435482025,0.002400000113993883,-0.053393926471471786,2.14697003364563,-1.640442967414856,0.12419066578149796,0.35165080428123474,-0.18915317952632904,0.0034445407800376415,0.07558233290910721,2.1390061378479004,-1.6303952932357788,-0.26276785135269165,0.46449750661849976,0.18170306086540222,0.0
657,22.066666446,-0.05363396927714348,2.1527066230773926,-1.6436114311218262,0.12274900823831558,0.3468318283557892,-0.18821631371974945,0.003800000064074993,0.07506661117076874,2.14630126953125,-1.560132384300232,-0.26220080256462097,0.4649382531642914,0.18214255571365356,0.002400000113993883,-0.051311641931533813,2.140683650970459,-1.624842882156372,0.12278427183628082,0.35720449686050415,-0.18787848949432373,0.003432398894801736,0.0757821574807167,2.1303699016571045,-1.609295129776001,-0.2652587890625,0.46372678875923157,0.18137522041797638,0.0
658,22.099999779,-0.05363396927714348,2.1527066230773926,-1.6436114311218262,0.12274900823831558,0.3468318283557892,-0.18821631371974945,0.003800000064074993,0.07506661117076874,2.14630126953125,-1.560132384300232,-0.26220080256462097,0.4649382531642914,0.18214255571365356,0.002400000113993883,-0.051311641931533813,2.140683650970459,-1.624842882156372,0.12278427183628082,0.35720449686050415,-0.18787848949432373,0.003432398894801736,0.0757821574807167,2.1303699016571045,-1.609295129776001,-0.2652587890625,0.46372678875923157,0.18137522041797638,0.0
659,22.133333112,-0.04988151043653488,2.1385345458984375,-1.6523730754852295,0.12274900823831558,0.35669293999671936,-0.18821631371974945,0.003800000064074993,0.07506661117076874,2.14630126953125,-1.6015490293502808,-0.2666863203048706,0.4649382531642914,0.18214255571365356,0.002400000113993883,-0.048154234886169434,2.115415334701538,-1.5799951553344727,0.1252002865076065,0.3619934022426605,-0.18779775500297546,0.00340250413864851,0.07833768427371979,2.1030261516571045,-1.556708574295044,-0.2682075798511505,0.45669132471084595,0.18629777431488037,0.0
660,22.166666445,-0.049235738813877106,2.120697259902954,-1.649824857711792,0.12522737681865692,0.35927602648735046,-0.18821631371974945,0.003800000064074993,0.07754497975111008,2.12703275680542,-1.6359844207763672,-0.2685014605522156,0.457904577255249,0.1858077496290207,0.002400000113993883,-0.04891437664628029,2.100841760635376,-1.5517525672912598,0.12691842019557953,0.3599947392940521,-0.18776266276836395,0.0034032210242003202,0.0771685391664505,2.0904366970062256,-1.5300114154815674,-0.27090147137641907,0.45441365242004395,0.1846374273300171,0.0
661,22.199999778,-0.049235738813877106,2.120697259902954,-1.649824857711792,0.12522737681865692,0.35927602648735046,-0.18821631371974945,0.003800000064074993,0.07754497975111008,2.12703275680542,-1.6359844207763672,-0.2685014605522156,0.457904577255249,0.1858077496290207,0.002400000113993883,-0.04891437664628029,2.100841760635376,-1.5517525672912598,0.12691842019557953,0.3599947392940521,-0.18776266276836395,0.0034032210242003202,0.0771685391664505,2.0904366970062256,-1.5300114154815674,-0.27090147137641907,0.45441365242004395,0.1846374273300171,0.0
662,22.233333111,-0.04738568887114525,2.1003291606903076,-1.6333314180374146,0.12772320210933685,0.35496506094932556,-0.18643607199192047,0.003800000064074993,0.07754497975111008,2.0982697010040283,-1.653821587562561,-0.2704736888408661,0.45038220286369324,0.1858077496290207,0.002400000113993883,-0.046740371733903885,2.06382417678833,-1.489758849143982,0.1317790448665619,0.34830352663993835,-0.18391194939613342,0.0035182302817702293,0.0785629153251648,2.0572855472564697,-1.4652509689331055,-0.2725934684276581,0.44417035579681396,0.18210431933403015,0.0
663,22.266666444,-0.04749041050672531,2.0782856941223145,-1.598931074142456,0.13004447519779205,0.35154423117637634,-0.183730810880661,0.003800000064074993,0.07754497975111008,2.0701699256896973,-1.658760905265808,-0.27286478877067566,0.4432961642742157,0.1858077496290207,0.002400000113993883,-0.044672299176454544,2.0465946197509766,-1.4588721990585327,0.13267914950847626,0.34207797050476074,-0.1905803233385086,0.003434260841459036,0.07884464412927628,2.0406126976013184,-1.437429428100586,-0.27473512291908264,0.4410480260848999,0.18055792152881622,0.0
664,22.299999777,-0.04749041050672531,2.0782856941223145,-1.598931074142456,0.13004447519779205,0.35154423117637634,-0.183730810880661,0.003800000064074993,0.07754497975111008,2.0701699256896973,-1.658760905265808,-0.27286478877067566,0.4432961642742157,0.1858077496290207,0.002400000113993883,-0.044672299176454544,2.0465946197509766,-1.4588721990585327,0.13267914950847626,0.34207797050476074,-0.1905803233385086,0.003434260841459036,0.07884464412927628,2.0406126976013184,-1.437429428100586,-0.27473512291908264,0.4410480260848999,0.18055792152881622,0.0
665,22.33333311,-0.04305727407336235,2.0509190559387207,-1.5571304559707642,0.13281956315040588,0.33649948239326477,-0.19027578830718994,0.003800000064074993,0.07754497975111008,2.0422446727752686,-1.6519891023635864,-0.27515116333961487,0.43655920028686523,0.17872171103954315,0.002400000113993883,-0.04209563881158829,2.007317543029785,-1.3905898332595825,0.1396198868751526,0.32501691579818726,-0.19309568405151367,0.003567575942724943,0.0790751576423645,2.00711727142334,-1.3813518285751343,-0.27734410762786865,0.43294811248779297,0.171705424785614,0.0
666,22.366666443,-0.041259583085775375,2.0236918926239014,-1.5043166875839233,0.13788101077079773,0.3236887753009796,-0.19292870163917542,0.003800000064074993,0.07754497975111008,2.019939422607422,-1.6309055089950562,-0.27515116333961487,0.4346219003200531,0.17112953960895538,0.002400000113993883,-0.041880909353494644,1.9897695779800415,-1.3655588626861572,0.1402239054441452,0.3163052499294281,-0.195308119058609,0.0035339388996362686,0.07922738790512085,1.9977874755859375,-1.3628625869750977,-0.2744148373603821,0.4326153099536896,0.16891048848628998,0.0
667,22.399999776,-0.041259583085775375,2.0236918926239014,-1.5043166875839233,0.13788101077079773,0.3236887753009796,-0.19292870163917542,0.003800000064074993,0.07754497975111008,2.019939422607422,-1.6309055089950562,-0.27515116333961487,0.4346219003200531,0.17112953960895538,0.002400000113993883,-0.041880909353494644,1.9897695779800415,-1.3655588626861572,0.1402239054441452,0.3163052499294281,-0.195308119058609,0.0035339388996362686,0.07922738790512085,1.9977874755859375,-1.3628625869750977,-0.2744148373603821,0.4326153099536896,0.16891048848628998,0.0
668,22.433333109,-0.041608650237321854,1.9975467920303345,-1.4487279653549194,0.13959144055843353,0.31496211886405945,-0.19514526426792145,0.003800000064074993,0.080058254301548,1.9978958368301392,-1.5996640920639038,-0.27728044986724854,0.42990949749946594,0.16570155322551727,0.002400000113993883,-0.0381898395717144,1.961896538734436,-1.3167271614074707,0.14257624745368958,0.298455148935318,-0.19515036046504974,0.003502193372696638,0.08097421377897263,1.976853847503662,-1.3296140432357788,-0.27128148078918457,0.42633992433547974,0.1581602394580841,0.0
669,22.466666442,-0.03933972120285034,1.9754160642623901,-1.3989686965942383,0.1420174390077591,0.30513590574264526,-0.19514526426792145,0.003800000064074993,0.08155923336744308,1.976375937461853,-1.549957036972046,-0.271904855966568,0.4231550693511963,0.156154602766037,0.002400000113993883,-0.03683691844344139,1.9485180377960205,-1.2928400039672852,0.14762599766254425,0.2879166007041931,-0.19966159760951996,0.0035241201985627413,0.08215738087892532,1.9690756797790527,-1.3125728368759155,-0.26911991834640503,0.4226817786693573,0.15309512615203857,0.0
670,22.499999775,-0.03933972120285034,1.9754160642623901,-1.3989686965942383,0.1420174390077591,0.30513590574264526,-0.19514526426792145,0.003800000064074993,0.08155923336744308,1.976375937461853,-1.549957036972046,-0.271904855966568,0.4231550693511963,0.156154602766037,0.002400000113993883,-0.03683691844344139,1.9485180377960205,-1.2928400039672852,0.14762599766254425,0.2879166007041931,-0.19966159760951996,0.0035241201985627413,0.08215738087892532,1.9690756797790527,-1.3125728368759155,-0.26911991834640503,0.4226817786693573,0.15309512615203857,0.0
671,22.533333108,-0.03522074595093727,1.9524126052856445,-1.3529443740844727,0.14700908958911896,0.2846108376979828,-0.1999274641275406,0.003800000064074993,0.08155923336744308,1.9626401662826538,-1.4925706386566162,-0.2698279023170471,0.4185124933719635,0.15133750438690186,0.002400000113993883,-0.031606484204530716,1.9200000762939453,-1.2365673780441284,0.14920294284820557,0.2630627751350403,-0.19995854794979095,0.0034610482398420572,0.08404047787189484,1.946243166923523,-1.2758351564407349,-0.26847079396247864,0.41077104210853577,0.1440485715866089,0.0
672,22.566666441,-0.030421089380979538,1.9270005226135254,-1.3022948503494263,0.14796900749206543,0.2685014605522156,-0.20148080587387085,0.003800000064074993,0.08250171691179276,1.9484506845474243,-1.4257769584655762,-0.2676636874675751,0.41114720702171326,0.1431519091129303,0.002400000113993883,-0.029491662979125977,1.9068423509597778,-1.2100807428359985,0.15017667412757874,0.250123530626297,-0.2014964073896408,0.003515771823003888,0.08395415544509888,1.9362399578094482,-1.2581067085266113,-0.2643238604068756,0.40425780415534973,0.1431654840707779,0.0
673,22.599999774,-0.030421089380979538,1.9270005226135254,-1.3022948503494263,0.14796900749206543,0.2685014605522156,-0.20148080587387085,0.003800000064074993,0.08250171691179276,1.9484506845474243,-1.4257769584655762,-0.2676636874675751,0.41114720702171326,0.1431519091129303,0.002400000113993883,-0.029491662979125977,1.9068423509597778,-1.2100807428359985,0.15017667412757874,0.250123530626297,-0.2014964073896408,0.003515771823003888,0.08395415544509888,1.9362399578094482,-1.2581067085266113,-0.2643238604068756,0.40425780415534973,0.1431654840707779,0.0
674,22.633333107,-0.02727949619293213,1.9066849946975708,-1.256986141204834,0.1529257446527481,0.24520130455493927,-0.20148080587387085,0.003800000064074993,0.08421213924884796,1.932969570159912,-1.3656153678894043,-0.264399915933609,0.39976766705513,0.14055135846138,0.002400000113993883,-0.02203836850821972,1.8784488439559937,-1.1521906852722168,0.1515086442232132,0.2259865701198578,-0.2019270956516266,0.003588002175092697,0.08595946431159973,1.9133081436157227,-1.210384488105774,-0.2658708989620209,0.389114648103714,0.13364188373088837,0.0
675,22.66666644,-0.021031217649579048,1.8866485357284546,-1.206912636756897,0.1526464968919754,0.23249530792236328,-0.20148080587387085,0.003800000064074993,0.08532914519309998,1.9145913124084473,-1.3106375932693481,-0.26631978154182434,0.38638100028038025,0.13489650189876556,0.002400000113993883,-0.018997004255652428,1.8691866397857666,-1.1239285469055176,0.15087556838989258,0.21629872918128967,-0.1998523324728012,0.0036043250001966953,0.088972307741642,1.90516996383667,-1.1907646656036377,-0.26523828506469727,0.37970757484436035,0.13420110940933228,0.0
676,22.699999773,-0.021031217649579048,1.8866485357284546,-1.206912636756897,0.1526464968919754,0.23249530792236328,-0.20148080587387085,0.003800000064074993,0.08532914519309998,1.9145913124084473,-1.3106375932693481,-0.26631978154182434,0.38638100028038025,0.13489650189876556,0.002400000113993883,-0.018997004255652428,1.8691866397857666,-1.1239285469055176,0.15087556838989258,0.21629872918128967,-0.1998523324728012,0.0036043250001966953,0.088972307741642,1.90516996383667,-1.1907646656036377,-0.26523828506469727,0.37970757484436035,0.13420110940933228,0.0
677,22.733333106,-0.018273597583174706,1.867292881011963,-1.1656529903411865,0.1526464968919754,0.2151641845703125,-0.19823449850082397,0.003800000064074993,0.0895877480506897,1.8993022441864014,-1.2606862783432007,-0.2618517577648163,0.3741985857486725,0.1328020989894867,0.002400000113993883,-0.014440532773733139,1.8561650514602661,-1.0813935995101929,0.15145251154899597,0.19820880889892578,-0.1996999979019165,0.0036334069445729256,0.09335219860076904,1.8916394710540771,-1.1509207487106323,-0.26236987113952637,0.3590090572834015,0.12983860075473785,0.0
678,22.766666439,-0.01448623277246952,1.854935884475708,-1.126854419708252,0.1526464968919754,0.19915951788425446,-0.19823449850082397,0.003800000064074993,0.09463175386190414,1.8925652503967285,-1.209199070930481,-0.26190412044525146,0.3617194890975952,0.13060298562049866,0.002400000113993883,-0.012444288469851017,1.8507353067398071,-1.0615774393081665,0.15154574811458588,0.19135774672031403,-0.19692599773406982,0.003625063458457589,0.09508226066827774,1.8853302001953125,-1.1297974586486816,-0.26193884015083313,0.3480905294418335,0.12983320653438568,0.0
679,22.799999772,-0.01448623277246952,1.854935884475708,-1.126854419708252,0.1526464968919754,0.19915951788425446,-0.19823449850082397,0.003800000064074993,0.09463175386190414,1.8925652503967285,-1.209199070930481,-0.26190412044525146,0.3617194890975952,0.13060298562049866,0.002400000113993883,-0.012444288469851017,1.8507353067398071,-1.0615774393081665,0.15154574811458588,0.19135774672031403,-0.19692599773406982,0.003625063458457589,0.09508226066827774,1.8853302001953125,-1.1297974586486816,-0.26193884015083313,0.3480905294418335,0.12983320653438568,0.0
680,22.833333105,-0.010821041651070118,1.8507297039031982,-1.0899232625961304,0.1526464968919754,0.18996164202690125,-0.19523252546787262,0.003800000064074993,0.0959232971072197,1.8815696239471436,-1.1675903797149658,-0.26190412044525146,0.343899667263031,0.12740904092788696,0.002400000113993883,-0.008840574882924557,1.8495765924453735,-1.025615930557251,0.1556856781244278,0.18072205781936646,-0.19395294785499573,0.003612063592299819,0.10069144517183304,1.8790866136550903,-1.093514084815979,-0.26318007707595825,0.32786017656326294,0.12588611245155334,0.0
681,22.866666438,-0.009180432185530663,1.8492636680603027,-1.0574251413345337,0.15514232218265533,0.18107791244983673,-0.19523252546787262,0.003800000064074993,0.0959232971072197,1.8815696239471436,-1.1675903797149658,-0.26190412044525146,0.343899667263031,0.12740904092788696,0.002400000113993883,-0.00684057641774416,1.8501205444335938,-1.0126752853393555,0.15450520813465118,0.17743195593357086,-0.1911313831806183,0.0035889619030058384,0.10069144517183304,1.8790866136550903,-1.093514084815979,-0.26318007707595825,0.32786017656326294,0.12588611245155334,0.0
682,22.899999771,-0.009180432185530663,1.8492636680603027,-1.0574251413345337,0.15514232218265533,0.18107791244983673,-0.19523252546787262,0.003800000064074993,0.10156071186065674,1.8773459196090698,-1.13167142868042,-0.26190412044525146,0.32787755131721497,0.12740904092788696,0.002400000113993883,-0.00684057641774416,1.8501205444335938,-1.0126752853393555,0.15450520813465118,0.17743195593357086,-0.1911313831806183,0.0035889619030058384,0.10457991063594818,1.8773177862167358,-1.0772533416748047,-0.26070305705070496,0.32067355513572693,0.1287844181060791,0.0
683,22.933333104,-0.0068765971809625626,1.8492636680603027,-1.027754545211792,0.15514232218265533,0.17332865297794342,-0.18736109137535095,0.003800000064074993,0.10508627444505692,1.8766652345657349,-1.09775972366333,-0.26190412044525146,0.31606167554855347,0.12740904092788696,0.002400000113993883,-0.00461800629273057,1.8525974750518799,-0.9933292269706726,0.15732166171073914,0.17433448135852814,-0.18442294001579285,0.0036630381364375353,0.1096196100115776,1.874100923538208,-1.0486382246017456,-0.25948697328567505,0.30431732535362244,0.1253669708967209,0.0
684,22.966666437,-0.0046774824149906635,1.8510438203811646,-1.005117654800415,0.15706217288970947,0.1751263439655304,-0.18355627357959747,0.003800000064074993,0.10508627444505692,1.8766652345657349,-1.09775972366333,-0.26190412044525146,0.31606167554855347,0.12740904092788696,0.002400000113993883,-0.0032703159376978874,1.855612874031067,-0.9841987490653992,0.15709738433361053,0.1735350340604782,-0.18107035756111145,0.0036182845942676067,0.1096196100115776,1.874100923538208,-1.0486382246017456,-0.25948697328567505,0.30431732535362244,0.1253669708967209,0.0
685,22.99999977,-0.0046774824149906635,1.8510438203811646,-1.005117654800415,0.15706217288970947,0.1751263439655304,-0.18355627357959747,0.003800000064074993,0.10913544148206711,1.8750072717666626,-1.0683159828186035,-0.26190412044525146,0.30712559819221497,0.1255764365196228,0.002400000113993883,-0.0032703159376978874,1.855612874031067,-0.9841987490653992,0.15709738433361053,0.1735350340604782,-0.18107035756111145,0.0036182845942676067,0.1122712790966034,1.8734345436096191,-1.0373773574829102,-0.25991562008857727,0.29778048396110535,0.12367081642150879,0.0
686,23.033333103,-0.0033335788175463676,1.855860948562622,-0.986791729927063,0.15706217288970947,0.17294467985630035,-0.17861700057983398,0.003800000064074993,0.11402235925197601,1.8723194599151611,-1.0444225072860718,-0.2600366175174713,0.29133036732673645,0.1229933500289917,0.002400000113993883,-0.0015713843749836087,1.8636348247528076,-0.9737262725830078,0.15740519762039185,0.17260900139808655,-0.17560191452503204,0.0036483202129602432,0.11585889011621475,1.874308466911316,-1.0186067819595337,-0.26080122590065,0.28854119777679443,0.12601019442081451,0.0
687,23.066666436,-0.002460914198309183,1.8631564378738403,-0.9744871258735657,0.15706217288970947,0.17231635749340057,-0.17633061110973358,0.003800000064074993,0.11402235925197601,1.8723194599151611,-1.0444225072860718,-0.2600366175174713,0.29133036732673645,0.1229933500289917,0.002400000113993883,0.0007147898431867361,1.868180513381958,-0.9723392128944397,0.15697018802165985,0.1748109757900238,-0.17336270213127136,0.003606966929510236,0.11585889011621475,1.874308466911316,-1.0186067819595337,-0.26080122590065,0.28854119777679443,0.12601019442081451,0.0
688,23.099999769,-0.002460914198309183,1.8631564378738403,-0.9744871258735657,0.15706217288970947,0.17231635749340057,-0.17633061110973358,0.003800000064074993,0.11709413677453995,1.8723194599151611,-1.025625228881836,-0.2600366175174713,0.2862514555454254,0.1261349469423294,0.002400000113993883,0.0007147898431867361,1.868180513381958,-0.9723392128944397,0.15697018802165985,0.1748109757900238,-0.17336270213127136,0.003606966929510236,0.11795002967119217,1.8739914894104004,-1.0142122507095337,-0.2612959146499634,0.28484177589416504,0.12472712248563766,0.0
689,23.133333102,0.0007330382941290736,1.8721100091934204,-0.9723578095436096,0.15706217288970947,0.17465509474277496,-0.1722814440727234,0.003800000064074993,0.11915362626314163,1.877049207687378,-1.0137919187545776,-0.2600366175174713,0.28550097346305847,0.1261349469423294,0.002400000113993883,0.0015397389652207494,1.8770017623901367,-0.9744930267333984,0.16119490563869476,0.17793241143226624,-0.17292949557304382,0.003672791412100196,0.12380552291870117,1.8792062997817993,-1.0098292827606201,-0.26130378246307373,0.28225570917129517,0.12580733001232147,0.0
690,23.166666435,0.0007330382941290736,1.8767350912094116,-0.9746267795562744,0.1592787504196167,0.17690657079219818,-0.1722814440727234,0.004000000189989805,0.11915362626314163,1.877049207687378,-1.0137919187545776,-0.2600366175174713,0.28550097346305847,0.1261349469423294,0.002400000113993883,0.0026004589162766933,1.8826806545257568,-0.9759403467178345,0.16266945004463196,0.17923381924629211,-0.17234167456626892,0.0036505430471152067,0.12380552291870117,1.8792062997817993,-1.0098292827606201,-0.26130378246307373,0.28225570917129517,0.12580733001232147,0.0
691,23.199999768,0.0007330382941290736,1.8767350912094116,-0.9746267795562744,0.1592787504196167,0.17690657079219818,-0.1722814440727234,0.004000000189989805,0.12224286049604416,1.8790040016174316,-1.0096904039382935,-0.2600366175174713,0.2814343273639679,0.1261349469423294,0.002400000113993883,0.0026004589162766933,1.8826806545257568,-0.9759403467178345,0.16266945004463196,0.17923381924629211,-0.17234167456626892,0.0036505430471152067,0.12332771718502045,1.882642149925232,-1.0093210935592651,-0.26134321093559265,0.2815595269203186,0.12568658590316772,0.0
692,23.233333101,0.0024085543118417263,1.883873462677002,-0.9765466451644897,0.1636246144771576,0.17737780511379242,-0.1722814440727234,0.004000000189989805,0.12360421568155289,1.8837164640426636,-1.0096904039382935,-0.2641904950141907,0.2772979140281677,0.1261349469423294,0.002400000113993883,0.0021733329631388187,1.8909897804260254,-0.9804946184158325,0.16570736467838287,0.17890898883342743,-0.175151064991951,0.0036135585978627205,0.12314531207084656,1.8872811794281006,-1.010717511177063,-0.2661522328853607,0.2824452817440033,0.12851181626319885,0.0
693,23.266666434,0.0024085543118417263,1.8912911415100098,-0.9790598750114441,0.16556192934513092,0.17737780511379242,-0.17409659922122955,0.004000000189989805,0.12360421568155289,1.8837164640426636,-1.0096904039382935,-0.2641904950141907,0.2772979140281677,0.1261349469423294,0.002400000113993883,0.0056722587905824184,1.894019365310669,-0.9848232269287109,0.16645918786525726,0.1795114427804947,-0.17159990966320038,0.003647760022431612,0.12314531207084656,1.8872811794281006,-1.010717511177063,-0.2661522328853607,0.2824452817440033,0.12851181626319885,0.0
694,23.299999767,0.0024085543118417263,1.8912911415100098,-0.9790598750114441,0.16556192934513092,0.17737780511379242,-0.17409659922122955,0.004000000189989805,0.12360421568155289,1.8857933282852173,-1.0096904039382935,-0.2664768695831299,0.2813296318054199,0.1290147453546524,0.002400000113993883,0.0056722587905824184,1.894019365310669,-0.9848232269287109,0.16645918786525726,0.1795114427804947,-0.17159990966320038,0.003647760022431612,0.12447023391723633,1.8896878957748413,-1.0115633010864258,-0.26519280672073364,0.28295400738716125,0.13132783770561218,0.0
695,23.3333331,0.004625122528523207,1.8959511518478394,-0.9841213226318359,0.1662077009677887,0.17954201996326447,-0.1722116321325302,0.004000000189989805,0.12360421568155289,1.8908199071884155,-1.013285756111145,-0.2664768695831299,0.28523916006088257,0.13177235424518585,0.002400000113993883,0.00651697488501668,1.898960828781128,-0.986882209777832,0.16716104745864868,0.17876140773296356,-0.1688210815191269,0.003826818661764264,0.1248549371957779,1.8943930864334106,-1.0156519412994385,-0.26927462220191956,0.28719455003738403,0.12879396975040436,0.0005377859924919903
696,23.366666433,0.006021386012434959,1.898342251777649,-0.9861285090446472,0.1662077009677887,0.17722073197364807,-0.17008233070373535,0.00430000014603138,0.12360421568155289,1.8908199071884155,-1.013285756111145,-0.2664768695831299,0.28523916006088257,0.13177235424518585,0.002400000113993883,0.00656332029029727,1.8983519077301025,-0.9914273619651794,0.16344498097896576,0.17511232197284698,-0.1700051873922348,0.007647625170648098,0.1248549371957779,1.8943930864334106,-1.0156519412994385,-0.26927462220191956,0.28719455003738403,0.12879396975040436,0.0005377859924919903
697,23.399999766,0.006021386012434959,1.898342251777649,-0.9861285090446472,0.1662077009677887,0.17722073197364807,-0.17008233070373535,0.00430000014603138,0.12360421568155289,1.8930189609527588,-1.0150660276412964,-0.2692694067955017,0.28588491678237915,0.12899728119373322,0.002899999963119626,0.00656332029029727,1.8983519077301025,-0.9914273619651794,0.16344498097896576,0.17511232197284698,-0.1700051873922348,0.007647625170648098,0.12430431693792343,1.892801284790039,-1.0213088989257812,-0.2701612114906311,0.2894567549228668,0.12480517476797104,0.003794638905674219
698,23.433333099,0.006021386012434959,1.898342251777649,-0.9912248253822327,0.16367697715759277,0.17558012902736664,-0.17008233070373535,0.008200000040233135,0.12360421568155289,1.8904533386230469,-1.0210176706314087,-0.271259069442749,0.29185396432876587,0.12550662457942963,0.005200000014156103,0.007842794060707092,1.888838529586792,-0.9915027022361755,0.16186340153217316,0.1740950047969818,-0.17420947551727295,0.016595065593719482,0.12371382117271423,1.8772916793823242,-1.0252790451049805,-0.27528852224349976,0.29550647735595703,0.1256892830133438,0.012653724290430546
699,23.466666432,0.008674286305904388,1.8902264833450317,-0.99094557762146,0.16175711154937744,0.17502161860466003,-0.1719149351119995,0.013899999670684338,0.12360421568155289,1.8904533386230469,-1.0210176706314087,-0.271259069442749,0.29185396432876587,0.12550662457942963,0.005200000014156103,0.00928590726107359,1.8796263933181763,-0.9935661554336548,0.15933310985565186,0.17287398874759674,-0.17643293738365173,0.026026204228401184,0.12371382117271423,1.8772916793823242,-1.0252790451049805,-0.27528852224349976,0.29550647735595703,0.1256892830133438,0.012653724290430546
700,23.499999765,0.008674286305904388,1.8902264833450317,-0.99094557762146,0.16175711154937744,0.17502161860466003,-0.1719149351119995,0.013899999670684338,0.12360421568155289,1.8783931732177734,-1.0261313915252686,-0.2761634588241577,0.29798007011413574,0.12550662457942963,0.010200000368058681,0.00928590726107359,1.8796263933181763,-0.9935661554336548,0.15933310985565186,0.17287398874759674,-0.17643293738365173,0.026026204228401184,0.12051450461149216,1.8625448942184448,-1.0270206928253174,-0.2718258500099182,0.2973054349422455,0.124308742582798,0.018447814509272575
701,23.533333098,0.008429939858615398,1.8745708465576172,-0.9931796193122864,0.15632914006710052,0.17334610223770142,-0.176801860332489,0.024900000542402267,0.12131783366203308,1.8598402738571167,-1.0278942584991455,-0.27092745900154114,0.30058059096336365,0.123272605240345,0.018200000748038292,0.009682572446763515,1.8428494930267334,-0.9944809675216675,0.1556554138660431,0.17374303936958313,-0.1778688132762909,0.04068492725491524,0.11821961402893066,1.8218238353729248,-1.034179449081421,-0.2756791412830353,0.3061602711677551,0.12095489352941513,0.029719872400164604
702,23.566666431,0.009180432185530663,1.854551911354065,-0.9931796193122864,0.15625932812690735,0.17334610223770142,-0.176801860332489,0.0357000008225441,0.12131783366203308,1.8598402738571167,-1.0278942584991455,-0.27092745900154114,0.30058059096336365,0.123272605240345,0.018200000748038292,0.010729831643402576,1.8178874254226685,-0.9958138465881348,0.15081243216991425,0.17436519265174866,-0.1829584389925003,0.04836585372686386,0.11821961402893066,1.8218238353729248,-1.034179449081421,-0.2756791412830353,0.3061602711677551,0.12095489352941513,0.029719872400164604
703,23.599999764,0.009180432185530663,1.854551911354065,-0.9931796193122864,0.15625932812690735,0.17334610223770142,-0.176801860332489,0.0357000008225441,0.11742575466632843,1.8342887163162231,-1.0353642702102661,-0.27642524242401123,0.3056071400642395,0.12103858590126038,0.02630000002682209,0.010729831643402576,1.8178874254226685,-0.9958138465881348,0.15081243216991425,0.17436519265174866,-0.1829584389925003,0.04836585372686386,0.11753987520933151,1.7941372394561768,-1.0368238687515259,-0.27851101756095886,0.3108414113521576,0.12139892578125,0.035471703857183456
704,23.633333097,0.010873401537537575,1.825911045074463,-0.9949772953987122,0.15083135664463043,0.1757022887468338,-0.18498744070529938,0.04600000008940697,0.11519172787666321,1.802209496498108,-1.0394482612609863,-0.2784672677516937,0.31578242778778076,0.12103858590126038,0.033799998462200165,0.011984298005700111,1.756569266319275,-0.9955543875694275,0.14216409623622894,0.18140104413032532,-0.18502984941005707,0.058148499578237534,0.11351396888494492,1.7231749296188354,-1.0429697036743164,-0.2765941917896271,0.32131728529930115,0.11783074587583542,0.042984068393707275
705,23.66666643,0.013316862285137177,1.7912663221359253,-0.9949772953987122,0.14397220313549042,0.18121753633022308,-0.18502235412597656,0.05380000174045563,0.11519172787666321,1.802209496498108,-1.0394482612609863,-0.2784672677516937,0.31578242778778076,0.12103858590126038,0.033799998462200165,0.01622401736676693,1.7165008783340454,-0.9951715469360352,0.13815002143383026,0.1872013509273529,-0.1874113529920578,0.06322125345468521,0.11351396888494492,1.7231749296188354,-1.0429697036743164,-0.2765941917896271,0.32131728529930115,0.11783074587583542,0.042984068393707275
706,23.699999763,0.013316862285137177,1.7912663221359253,-0.9949772953987122,0.14397220313549042,0.18121753633022308,-0.18502235412597656,0.05380000174045563,0.11384782940149307,1.7648769617080688,-1.0420663356781006,-0.2784672677516937,0.31894147396087646,0.11831586807966232,0.0406000018119812,0.01622401736676693,1.7165008783340454,-0.9951715469360352,0.13815002143383026,0.1872013509273529,-0.1874113529920578,0.06322125345468521,0.11250511556863785,1.679118275642395,-1.0447767972946167,-0.27808207273483276,0.3279920816421509,0.12023117393255234,0.046602215617895126
707,23.733333096,0.01523672416806221,1.7516822814941406,-0.9949772953987122,0.1341809183359146,0.19100883603096008,-0.1903630644083023,0.06019999831914902,0.11138691008090973,1.7198997735977173,-1.0437767505645752,-0.2784672677516937,0.332991361618042,0.11831586807966232,0.04490000009536743,0.01622658781707287,1.6347378492355347,-0.9883492588996887,0.13607728481292725,0.19803042709827423,-0.1946767270565033,0.06752097606658936,0.10909473150968552,1.592184066772461,-1.0411585569381714,-0.27654626965522766,0.3426840305328369,0.12043628096580505,0.049977876245975494
708,23.766666429,0.01523672416806221,1.7066527605056763,-0.9903172850608826,0.13388420641422272,0.19764108955860138,-0.1952674388885498,0.06449999660253525,0.11138691008090973,1.7198997735977173,-1.0437767505645752,-0.2784672677516937,0.332991361618042,0.11831586807966232,0.04490000009536743,0.019186755642294884,1.5877033472061157,-0.9825517535209656,0.1335163563489914,0.20311294496059418,-0.19685098528862,0.06909429281949997,0.10909473150968552,1.592184066772461,-1.0411585569381714,-0.27654626965522766,0.3426840305328369,0.12043628096580505,0.049977876245975494
709,23.799999762,0.01523672416806221,1.7066527605056763,-0.9903172850608826,0.13388420641422272,0.19764108955860138,-0.1952674388885498,0.06449999660253525,0.10937978327274323,1.6715716123580933,-1.0414379835128784,-0.2784672677516937,0.3439345955848694,0.11831586807966232,0.04800000041723251,0.019186755642294884,1.5877033472061157,-0.9825517535209656,0.1335163563489914,0.20311294496059418,-0.19685098528862,0.06909429281949997,0.10907142609357834,1.5435203313827515,-1.037749171257019,-0.277434766292572,0.3481467068195343,0.1216377392411232,0.05116958171129227
710,23.833333095,0.019861847162246704,1.6481493711471558,-0.9785886406898499,0.13388420641422272,0.20692624151706696,-0.1998751014471054,0.06729999929666519,0.10937978327274323,1.6094204187393188,-1.0350849628448486,-0.2784672677516937,0.3528008460998535,0.12330751121044159,0.050200000405311584,0.020449895411729813,1.4919614791870117,-0.9682056903839111,0.13285498321056366,0.21539197862148285,-0.20630306005477905,0.06944648921489716,0.10854894667863846,1.4493217468261719,-1.0204732418060303,-0.2779776155948639,0.3606708347797394,0.12904006242752075,0.05260493978857994
711,23.866666428,0.019861847162246704,1.594375729560852,-0.9690242409706116,0.1319468915462494,0.2154085338115692,-0.20666444301605225,0.06840000301599503,0.10937978327274323,1.5513708591461182,-1.0200576782226562,-0.2784672677516937,0.36370915174484253,0.1299223154783249,0.051500000059604645,0.020802555605769157,1.4420491456985474,-0.9526618719100952,0.13201011717319489,0.2214573621749878,-0.20726782083511353,0.06941261887550354,0.10875959694385529,1.403522253036499,-1.0041855573654175,-0.27763631939888,0.36462363600730896,0.1307903379201889,0.05284552276134491
712,23.899999761,0.019861847162246704,1.594375729560852,-0.9690242409706116,0.1319468915462494,0.2154085338115692,-0.20666444301605225,0.06840000301599503,0.10937978327274323,1.5513708591461182,-1.0200576782226562,-0.2784672677516937,0.36370915174484253,0.1299223154783249,0.051500000059604645,0.020802555605769157,1.4420491456985474,-0.9526618719100952,0.13201011717319489,0.2214573621749878,-0.20726782083511353,0.06941261887550354,0.10875959694385529,1.403522253036499,-1.0041855573654175,-0.27763631939888,0.36462363600730896,0.1307903379201889,0.05284552276134491
713,23.933333094,0.019861847162246704,1.535051941871643,-0.9529322981834412,0.1319468915462494,0.22417008876800537,-0.20860175788402557,0.06870000064373016,0.10937978327274323,1.492500901222229,-1.0019935369491577,-0.2784672677516937,0.36571627855300903,0.1299223154783249,0.05220000073313713,0.018873579800128937,1.3498256206512451,-0.9178318381309509,0.13175518810749054,0.23900605738162994,-0.20814672112464905,0.0693361684679985,0.11196883767843246,1.3214448690414429,-0.9617646932601929,-0.27580714225769043,0.3720126450061798,0.13408318161964417,0.053204428404569626
714,23.966666427,0.019861847162246704,1.472551703453064,-0.9319185614585876,0.1319468915462494,0.23537510633468628,-0.21048671007156372,0.06880000233650208,0.11156144738197327,1.4320251941680908,-0.977087676525116,-0.275919109582901,0.3727674186229706,0.13435544073581696,0.05260000005364418,0.01838594675064087,1.3047505617141724,-0.8926606178283691,0.13028168678283691,0.24619729816913605,-0.2110222727060318,0.06922949850559235,0.11386821419000626,1.2841758728027344,-0.93468177318573,-0.27830997109413147,0.3728576898574829,0.14368383586406708,0.053419329226017
715,23.99999976,0.019861847162246704,1.472551703453064,-0.9319185614585876,0.1319468915462494,0.23537510633468628,-0.21048671007156372,0.06880000233650208,0.11156144738197327,1.4320251941680908,-0.977087676525116,-0.275919109582901,0.3727674186229706,0.13435544073581696,0.05260000005364418,0.01838594675064087,1.3047505617141724,-0.8926606178283691,0.13028168678283691,0.24619729816913605,-0.2110222727060318,0.06922949850559235,0.11386821419000626,1.2841758728027344,-0.93468177318573,-0.27830997109413147,0.3728576898574829,0.14368383586406708,0.053419329226017
716,24.033333093,0.01771509274840355,1.411500096321106,-0.9029111862182617,0.1319468915462494,0.25151941180229187,-0.2134014070034027,0.06880000233650208,0.11369074881076813,1.3726840019226074,-0.9471552968025208,-0.27803096175193787,0.37515851855278015,0.14510667324066162,0.05290000140666962,0.0132350018247962,1.2450275421142578,-0.8275150656700134,0.12992459535598755,0.2713834345340729,-0.21861684322357178,0.06899528205394745,0.1188875213265419,1.2301297187805176,-0.8690488338470459,-0.270298570394516,0.3735133707523346,0.15570969879627228,0.05358106642961502
717,24.066666426,0.013526301831007004,1.3526999950408936,-0.8646535873413086,0.12980014085769653,0.2649584412574768,-0.21839304268360138,0.06880000233650208,0.11822860687971115,1.3186311721801758,-0.9107826352119446,-0.26939156651496887,0.37515851855278015,0.15531684458255768,0.05290000140666962,0.008257527835667133,1.2235819101333618,-0.7880332469940186,0.12730169296264648,0.28331056237220764,-0.21835573017597198,0.06880606710910797,0.12080500274896622,1.2119625806808472,-0.8347870111465454,-0.26720744371414185,0.37149694561958313,0.16466739773750305,0.05363674834370613
718,24.099999759,0.013526301831007004,1.3526999950408936,-0.8646535873413086,0.12980014085769653,0.2649584412574768,-0.21839304268360138,0.06880000233650208,0.11822860687971115,1.3186311721801758,-0.9107826352119446,-0.26939156651496887,0.37515851855278015,0.15531684458255768,0.05290000140666962,0.008257527835667133,1.2235819101333618,-0.7880332469940186,0.12730169296264648,0.28331056237220764,-0.21835573017597198,0.06880606710910797,0.12080500274896622,1.2119625806808472,-0.8347870111465454,-0.26720744371414185,0.37149694561958313,0.16466739773750305,0.05363674834370613
719,24.133333092,0.007103490177541971,1.2932016849517822,-0.8246157169342041,0.12625712156295776,0.2800206243991852,-0.21839304268360138,0.06880000233650208,0.12236503511667252,1.2713327407836914,-0.8706749677658081,-0.26483625173568726,0.36941638588905334,0.168808251619339,0.05310000106692314,-1.643013092689216e-05,1.2036809921264648,-0.7069089412689209,0.11738507449626923,0.30040648579597473,-0.22114618122577667,0.06836694478988647,0.1256205290555954,1.189919114112854,-0.7667502760887146,-0.2612774074077606,0.3641345798969269,0.17846082150936127,0.05363967642188072
720,24.166666425,0.0,1.2516803741455078,-0.778853178024292,0.12177161872386932,0.2972121238708496,-0.2223549485206604,0.06859999895095825,0.12505283951759338,1.2278391122817993,-0.8212996125221252,-0.2620611786842346,0.3654544949531555,0.1776919662952423,0.05310000106692314,-0.003358616027981043,1.199875831604004,-0.6680160164833069,0.11186482757329941,0.305911123752594,-0.22188040614128113,0.06820496171712875,0.12556536495685577,1.182039499282837,-0.7342965602874756,-0.2568289637565613,0.36077016592025757,0.18513469398021698,0.05363713949918747
721,24.199999758,0.0,1.2516803741455078,-0.778853178024292,0.12177161872386932,0.2972121238708496,-0.2223549485206604,0.06859999895095825,0.12505283951759338,1.2278391122817993,-0.8212996125221252,-0.2620611786842346,0.3654544949531555,0.1776919662952423,0.05310000106692314,-0.003358616027981043,1.199875831604004,-0.6680160164833069,0.11186482757329941,0.305911123752594,-0.22188040614128113,0.06820496171712875,0.12556536495685577,1.182039499282837,-0.7342965602874756,-0.2568289637565613,0.36077016592025757,0.18513469398021698,0.05363713949918747
722,24.233333091,-0.006056292448192835,1.2193742990493774,-0.7230026721954346,0.10794861614704132,0.30543261766433716,-0.2223374992609024,0.06840000301599503,0.12505283951759338,1.1986223459243774,-0.7775790691375732,-0.2546435296535492,0.3592236638069153,0.1883908361196518,0.053199999034404755,-0.009487892501056194,1.2183609008789062,-0.6013237237930298,0.09368599951267242,0.3063872456550598,-0.2242191731929779,0.06803471595048904,0.12948067486286163,1.1780195236206055,-0.6825051307678223,-0.2531443238258362,0.35499581694602966,0.19897520542144775,0.05350315570831299
723,24.266666424,-0.008587019518017769,1.2040327787399292,-0.674691915512085,0.09552186727523804,0.3050137460231781,-0.2249380350112915,0.06809999793767929,0.12927654385566711,1.183053970336914,-0.7349581718444824,-0.25274112820625305,0.3548429012298584,0.19868828356266022,0.053199999034404755,-0.012639331631362438,1.2367565631866455,-0.5762140154838562,0.08726495504379272,0.3028041422367096,-0.2276044487953186,0.06796523183584213,0.12990327179431915,1.1808676719665527,-0.6672590970993042,-0.2484782487154007,0.3546377718448639,0.20593221485614777,0.05343398451805115
724,24.299999757,-0.008587019518017769,1.2040327787399292,-0.674691915512085,0.09552186727523804,0.3050137460231781,-0.2249380350112915,0.06809999793767929,0.12927654385566711,1.183053970336914,-0.7349581718444824,-0.25274112820625305,0.3548429012298584,0.19868828356266022,0.053199999034404755,-0.012639331631362438,1.2367565631866455,-0.5762140154838562,0.08726495504379272,0.3028041422367096,-0.2276044487953186,0.06796523183584213,0.12990327179431915,1.1808676719665527,-0.6672590970993042,-0.2484782487154007,0.3546377718448639,0.20593221485614777,0.05343398451805115
725,24.33333309,-0.012845623306930065,1.1993379592895508,-0.6295925974845886,0.08306021988391876,0.3004409670829773,-0.22912682592868805,0.06809999793767929,0.12927654385566711,1.1775736808776855,-0.6984283924102783,-0.2485872507095337,0.3566405773162842,0.20713567733764648,0.053199999034404755,-0.012498928233981133,1.2867482900619507,-0.5482541918754578,0.06875066459178925,0.29686567187309265,-0.23003444075584412,0.06768756359815598,0.13084593415260315,1.188742995262146,-0.6464871764183044,-0.24447384476661682,0.3560442626476288,0.21374885737895966,0.05310952290892601
726,24.366666423,-0.012845623306930065,1.2076456546783447,-0.5910208225250244,0.0705462098121643,0.2963569164276123,-0.22912682592868805,0.06790000200271606,0.12927654385566711,1.1830713748931885,-0.6690545082092285,-0.24267058074474335,0.3566405773162842,0.21212731301784515,0.053199999034404755,-0.011741286143660545,1.3132482767105103,-0.5445173382759094,0.05567927286028862,0.2997073531150818,-0.22926996648311615,0.06771267205476761,0.13023564219474792,1.196761965751648,-0.6430040597915649,-0.24109162390232086,0.357341468334198,0.21637572348117828,0.05299336835741997
727,24.399999756,-0.012845623306930065,1.2076456546783447,-0.5910208225250244,0.0705462098121643,0.2963569164276123,-0.22912682592868805,0.06790000200271606,0.12927654385566711,1.1830713748931885,-0.6690545082092285,-0.24267058074474335,0.3566405773162842,0.21212731301784515,0.053199999034404755,-0.011741286143660545,1.3132482767105103,-0.5445173382759094,0.05567927286028862,0.2997073531150818,-0.22926996648311615,0.06771267205476761,0.13023564219474792,1.196761965751648,-0.6430040597915649,-0.24109162390232086,0.357341468334198,0.21637572348117828,0.05299336835741997
728,24.433333089,-0.012845623306930065,1.2279613018035889,-0.5634446144104004,0.0538608618080616,0.30108675360679626,-0.22912682592868805,0.06790000200271606,0.12927654385566711,1.1974005699157715,-0.6496639251708984,-0.24055872857570648,0.3604104816913605,0.21697933971881866,0.05290000140666962,-0.012835566885769367,1.3713527917861938,-0.5463268756866455,0.035295020788908005,0.3057052493095398,-0.221048966050148,0.06749781221151352,0.12885816395282745,1.2052090167999268,-0.650631844997406,-0.24045692384243011,0.36098870635032654,0.21873170137405396,0.05255685746669769
729,24.466666422,-0.012845623306930065,1.2598484754562378,-0.5500579476356506,0.03675663471221924,0.3055722415447235,-0.22073179483413696,0.06790000200271606,0.12927654385566711,1.2077678442001343,-0.6431538462638855,-0.24055872857570648,0.3622954487800598,0.22045253217220306,0.052799999713897705,-0.016332412138581276,1.3999857902526855,-0.5522711873054504,0.022372283041477203,0.3111913502216339,-0.2199411243200302,0.06744500249624252,0.12870566546916962,1.209547996520996,-0.6562791466712952,-0.24117667973041534,0.3597281277179718,0.22047632932662964,0.05234982818365097
730,24.499999755,-0.012845623306930065,1.2598484754562378,-0.5500579476356506,0.03675663471221924,0.3055722415447235,-0.22073179483413696,0.06790000200271606,0.12927654385566711,1.2077678442001343,-0.6431538462638855,-0.24055872857570648,0.3622954487800598,0.22045253217220306,0.052799999713897705,-0.016332412138581276,1.3999857902526855,-0.5522711873054504,0.022372283041477203,0.3111913502216339,-0.2199411243200302,0.06744500249624252,0.12870566546916962,1.209547996520996,-0.6562791466712952,-0.24117667973041534,0.3597281277179718,0.22047632932662964,0.05234982818365097
731,24.533333088,-0.015550883486866951,1.3038133382797241,-0.5456597208976746,0.019861847162246704,0.31463050842285156,-0.21867230534553528,0.06759999692440033,0.12749630212783813,1.2115377187728882,-0.6482850909233093,-0.24055872857570648,0.35993924736976624,0.22045253217220306,0.05249999836087227,-0.01761232502758503,1.454798936843872,-0.5631124973297119,0.004645658191293478,0.32002514600753784,-0.213689923286438,0.06718587130308151,0.12765376269817352,1.2182109355926514,-0.6691152453422546,-0.23883022367954254,0.3626716136932373,0.21783040463924408,0.05194493755698204
732,24.566666421,-0.01776745170354843,1.3652838468551636,-0.5545260310173035,0.005777040030807257,0.31895890831947327,-0.21621139347553253,0.0674000009894371,0.12744393944740295,1.2201945781707764,-0.6645864844322205,-0.24055872857570648,0.362347811460495,0.21764256060123444,0.05220000073313713,-0.019224394112825394,1.4791268110275269,-0.5683704018592834,-0.007592457812279463,0.32474133372306824,-0.21089453995227814,0.0669008120894432,0.12843021750450134,1.222783088684082,-0.6748769283294678,-0.24047867953777313,0.36404672265052795,0.21572420001029968,0.051683053374290466
733,24.599999754,-0.01776745170354843,1.3652838468551636,-0.5545260310173035,0.005777040030807257,0.31895890831947327,-0.21621139347553253,0.0674000009894371,0.12744393944740295,1.2201945781707764,-0.6645864844322205,-0.24055872857570648,0.362347811460495,0.21764256060123444,0.05220000073313713,-0.019224394112825394,1.4791268110275269,-0.5683704018592834,-0.007592457812279463,0.32474133372306824,-0.21089453995227814,0.0669008120894432,0.12843021750450134,1.222783088684082,-0.6748769283294678,-0.24047867953777313,0.36404672265052795,0.21572420001029968,0.051683053374290466
734,24.633333087,-0.021135937422513962,1.4160031080245972,-0.5678079724311829,-0.009721484035253525,0.3269176185131073,-0.21046926081180573,0.06700000166893005,0.12744393944740295,1.2244532108306885,-0.6771354079246521,-0.24055872857570648,0.362347811460495,0.21764256060123444,0.051899999380111694,-0.020223943516612053,1.5207805633544922,-0.5794131755828857,-0.0236851554363966,0.33102890849113464,-0.2018301635980606,0.06533706933259964,0.12588509917259216,1.2281813621520996,-0.6850072741508484,-0.24256037175655365,0.3631332218647003,0.21185514330863953,0.05132737755775452
735,24.66666642,-0.019879300147294998,1.460508942604065,-0.5799554586410522,-0.022270401939749718,0.3268478214740753,-0.20237092673778534,0.065700002014637,0.12744393944740295,1.2288165092468262,-0.6851115226745605,-0.24055872857570648,0.362347811460495,0.21959732472896576,0.05139999836683273,-0.022620728239417076,1.5382026433944702,-0.5826125144958496,-0.02957753837108612,0.3334167003631592,-0.19894689321517944,0.06397932022809982,0.12657670676708221,1.2292898893356323,-0.6926769018173218,-0.24005098640918732,0.36429089307785034,0.2138465791940689,0.0512666255235672
736,24.699999753,-0.019879300147294998,1.460508942604065,-0.5799554586410522,-0.022270401939749718,0.3268478214740753,-0.20237092673778534,0.065700002014637,0.12744393944740295,1.2288165092468262,-0.6851115226745605,-0.24055872857570648,0.362347811460495,0.21959732472896576,0.05139999836683273,-0.022620728239417076,1.5382026433944702,-0.5826125144958496,-0.02957753837108612,0.3334167003631592,-0.19894689321517944,0.06397932022809982,0.12657670676708221,1.2292898893356323,-0.6926769018173218,-0.24005098640918732,0.36429089307785034,0.2138465791940689,0.0512666255235672
737,24.733333086,-0.024120450019836426,1.500669002532959,-0.5852961540222168,-0.0325503908097744,0.33365458250045776,-0.1967160552740097,0.06430000066757202,0.1256113499403,1.2292877435684204,-0.693105161190033,-0.24055872857570648,0.363517165184021,0.21104522049427032,0.05119999870657921,-0.025134574621915817,1.5564632415771484,-0.5855360627174377,-0.042398031800985336,0.33612504601478577,-0.19196641445159912,0.062670037150383,0.12415283918380737,1.2277395725250244,-0.6988118290901184,-0.23886314034461975,0.36343249678611755,0.20909632742404938,0.05094187334179878
738,24.766666419,-0.025795966386795044,1.5323816537857056,-0.5852961540222168,-0.04237659275531769,0.3356268107891083,-0.193539559841156,0.06340000033378601,0.12543681263923645,1.2292877435684204,-0.6979222893714905,-0.24055872857570648,0.3614227771759033,0.20865410566329956,0.051100000739097595,-0.02662685140967369,1.5609136819839478,-0.587272047996521,-0.04521792009472847,0.3367847800254822,-0.18906468152999878,0.06262893974781036,0.1239449605345726,1.2279149293899536,-0.7013144493103027,-0.23719359934329987,0.36147648096084595,0.20833010971546173,0.05080385133624077
739,24.799999752,-0.025795966386795044,1.5323816537857056,-0.5852961540222168,-0.04237659275531769,0.3356268107891083,-0.193539559841156,0.06340000033378601,0.12543681263923645,1.2292877435684204,-0.6979222893714905,-0.24055872857570648,0.3614227771759033,0.20865410566329956,0.051100000739097595,-0.02662685140967369,1.5609136819839478,-0.587272047996521,-0.04521792009472847,0.3367847800254822,-0.18906468152999878,0.06262893974781036,0.1239449605345726,1.2279149293899536,-0.7013144493103027,-0.23719359934329987,0.36147648096084595,0.20833010971546173,0.05080385133624077
740,24.833333085,-0.027698375284671783,1.5538142919540405,-0.5869542360305786,-0.050073496997356415,0.336900919675827,-0.18587756156921387,0.06310000270605087,0.12302825599908829,1.2274202108383179,-0.7021633982658386,-0.23844687640666962,0.3611086308956146,0.20612338185310364,0.050999999046325684,-0.029947806149721146,1.5691393613815308,-0.5850493907928467,-0.05355742946267128,0.33887848258018494,-0.18088647723197937,0.06293457746505737,0.12174584716558456,1.2244797945022583,-0.7049902677536011,-0.23858164250850677,0.3585788905620575,0.20446674525737762,0.050602469593286514
741,24.866666418,-0.02989749051630497,1.5676896572113037,-0.5850692987442017,-0.05319763720035553,0.336900919675827,-0.1809033751487732,0.06310000270605087,0.12302825599908829,1.2252734899520874,-0.7040657997131348,-0.23844687640666962,0.3611086308956146,0.20434315502643585,0.05090000107884407,-0.03152622655034065,1.5715810060501099,-0.5839365720748901,-0.05791241303086281,0.336972713470459,-0.18068520724773407,0.06326422840356827,0.12175841629505157,1.2238144874572754,-0.704963207244873,-0.23760561645030975,0.35793352127075195,0.2063295841217041,0.05056501552462578
742,24.899999751,-0.02989749051630497,1.5676896572113037,-0.5850692987442017,-0.05319763720035553,0.336900919675827,-0.1809033751487732,0.06310000270605087,0.12302825599908829,1.2252734899520874,-0.7040657997131348,-0.23844687640666962,0.3611086308956146,0.20434315502643585,0.05090000107884407,-0.03152622655034065,1.5715810060501099,-0.5839365720748901,-0.05791241303086281,0.336972713470459,-0.18068520724773407,0.06326422840356827,0.12175841629505157,1.2238144874572754,-0.704963207244873,-0.23760561645030975,0.35793352127075195,0.2063295841217041,0.05056501552462578
743,24.933333084,-0.031782444566488266,1.5729954242706299,-0.5830970406532288,-0.057822756469249725,0.3378782868385315,-0.1809033751487732,0.0632999986410141,0.12150982022285461,1.2204912900924683,-0.7040657997131348,-0.23844687640666962,0.3571641743183136,0.2053379863500595,0.05090000107884407,-0.03647921606898308,1.5767414569854736,-0.5809155106544495,-0.06488194316625595,0.33718377351760864,-0.17713713645935059,0.06394148617982864,0.12133371084928513,1.2181142568588257,-0.7058321237564087,-0.2389780879020691,0.3541407287120819,0.2090548574924469,0.05046042427420616
744,24.966666417,-0.031782444566488266,1.5729954242706299,-0.5830970406532288,-0.057822756469249725,0.3378782868385315,-0.1809033751487732,0.0632999986410141,0.12150982022285461,1.2171227931976318,-0.7040657997131348,-0.23844687640666962,0.35472071170806885,0.2053379863500595,0.05090000107884407,-0.03647921606898308,1.5767414569854736,-0.5809155106544495,-0.06488194316625595,0.33718377351760864,-0.17713713645935059,0.06394148617982864,0.12125552445650101,1.215464472770691,-0.7055912017822266,-0.24008554220199585,0.3539386987686157,0.2023964673280716,0.05037077143788338
745,24.99999975,-0.03618067502975464,1.57695734500885,-0.5810549855232239,-0.06459463387727737,0.3378782868385315,-0.176854208111763,0.06350000202655792,0.12150982022285461,1.2171227931976318,-0.7040657997131348,-0.23844687640666962,0.35472071170806885,0.2053379863500595,0.05090000107884407,-0.040532711893320084,1.5774338245391846,-0.577562689781189,-0.07052310556173325,0.339091956615448,-0.1750694364309311,0.06416163593530655,0.12125552445650101,1.215464472770691,-0.7055912017822266,-0.24008554220199585,0.3539386987686157,0.2023964673280716,0.05037077143788338
746,25.033333083,-0.043423790484666824,1.57695734500885,-0.5766218900680542,-0.07176794111728668,0.33976325392723083,-0.17214182019233704,0.06369999796152115,0.12150982022285461,1.2133005857467651,-0.705531895160675,-0.23844687640666962,0.35472071170806885,0.2053379863500595,0.050599999725818634,-0.048041246831417084,1.580853819847107,-0.5734170079231262,-0.0772104486823082,0.33870962262153625,-0.1671740710735321,0.06451142579317093,0.12124352157115936,1.2112644910812378,-0.7038993239402771,-0.23727363348007202,0.3527231216430664,0.20346279442310333,0.050309110432863235
747,25.066666416,-0.043423790484666824,1.57695734500885,-0.5766218900680542,-0.07176794111728668,0.33976325392723083,-0.17214182019233704,0.06369999796152115,0.12150982022285461,1.2105778455734253,-0.705531895160675,-0.2362128645181656,0.3531499207019806,0.20355774462223053,0.05040000006556511,-0.048041246831417084,1.580853819847107,-0.5734170079231262,-0.0772104486823082,0.33870962262153625,-0.1671740710735321,0.06451142579317093,0.12141505628824234,1.209712028503418,-0.7035887837409973,-0.23849822580814362,0.35389837622642517,0.2078869640827179,0.05014549568295479
748,25.099999749,-0.048293258994817734,1.5806748867034912,-0.5745100378990173,-0.07770206034183502,0.33775612711906433,-0.16741198301315308,0.06390000134706497,0.12150982022285461,1.2105778455734253,-0.705531895160675,-0.2362128645181656,0.3531499207019806,0.20355774462223053,0.05040000006556511,-0.05032096058130264,1.5841492414474487,-0.5742407441139221,-0.07961174845695496,0.34038081765174866,-0.16806668043136597,0.06431092321872711,0.12141505628824234,1.209712028503418,-0.7035887837409973,-0.23849822580814362,0.35389837622642517,0.2078869640827179,0.05014549568295479
749,25.133333082,-0.052063170820474625,1.5858410596847534,-0.5745100378990173,-0.08079129457473755,0.3401472270488739,-0.16741198301315308,0.06390000134706497,0.12150982022285461,1.2085531949996948,-0.7035422325134277,-0.23832471668720245,0.35356879234313965,0.20628046989440918,0.05009999871253967,-0.05858975276350975,1.5882781744003296,-0.5696595311164856,-0.08255362510681152,0.34295856952667236,-0.1675664335489273,0.06370719522237778,0.12090527266263962,1.2042512893676758,-0.7008751034736633,-0.2385108321905136,0.35429951548576355,0.20804770290851593,0.050054263323545456
750,25.166666415,-0.052063170820474625,1.5858410596847534,-0.5745100378990173,-0.08079129457473755,0.3401472270488739,-0.16741198301315308,0.06390000134706497,0.12150982022285461,1.2042946815490723,-0.702198326587677,-0.23832471668720245,0.35356879234313965,0.20748473703861237,0.05009999871253967,-0.05858975276350975,1.5882781744003296,-0.5696595311164856,-0.08255362510681152,0.34295856952667236,-0.1675664335489273,0.06370719522237778,0.12206058204174042,1.2050328254699707,-0.6983214616775513,-0.23883411288261414,0.3544052243232727,0.21106095612049103,0.050054747611284256
751,25.199999748,-0.059637900441884995,1.5880053043365479,-0.5704957842826843,-0.08272860944271088,0.34178781509399414,-0.16709782183170319,0.06360000371932983,0.12150982022285461,1.2042946815490723,-0.702198326587677,-0.23832471668720245,0.35356879234313965,0.20748473703861237,0.05009999871253967,-0.05964868143200874,1.5922080278396606,-0.5689788460731506,-0.08611439913511276,0.3445990979671478,-0.1648864448070526,0.06277784705162048,0.12206058204174042,1.2050328254699707,-0.6983214616775513,-0.23883411288261414,0.3544052243232727,0.21106095612049103,0.050054747611284256
752,25.233333081,-0.05935864895582199,1.5924558639526367,-0.5689249634742737,-0.08883725851774216,0.34437090158462524,-0.16461946070194244,0.06289999932050705,0.12150982022285461,1.2024445533752441,-0.6993010640144348,-0.23832471668720245,0.3534117341041565,0.20877628028392792,0.05009999871253967,-0.061018768697977066,1.5954831838607788,-0.566724419593811,-0.09086035192012787,0.3481653034687042,-0.1670534461736679,0.061548735946416855,0.12309345602989197,1.2050687074661255,-0.6952421069145203,-0.23944664001464844,0.35316309332847595,0.21033161878585815,0.04986530542373657
753,25.266666414,-0.05935864895582199,1.5924558639526367,-0.5689249634742737,-0.08883725851774216,0.34437090158462524,-0.16461946070194244,0.06289999932050705,0.12150982022285461,1.2042946815490723,-0.6940999627113342,-0.23832471668720245,0.35356879234313965,0.20877628028392792,0.04989999905228615,-0.061018768697977066,1.5954831838607788,-0.566724419593811,-0.09086035192012787,0.3481653034687042,-0.1670534461736679,0.061548735946416855,0.12242449074983597,1.204111933708191,-0.692366361618042,-0.23824569582939148,0.35450637340545654,0.2117977887392044,0.049678679555654526
754,25.299999747,-0.05993460491299629,1.595353126525879,-0.5689249634742737,-0.09089674800634384,0.34437090158462524,-0.16718508303165436,0.061799999326467514,0.12150982022285461,1.2042946815490723,-0.6940999627113342,-0.23832471668720245,0.35356879234313965,0.20877628028392792,0.04989999905228615,-0.06342887133359909,1.5998440980911255,-0.5659763813018799,-0.09055536985397339,0.3489411175251007,-0.16892723739147186,0.060136061161756516,0.12242449074983597,1.204111933708191,-0.692366361618042,-0.23824569582939148,0.35450637340545654,0.2117977887392044,0.049678679555654526
755,25.33333308,-0.0616450309753418,1.6012523174285889,-0.5671622157096863,-0.09089674800634384,0.3471110761165619,-0.16887806355953217,0.05950000137090683,0.12150982022285461,1.2042946815490723,-0.6927211880683899,-0.23832471668720245,0.3579495847225189,0.21245892345905304,0.049800001084804535,-0.06507685780525208,1.6052383184432983,-0.5670285224914551,-0.09601755440235138,0.3509625494480133,-0.16786202788352966,0.053746625781059265,0.12330527603626251,1.207291841506958,-0.690535306930542,-0.23622630536556244,0.35613515973091125,0.20996318757534027,0.04950524866580963
756,25.366666413,-0.0616450309753418,1.6012523174285889,-0.5671622157096863,-0.09089674800634384,0.3471110761165619,-0.16887806355953217,0.05950000137090683,0.12330751121044159,1.2066682577133179,-0.6910980343818665,-0.23612558841705322,0.35615187883377075,0.2102947235107422,0.049800001084804535,-0.06507685780525208,1.6052383184432983,-0.5670285224914551,-0.09601755440235138,0.3509625494480133,-0.16786202788352966,0.053746625781059265,0.12246570736169815,1.2079061269760132,-0.6874468922615051,-0.23649701476097107,0.3573818802833557,0.21323461830615997,0.0493755117058754
757,25.399999746,-0.06417575478553772,1.6050746440887451,-0.5671622157096863,-0.09358455240726471,0.3471110761165619,-0.16887806355953217,0.054499998688697815,0.12330751121044159,1.2066682577133179,-0.6910980343818665,-0.23612558841705322,0.35615187883377075,0.2102947235107422,0.049800001084804535,-0.06308287382125854,1.6090052127838135,-0.5683498382568359,-0.09522482752799988,0.35103949904441833,-0.16983522474765778,0.047848355025053024,0.12246570736169815,1.2079061269760132,-0.6874468922615051,-0.23649701476097107,0.3573818802833557,0.21323461830615997,0.0493755117058754
758,25.433333079,-0.06417575478553772,1.6086699962615967,-0.5690820813179016,-0.09358455240726471,0.3471110761165619,-0.1707979142665863,0.046799998730421066,0.12330751121044159,1.208221673965454,-0.6885847449302673,-0.23392647504806519,0.36081191897392273,0.2102947235107422,0.049800001084804535,-0.06094350665807724,1.6111395359039307,-0.568205714225769,-0.09768024832010269,0.3489311635494232,-0.17602162063121796,0.03465154394507408,0.12310750782489777,1.2089738845825195,-0.6891878843307495,-0.2341298907995224,0.3599344491958618,0.21318763494491577,0.049150414764881134
759,25.466666412,-0.06417575478553772,1.6086699962615967,-0.5690820813179016,-0.09358455240726471,0.3471110761165619,-0.1707979142665863,0.046799998730421066,0.12330751121044159,1.208221673965454,-0.6885847449302673,-0.23425808548927307,0.361213356256485,0.2128778100013733,0.0494999997317791,-0.06094350665807724,1.6111395359039307,-0.568205714225769,-0.09768024832010269,0.3489311635494232,-0.17602162063121796,0.03465154394507408,0.12258095294237137,1.2095766067504883,-0.6868906021118164,-0.2331661880016327,0.3622084856033325,0.2140543907880783,0.048918381333351135
760,25.499999745,-0.06007423251867294,1.6105200052261353,-0.5690820813179016,-0.0959058403968811,0.3471110761165619,-0.17634806036949158,0.03799999877810478,0.12330751121044159,1.208221673965454,-0.6885847449302673,-0.23425808548927307,0.361213356256485,0.2128778100013733,0.0494999997317791,-0.05932960286736488,1.6120799779891968,-0.5703589916229248,-0.09828156232833862,0.35034701228141785,-0.17741172015666962,0.027885278686881065,0.12258095294237137,1.2095766067504883,-0.6868906021118164,-0.2331661880016327,0.3622084856033325,0.2140543907880783,0.048918381333351135
761,25.533333078,-0.057962384074926376,1.6105200052261353,-0.5690820813179016,-0.10056587308645248,0.3471110761165619,-0.17634806036949158,0.028999999165534973,0.12330751121044159,1.208797574043274,-0.6885847449302673,-0.23179717361927032,0.36309829354286194,0.2128778100013733,0.04899999871850014,-0.055726975202560425,1.607350468635559,-0.5723548531532288,-0.10296989977359772,0.35002216696739197,-0.18192903697490692,0.01670049875974655,0.12185098975896835,1.2139675617218018,-0.6854376196861267,-0.22896941006183624,0.36716383695602417,0.21147958934307098,0.04860985651612282
762,25.566666411,-0.057962384074926376,1.6105200052261353,-0.5690820813179016,-0.10056587308645248,0.3471110761165619,-0.17634806036949158,0.028999999165534973,0.12330751121044159,1.215080738067627,-0.6862809062004089,-0.22877775132656097,0.3671823740005493,0.2128778100013733,0.048700001090765,-0.055726975202560425,1.607350468635559,-0.5723548531532288,-0.10296989977359772,0.35002216696739197,-0.18192903697490692,0.01670049875974655,0.12224180996417999,1.2152215242385864,-0.6848933100700378,-0.22782021760940552,0.36976906657218933,0.21141119301319122,0.04846639558672905
763,25.599999744,-0.05628686770796776,1.6079717874526978,-0.5690820813179016,-0.10266026854515076,0.3508809804916382,-0.18015287816524506,0.020400000736117363,0.12330751121044159,1.215080738067627,-0.6862809062004089,-0.22877775132656097,0.3671823740005493,0.2128778100013733,0.048700001090765,-0.05453699082136154,1.602400779724121,-0.5714684128761292,-0.10466201603412628,0.35119426250457764,-0.17812885344028473,0.010417516343295574,0.12224180996417999,1.2152215242385864,-0.6848933100700378,-0.22782021760940552,0.36976906657218933,0.21141119301319122,0.04846639558672905
764,25.633333077,-0.055658549070358276,1.6015490293502808,-0.5707575678825378,-0.10520844906568527,0.3534117341041565,-0.18015287816524506,0.012799999676644802,0.12330751121044159,1.2158836126327515,-0.6839072704315186,-0.22671827673912048,0.37172022461891174,0.2105216085910797,0.04859999939799309,-0.05320177972316742,1.5921533107757568,-0.5761365294456482,-0.10615017265081406,0.35066065192222595,-0.18055768311023712,0.003419263754040003,0.12377727031707764,1.2203476428985596,-0.6811758875846863,-0.22191734611988068,0.37866291403770447,0.20856519043445587,0.04820294678211212
765,25.66666641,-0.055658549070358276,1.6015490293502808,-0.5707575678825378,-0.10520844906568527,0.3534117341041565,-0.18015287816524506,0.012799999676644802,0.12330751121044159,1.2211719751358032,-0.6824761033058167,-0.21900391578674316,0.37830010056495667,0.20877628028392792,0.04859999939799309,-0.05320177972316742,1.5921533107757568,-0.5761365294456482,-0.10615017265081406,0.35066065192222595,-0.18055768311023712,0.003419263754040003,0.12388583272695541,1.2239747047424316,-0.6746730208396912,-0.216576486825943,0.38372406363487244,0.20695778727531433,0.048293981701135635
766,25.699999743,-0.05400048568844795,1.5916879177093506,-0.5729217529296875,-0.106569804251194,0.35587263107299805,-0.18015287816524506,0.006599999964237213,0.12330751121044159,1.2211719751358032,-0.6824761033058167,-0.21900391578674316,0.37830010056495667,0.20877628028392792,0.04859999939799309,-0.05144559592008591,1.580672264099121,-0.5728025436401367,-0.10745690017938614,0.3523644804954529,-0.18064355850219727,0.002802508417516947,0.12388583272695541,1.2239747047424316,-0.6746730208396912,-0.216576486825943,0.38372406363487244,0.20695778727531433,0.048293981701135635
767,25.733333076,-0.0518537312746048,1.5805702209472656,-0.5729217529296875,-0.1091703474521637,0.35383060574531555,-0.18266615271568298,0.004000000189989805,0.12330751121044159,1.2281008958816528,-0.6751806139945984,-0.21390755474567413,0.38840556144714355,0.20455259084701538,0.04859999939799309,-0.05234403908252716,1.5637937784194946,-0.5729318261146545,-0.1064237728714943,0.356553316116333,-0.17898298799991608,0.0019130115397274494,0.12306398153305054,1.2409534454345703,-0.6704878211021423,-0.20182541012763977,0.39506587386131287,0.20084594190120697,0.04819861426949501
768,25.766666409,-0.0518537312746048,1.5805702209472656,-0.5729217529296875,-0.1091703474521637,0.35383060574531555,-0.18266615271568298,0.004000000189989805,0.12330751121044159,1.2404752969741821,-0.6705729365348816,-0.20244073867797852,0.39444440603256226,0.20169024169445038,0.04859999939799309,-0.05234403908252716,1.5637937784194946,-0.5729318261146545,-0.1064237728714943,0.356553316116333,-0.17898298799991608,0.0019130115397274494,0.12546643614768982,1.2574383020401,-0.6682979464530945,-0.18980315327644348,0.4004179835319519,0.19170117378234863,0.04822021350264549
769,25.799999742,-0.0518537312746048,1.565874457359314,-0.5729217529296875,-0.10566223412752151,0.3588920533657074,-0.1828930526971817,0.00279999990016222,0.12330751121044159,1.2404752969741821,-0.6705729365348816,-0.20244073867797852,0.39444440603256226,0.20169024169445038,0.04859999939799309,-0.0513971783220768,1.5524868965148926,-0.5726647973060608,-0.10259092599153519,0.3564106822013855,-0.17669634521007538,0.0017640888690948486,0.12546643614768982,1.2574383020401,-0.6682979464530945,-0.18980315327644348,0.4004179835319519,0.19170117378234863,0.04822021350264549
770,25.833333075,-0.04951499029994011,1.5482466220855713,-0.5729217529296875,-0.1037074625492096,0.3588920533657074,-0.1785995364189148,0.0024999999441206455,0.12534955143928528,1.2585394382476807,-0.6663318276405334,-0.18758799135684967,0.4030139744281769,0.1909390240907669,0.04859999939799309,-0.04961555078625679,1.531984567642212,-0.5729512572288513,-0.10276330262422562,0.3610685467720032,-0.17700284719467163,0.001744503271766007,0.12998086214065552,1.296156883239746,-0.6619613170623779,-0.16257596015930176,0.41136434674263,0.17882926762104034,0.04880350083112717
771,25.866666408,-0.04951499029994011,1.5482466220855713,-0.5729217529296875,-0.1037074625492096,0.3588920533657074,-0.1785995364189148,0.0024999999441206455,0.1299048513174057,1.2814207077026367,-0.6628236770629883,-0.16917476058006287,0.41350340843200684,0.18076375126838684,0.04859999939799309,-0.04961555078625679,1.531984567642212,-0.5729512572288513,-0.10276330262422562,0.3610685467720032,-0.17700284719467163,0.001744503271766007,0.1340397298336029,1.3188177347183228,-0.6587646007537842,-0.1492346227169037,0.418144166469574,0.17513252794742584,0.0498029924929142
772,25.899999741,-0.04951499029994011,1.5324689149856567,-0.5729217529296875,-0.1037074625492096,0.36103880405426025,-0.1785995364189148,0.002199999988079071,0.1299048513174057,1.2814207077026367,-0.6628236770629883,-0.16917476058006287,0.41350340843200684,0.18076375126838684,0.04859999939799309,-0.05051088333129883,1.5209434032440186,-0.5737131834030151,-0.10235553234815598,0.3621932566165924,-0.17751353979110718,0.0017307973466813564,0.1340397298336029,1.3188177347183228,-0.6587646007537842,-0.1492346227169037,0.418144166469574,0.17513252794742584,0.0498029924929142
773,25.933333074,-0.04951499029994011,1.517790675163269,-0.5729217529296875,-0.10236356407403946,0.3645643889904022,-0.1785995364189148,0.002199999988079071,0.13692107796669006,1.3144423961639404,-0.657884418964386,-0.14851006865501404,0.4198738634586334,0.17067575454711914,0.0494999997317791,-0.05172555893659592,1.5029206275939941,-0.5733060240745544,-0.10345412790775299,0.3646142780780792,-0.17824780941009521,0.001625981298275292,0.14519526064395905,1.3676172494888306,-0.657149076461792,-0.12109638005495071,0.4300496280193329,0.16335737705230713,0.0512821301817894
774,25.966666407,-0.04951499029994011,1.517790675163269,-0.5729217529296875,-0.10236356407403946,0.3645643889904022,-0.1785995364189148,0.002199999988079071,0.14728833734989166,1.3446191549301147,-0.657884418964386,-0.12913690507411957,0.42811182141304016,0.1639213263988495,0.05040000006556511,-0.05172555893659592,1.5029206275939941,-0.5733060240745544,-0.10345412790775299,0.3646142780780792,-0.17824780941009521,0.001625981298275292,0.14987018704414368,1.3943651914596558,-0.654844343662262,-0.10675276070833206,0.4342164397239685,0.1590486764907837,0.05178143084049225
775,25.99999974,-0.05152212083339691,1.5042120218276978,-0.5729217529296875,-0.10236356407403946,0.3667111396789551,-0.1785995364189148,0.002199999988079071,0.14728833734989166,1.3446191549301147,-0.657884418964386,-0.12913690507411957,0.42811182141304016,0.1639213263988495,0.05040000006556511,-0.0521092526614666,1.4956259727478027,-0.572352945804596,-0.0989837795495987,0.36547964811325073,-0.17572073638439178,0.0015828157775104046,0.14987018704414368,1.3943651914596558,-0.654844343662262,-0.10675276070833206,0.4342164397239685,0.1590486764907837,0.05178143084049225
776,26.033333073,-0.053930673748254776,1.4951362609863281,-0.5729217529296875,-0.09951867163181305,0.3667111396789551,-0.1762607991695404,0.002199999988079071,0.1544092744588852,1.3803459405899048,-0.6541842818260193,-0.10833258926868439,0.43425536155700684,0.1563989520072937,0.05119999870657921,-0.054348863661289215,1.4905850887298584,-0.5736908912658691,-0.09870969504117966,0.3672371506690979,-0.17446385324001312,0.00165110407397151,0.16387604176998138,1.4351781606674194,-0.6548170447349548,-0.079036183655262,0.44839856028556824,0.14784923195838928,0.05240027979016304
777,26.066666406,-0.053930673748254776,1.4951362609863281,-0.5729217529296875,-0.09951867163181305,0.3667111396789551,-0.1762607991695404,0.002199999988079071,0.16336281597614288,1.4121633768081665,-0.6541842818260193,-0.08539895713329315,0.4489859640598297,0.14826571941375732,0.05169999971985817,-0.054348863661289215,1.4905850887298584,-0.5736908912658691,-0.09870969504117966,0.3672371506690979,-0.17446385324001312,0.00165110407397151,0.1687314808368683,1.4557225704193115,-0.6515759229660034,-0.06603379547595978,0.4543183147907257,0.14184987545013428,0.05303056910634041
778,26.099999739,-0.05400048568844795,1.4900922775268555,-0.5729217529296875,-0.09951867163181305,0.36884042620658875,-0.1762607991695404,0.002199999988079071,0.16336281597614288,1.4121633768081665,-0.6541842818260193,-0.08539895713329315,0.4489859640598297,0.14826571941375732,0.05169999971985817,-0.055950988084077835,1.4900377988815308,-0.5716901421546936,-0.10266994684934616,0.3692440092563629,-0.17599914968013763,0.0016233858186751604,0.1687314808368683,1.4557225704193115,-0.6515759229660034,-0.06603379547595978,0.4543183147907257,0.14184987545013428,0.05303056910634041
779,26.133333072,-0.057735491544008255,1.4900922775268555,-0.5729217529296875,-0.10175269842147827,0.36884042620658875,-0.17805849015712738,0.002199999988079071,0.17304939031600952,1.4426368474960327,-0.6525437235832214,-0.06550220400094986,0.45556584000587463,0.14248867332935333,0.05260000005364418,-0.05754294991493225,1.4893512725830078,-0.5719874501228333,-0.10195957124233246,0.3713913857936859,-0.17482173442840576,0.001584799261763692,0.18347375094890594,1.4954055547714233,-0.6502095460891724,-0.04936149716377258,0.4630981385707855,0.1395508199930191,0.05424769967794418
780,26.166666405,-0.057735491544008255,1.4900922775268555,-0.5729217529296875,-0.10175269842147827,0.36884042620658875,-0.17805849015712738,0.002199999988079071,0.1825963407754898,1.473232388496399,-0.6518805027008057,-0.051714107394218445,0.46383869647979736,0.13987068831920624,0.05350000038743019,-0.05754294991493225,1.4893512725830078,-0.5719874501228333,-0.10195957124233246,0.3713913857936859,-0.17482173442840576,0.001584799261763692,0.19104503095149994,1.5130623579025269,-0.652610182762146,-0.04378746077418327,0.46723178029060364,0.13976088166236877,0.05483958497643471
781,26.199999738,-0.057735491544008255,1.4900922775268555,-0.5729217529296875,-0.10175269842147827,0.372226357460022,-0.1750914305448532,0.002199999988079071,0.1825963407754898,1.473232388496399,-0.6518805027008057,-0.051714107394218445,0.46383869647979736,0.13987068831920624,0.05350000038743019,-0.05901636555790901,1.4896618127822876,-0.5723122358322144,-0.10207390040159225,0.37048065662384033,-0.1755143404006958,0.0016395882703363895,0.19104503095149994,1.5130623579025269,-0.652610182762146,-0.04378746077418327,0.46723178029060364,0.13976088166236877,0.05483958497643471
782,26.233333071,-0.05996951460838318,1.4900922775268555,-0.5709320902824402,-0.10175269842147827,0.37027159333229065,-0.17554521560668945,0.002199999988079071,0.1941329687833786,1.5021699666976929,-0.6518805027008057,-0.039392080157995224,0.4686208963394165,0.13987068831920624,0.05420000106096268,-0.060351792722940445,1.494009256362915,-0.5687997937202454,-0.10433884710073471,0.3705901801586151,-0.17585013806819916,0.001556570641696453,0.2006508857011795,1.5469536781311035,-0.6540964841842651,-0.030514080077409744,0.469749391078949,0.1437225043773651,0.05530468747019768
783,26.266666404,-0.05996951460838318,1.4900922775268555,-0.5709320902824402,-0.10175269842147827,0.37027159333229065,-0.17554521560668945,0.002199999988079071,0.20174260437488556,1.5283150672912598,-0.6537305116653442,-0.031817350536584854,0.46671849489212036,0.14378021657466888,0.054499998688697815,-0.060351792722940445,1.494009256362915,-0.5687997937202454,-0.10433884710073471,0.3705901801586151,-0.17585013806819916,0.001556570641696453,0.20551776885986328,1.5619235038757324,-0.6539885997772217,-0.02755402773618698,0.46896234154701233,0.14730802178382874,0.055416036397218704
784,26.299999737,-0.05996951460838318,1.4944032430648804,-0.5694660544395447,-0.1034107580780983,0.3723659813404083,-0.17554521560668945,0.002199999988079071,0.20174260437488556,1.5283150672912598,-0.6537305116653442,-0.031817350536584854,0.46671849489212036,0.14378021657466888,0.054499998688697815,-0.061681389808654785,1.4964414834976196,-0.5696048140525818,-0.10268863290548325,0.3710734248161316,-0.17330969870090485,0.0015915791736915708,0.20551776885986328,1.5619235038757324,-0.6539885997772217,-0.02755402773618698,0.46896234154701233,0.14730802178382874,0.055416036397218704
785,26.33333307,-0.05996951460838318,1.496131181716919,-0.5694660544395447,-0.1034107580780983,0.3723485469818115,-0.17261306941509247,0.002199999988079071,0.209125354886055,1.5582648515701294,-0.6537305116653442,-0.02555162087082863,0.4686383605003357,0.14672982692718506,0.05480000004172325,-0.05987148359417915,1.4984315633773804,-0.5685252547264099,-0.10371339321136475,0.3718283176422119,-0.17635150253772736,0.0015540373278781772,0.2128792256116867,1.5883336067199707,-0.6548153162002563,-0.017131535336375237,0.46783944964408875,0.15241660177707672,0.05549030750989914
786,26.366666403,-0.05996951460838318,1.496131181716919,-0.5694660544395447,-0.1034107580780983,0.3723485469818115,-0.17261306941509247,0.002199999988079071,0.21348866820335388,1.5795578956604004,-0.6537305116653442,-0.016947146505117416,0.4685859978199005,0.15222761034965515,0.05490000173449516,-0.05987148359417915,1.4984315633773804,-0.5685252547264099,-0.10371339321136475,0.3718283176422119,-0.17635150253772736,0.0015540373278781772,0.21381136775016785,1.5989842414855957,-0.6548677682876587,-0.014131954871118069,0.46652716398239136,0.15397168695926666,0.05541560426354408
787,26.399999736,-0.05996951460838318,1.4991331100463867,-0.5694660544395447,-0.1034107580780983,0.3704461455345154,-0.1751263439655304,0.002199999988079071,0.21348866820335388,1.5795578956604004,-0.6537305116653442,-0.016947146505117416,0.4685859978199005,0.15222761034965515,0.05490000173449516,-0.06227409094572067,1.5007373094558716,-0.569111704826355,-0.10403361916542053,0.37053486704826355,-0.17228594422340393,0.0015991476830095053,0.21381136775016785,1.5989842414855957,-0.6548677682876587,-0.014131954871118069,0.46652716398239136,0.15397168695926666,0.05541560426354408
788,26.433333069,-0.061505403369665146,1.5008784532546997,-0.5694660544395447,-0.10402162373065948,0.3704461455345154,-0.1751263439655304,0.002099999925121665,0.213157057762146,1.5979536771774292,-0.6552664041519165,-0.00970403105020523,0.4663345217704773,0.15791739523410797,0.05490000173449516,-0.06135186925530434,1.5038785934448242,-0.5687175989151001,-0.10460559278726578,0.3696820139884949,-0.1794356107711792,0.0016420513857156038,0.2155802845954895,1.615590214729309,-0.6547208428382874,-0.005041399504989386,0.4608162045478821,0.1590748280286789,0.05525275692343712
789,26.466666402,-0.061505403369665146,1.5008784532546997,-0.5694660544395447,-0.10402162373065948,0.3704461455345154,-0.1751263439655304,0.002099999925121665,0.213157057762146,1.5979536771774292,-0.6552664041519165,-0.00970403105020523,0.4663345217704773,0.15791739523410797,0.05490000173449516,-0.06135186925530434,1.5038785934448242,-0.5687175989151001,-0.10460559278726578,0.3696820139884949,-0.1794356107711792,0.0016420513857156038,0.2155802845954895,1.615590214729309,-0.6547208428382874,-0.005041399504989386,0.4608162045478821,0.1590748280286789,0.05525275692343712
790,26.499999735,-0.061505403369665146,1.5025365352630615,-0.5672669410705566,-0.10578440874814987,0.372191458940506,-0.1791754961013794,0.002099999925121665,0.21530382335186005,1.6129111051559448,-0.6552664041519165,0.0,0.4602433145046234,0.1578126698732376,0.05490000173449516,-0.05959101766347885,1.503127932548523,-0.5672727823257446,-0.10371796786785126,0.369518905878067,-0.1814258098602295,0.0016363018658012152,0.2172437459230423,1.6197230815887451,-0.6534587740898132,-0.0007361022871918976,0.4592447578907013,0.1618352234363556,0.055156223475933075
791,26.533333068,-0.061505403369665146,1.5025365352630615,-0.5672669410705566,-0.10578440874814987,0.3687531650066376,-0.17938494682312012,0.002099999925121665,0.21759019792079926,1.6230515241622925,-0.6552664041519165,0.0,0.4587423503398895,0.16280430555343628,0.05490000173449516,-0.06059536337852478,1.5024813413619995,-0.5712752938270569,-0.10426520556211472,0.36739835143089294,-0.1777665615081787,0.0016130366129800677,0.21794083714485168,1.6297669410705566,-0.6563846468925476,0.0050224075093865395,0.4559667110443115,0.16587591171264648,0.05494103580713272
792,26.566666401,-0.061505403369665146,1.5025365352630615,-0.5672669410705566,-0.10578440874814987,0.3687531650066376,-0.17938494682312012,0.002099999925121665,0.21759019792079926,1.6230515241622925,-0.6552664041519165,0.0,0.4587423503398895,0.16280430555343628,0.05490000173449516,-0.06059536337852478,1.5024813413619995,-0.5712752938270569,-0.10426520556211472,0.36739835143089294,-0.1777665615081787,0.0016130366129800677,0.21794083714485168,1.6297669410705566,-0.6563846468925476,0.0050224075093865395,0.4559667110443115,0.16587591171264648,0.05494103580713272
793,26.599999734,-0.061505403369665146,1.5025365352630615,-0.5697278380393982,-0.10578440874814987,0.36480870842933655,-0.17938494682312012,0.002099999925121665,0.21759019792079926,1.630818247795105,-0.6552664041519165,0.005462880712002516,0.45460590720176697,0.16411331295967102,0.05490000173449516,-0.05878575146198273,1.5037702322006226,-0.5703125,-0.10590498894453049,0.3680998384952545,-0.17859888076782227,0.0017036740900948644,0.22037281095981598,1.6329007148742676,-0.6560355424880981,0.009225538931787014,0.4555758535861969,0.16538900136947632,0.05490688979625702
794,26.633333067,-0.05930628627538681,1.5025365352630615,-0.5697278380393982,-0.10578440874814987,0.3665889501571655,-0.17938494682312012,0.002099999925121665,0.2217615395784378,1.6356178522109985,-0.6559121608734131,0.01151917316019535,0.45460590720176697,0.16411331295967102,0.05490000173449516,-0.0591721273958683,1.5036450624465942,-0.5695955753326416,-0.10334919393062592,0.3655474781990051,-0.1811152845621109,0.0016989503055810928,0.2239363044500351,1.6407328844070435,-0.6600790023803711,0.01718202978372574,0.4559083878993988,0.16213825345039368,0.05474551394581795
795,26.6666664,-0.05930628627538681,1.5025365352630615,-0.5697278380393982,-0.10578440874814987,0.3665889501571655,-0.17938494682312012,0.002099999925121665,0.2217615395784378,1.6356178522109985,-0.6559121608734131,0.01151917316019535,0.45460590720176697,0.16411331295967102,0.05490000173449516,-0.0591721273958683,1.5036450624465942,-0.5695955753326416,-0.10334919393062592,0.3655474781990051,-0.1811152845621109,0.0016989503055810928,0.2239363044500351,1.6407328844070435,-0.6600790023803711,0.01718202978372574,0.4559083878993988,0.16213825345039368,0.05474551394581795
796,26.699999733,-0.05930628627538681,1.5025365352630615,-0.5697278380393982,-0.10365510731935501,0.3665889501571655,-0.17938494682312012,0.002099999925121665,0.22387337684631348,1.6399986743927002,-0.6596820950508118,0.016982054337859154,0.45460590720176697,0.16203637421131134,0.05490000173449516,-0.057841286063194275,1.5030837059020996,-0.5706822276115417,-0.1039300337433815,0.3666859269142151,-0.18135495483875275,0.0017300699837505817,0.2251414954662323,1.6438149213790894,-0.658822238445282,0.01669982075691223,0.4558824300765991,0.16638940572738647,0.05455539748072624
797,26.733333066,-0.05930628627538681,1.5025365352630615,-0.5697278380393982,-0.10365510731935501,0.36306339502334595,-0.17938494682312012,0.002099999925121665,0.22614231705665588,1.6446237564086914,-0.6596820950508118,0.016982054337859154,0.45460590720176697,0.16468927264213562,0.054499998688697815,-0.05825324356555939,1.5039843320846558,-0.5685335993766785,-0.10202261060476303,0.3643360733985901,-0.17897629737854004,0.0017573904478922486,0.2289266735315323,1.6516094207763672,-0.6656150817871094,0.02129644900560379,0.45878928899765015,0.16533972322940826,0.05307658761739731
798,26.766666399,-0.05930628627538681,1.5025365352630615,-0.5697278380393982,-0.10365510731935501,0.36306339502334595,-0.17938494682312012,0.002099999925121665,0.22614231705665588,1.6446237564086914,-0.6596820950508118,0.016982054337859154,0.45460590720176697,0.16468927264213562,0.054499998688697815,-0.05825324356555939,1.5039843320846558,-0.5685335993766785,-0.10202261060476303,0.3643360733985901,-0.17897629737854004,0.0017573904478922486,0.2289266735315323,1.6516094207763672,-0.6656150817871094,0.02129644900560379,0.45878928899765015,0.16533972322940826,0.05307658761739731
799,26.799999732,-0.05930628627538681,1.5025365352630615,-0.5697278380393982,-0.10217157751321793,0.3645992875099182,-0.17938494682312012,0.002099999925121665,0.2280970811843872,1.6491615772247314,-0.666663408279419,0.019460421055555344,0.4599989652633667,0.16468927264213562,0.05339999869465828,-0.057458557188510895,1.5049690008163452,-0.5703474283218384,-0.10252492874860764,0.36233341693878174,-0.18082217872142792,0.0018181736813858151,0.23044812679290771,1.6546266078948975,-0.6693600416183472,0.023899579420685768,0.46102413535118103,0.16378849744796753,0.051761310547590256
800,26.833333065,-0.05742133408784866,1.5044564008712769,-0.5697278380393982,-0.10421361029148102,0.3645643889904022,-0.17938494682312012,0.002099999925121665,0.23027874529361725,1.6558985710144043,-0.6710093021392822,0.021380282938480377,0.4599989652633667,0.16468927264213562,0.05180000141263008,-0.057534098625183105,1.50232994556427,-0.5714255571365356,-0.10523636639118195,0.36278340220451355,-0.1800920069217682,0.0019204698037356138,0.23275092244148254,1.6646859645843506,-0.6752446889877319,0.02856866456568241,0.4665810763835907,0.161108136177063,0.04714184254407883
801,26.866666398,-0.05742133408784866,1.5044564008712769,-0.5697278380393982,-0.10421361029148102,0.3645643889904022,-0.17938494682312012,0.002099999925121665,0.23027874529361725,1.6558985710144043,-0.6710093021392822,0.021380282938480377,0.4599989652633667,0.16468927264213562,0.05180000141263008,-0.057534098625183105,1.50232994556427,-0.5714255571365356,-0.10523636639118195,0.36278340220451355,-0.1800920069217682,0.0019204698037356138,0.23275092244148254,1.6646859645843506,-0.6752446889877319,0.02856866456568241,0.4665810763835907,0.161108136177063,0.04714184254407883
802,26.899999731,-0.05742133408784866,1.5024317502975464,-0.5697278380393982,-0.10430087894201279,0.36329028010368347,-0.17938494682312012,0.002099999925121665,0.23237313330173492,1.6620770692825317,-0.6755820512771606,0.02370157092809677,0.4663868844509125,0.16191419959068298,0.04859999939799309,-0.05677872523665428,1.5012803077697754,-0.5697113275527954,-0.10601697862148285,0.36223822832107544,-0.18131278455257416,0.0018190550617873669,0.23471079766750336,1.6659382581710815,-0.6784220337867737,0.0273948572576046,0.46894198656082153,0.16002200543880463,0.04317745938897133
803,26.933333064,-0.05742133408784866,1.5007039308547974,-0.5697278380393982,-0.10430087894201279,0.36072465777397156,-0.17938494682312012,0.002099999925121665,0.23403120040893555,1.6669988632202148,-0.680905282497406,0.026302112266421318,0.4663170576095581,0.16034339368343353,0.04259999841451645,-0.058277301490306854,1.5007888078689575,-0.5696387887001038,-0.10643579065799713,0.36269035935401917,-0.17929919064044952,0.0017837050836533308,0.2355687916278839,1.6714783906936646,-0.6835032105445862,0.0322590172290802,0.47161081433296204,0.16076885163784027,0.031030291691422462
804,26.966666397,-0.05742133408784866,1.5007039308547974,-0.5697278380393982,-0.10430087894201279,0.36072465777397156,-0.17938494682312012,0.002099999925121665,0.23403120040893555,1.6669988632202148,-0.680905282497406,0.026302112266421318,0.4663170576095581,0.16034339368343353,0.04259999841451645,-0.058277301490306854,1.5007888078689575,-0.5696387887001038,-0.10643579065799713,0.36269035935401917,-0.17929919064044952,0.0017837050836533308,0.2355687916278839,1.6714783906936646,-0.6835032105445862,0.0322590172290802,0.47161081433296204,0.16076885163784027,0.031030291691422462
805,26.99999973,-0.05742133408784866,1.5007039308547974,-0.5697278380393982,-0.10643018037080765,0.3643025755882263,-0.17938494682312012,0.002099999925121665,0.23403120040893555,1.6716065406799316,-0.6835407614707947,0.03162536770105362,0.46841147541999817,0.16034339368343353,0.03440000116825104,-0.05719258263707161,1.5008468627929688,-0.5703313946723938,-0.10917072743177414,0.36056917905807495,-0.17945101857185364,0.0017936176154762506,0.23677502572536469,1.673046588897705,-0.6839745044708252,0.030011966824531555,0.47179317474365234,0.1610647588968277,0.021803386509418488
806,27.033333063,-0.05742133408784866,1.5007039308547974,-0.5697278380393982,-0.10939723998308182,0.36039304733276367,-0.17938494682312012,0.002099999925121665,0.23638738691806793,1.67300283908844,-0.6860016584396362,0.029967302456498146,0.47048839926719666,0.16034339368343353,0.023900000378489494,-0.05887908488512039,1.4997940063476562,-0.5694593191146851,-0.1093287467956543,0.3604983389377594,-0.17790934443473816,0.0017994221998378634,0.2330179363489151,1.6771248579025269,-0.6911309361457825,0.0383794903755188,0.47673845291137695,0.15799616277217865,0.007821230217814445
807,27.066666396,-0.05742133408784866,1.5007039308547974,-0.5697278380393982,-0.10939723998308182,0.36039304733276367,-0.17938494682312012,0.002099999925121665,0.23638738691806793,1.67300283908844,-0.6860016584396362,0.029967302456498146,0.47048839926719666,0.16034339368343353,0.023900000378489494,-0.05887908488512039,1.4997940063476562,-0.5694593191146851,-0.1093287467956543,0.3604983389377594,-0.17790934443473816,0.0017994221998378634,0.2330179363489151,1.6771248579025269,-0.6911309361457825,0.0383794903755188,0.47673845291137695,0.15799616277217865,0.007821230217814445
808,27.099999729,-0.059288833290338516,1.5007039308547974,-0.5697278380393982,-0.10939723998308182,0.36039304733276367,-0.18093828856945038,0.002099999925121665,0.23457224667072296,1.6775929927825928,-0.6912027597427368,0.03968878835439682,0.4746772050857544,0.1578475832939148,0.013799999840557575,-0.059641994535923004,1.4962464570999146,-0.5693319439888,-0.10784285515546799,0.3621312081813812,-0.17841120064258575,0.0017347950488328934,0.23411236703395844,1.6775684356689453,-0.6905540227890015,0.036606259644031525,0.476850301027298,0.153873011469841,0.004027474205940962
809,27.133333062,-0.059288833290338516,1.4936528205871582,-0.5697278380393982,-0.10939723998308182,0.36021849513053894,-0.1788438856601715,0.002099999925121665,0.23457224667072296,1.6767377853393555,-0.6912027597427368,0.04195771366357803,0.4746772050857544,0.15519466996192932,0.007000000216066837,-0.060104500502347946,1.4845260381698608,-0.5664582252502441,-0.10888489335775375,0.3594396412372589,-0.17915917932987213,0.0017597420373931527,0.23151180148124695,1.6739381551742554,-0.6959226131439209,0.03493766859173775,0.48295530676841736,0.15147198736667633,0.0007906070095486939
810,27.166666395,-0.059288833290338516,1.4936528205871582,-0.5697278380393982,-0.10939723998308182,0.36021849513053894,-0.1788438856601715,0.002099999925121665,0.23457224667072296,1.6767377853393555,-0.6912027597427368,0.04195771366357803,0.4746772050857544,0.15519466996192932,0.007000000216066837,-0.060104500502347946,1.4845260381698608,-0.5664582252502441,-0.10888489335775375,0.3594396412372589,-0.17915917932987213,0.0017597420373931527,0.23151180148124695,1.6739381551742554,-0.6959226131439209,0.03493766859173775,0.48295530676841736,0.15147198736667633,0.0007906070095486939
811,27.199999728,-0.059288833290338516,1.4826571941375732,-0.567965030670166,-0.10939723998308182,0.3577052354812622,-0.1788438856601715,0.002099999925121665,0.2324254959821701,1.6746084690093994,-0.6961245536804199,0.037978366017341614,0.48174577951431274,0.15344934165477753,0.0032999999821186066,-0.060111358761787415,1.4701467752456665,-0.5651507377624512,-0.10656066238880157,0.3575708866119385,-0.17681695520877838,0.0017330320551991463,0.23033149540424347,1.670261263847351,-0.7001868486404419,0.031409937888383865,0.4863507151603699,0.14975616335868835,0.0003550938854459673
812,27.233333061,-0.059288833290338516,1.4644534587860107,-0.5660800933837891,-0.10580185800790787,0.3577052354812622,-0.1760164499282837,0.002099999925121665,0.23027874529361725,1.670053243637085,-0.7033851146697998,0.03232349827885628,0.49323004484176636,0.14936527609825134,0.002199999988079071,-0.06163432449102402,1.435540795326233,-0.5631007552146912,-0.10661660134792328,0.35160666704177856,-0.17651869356632233,0.0017716698348522186,0.2247859686613083,1.6507387161254883,-0.7172753214836121,0.02367839403450489,0.49382296204566956,0.14258351922035217,0.00015229660493787378
813,27.266666394,-0.059288833290338516,1.4644534587860107,-0.5660800933837891,-0.10580185800790787,0.3577052354812622,-0.1760164499282837,0.002099999925121665,0.23027874529361725,1.670053243637085,-0.7033851146697998,0.03232349827885628,0.49323004484176636,0.14936527609825134,0.002199999988079071,-0.06163432449102402,1.435540795326233,-0.5631007552146912,-0.10661660134792328,0.35160666704177856,-0.17651869356632233,0.0017716698348522186,0.2247859686613083,1.6507387161254883,-0.7172753214836121,0.02367839403450489,0.49382296204566956,0.14258351922035217,0.00015229660493787378
814,27.299999727,-0.06122615188360214,1.442793846130371,-0.563880980014801,-0.10580185800790787,0.35234707593917847,-0.1760164499282837,0.002099999925121665,0.22628194093704224,1.655863642692566,-0.7122164964675903,0.025499260053038597,0.5016425251960754,0.14330898225307465,0.0019000000320374966,-0.05965534225106239,1.4165806770324707,-0.5644208192825317,-0.10436481237411499,0.3483656346797943,-0.1775176078081131,0.0017973544308915734,0.21819309890270233,1.6352782249450684,-0.7279971241950989,0.013629629276692867,0.49947577714920044,0.14485014975070953,0.00013942028454039246
815,27.33333306,-0.06122615188360214,1.4178705215454102,-0.5658531785011292,-0.1036900132894516,0.346709668636322,-0.17783159017562866,0.002099999925121665,0.2154259830713272,1.6365952491760254,-0.729914128780365,0.013299409300088882,0.501694917678833,0.14330898225307465,0.0017999999690800905,-0.06030227616429329,1.379788875579834,-0.5734813213348389,-0.10271148383617401,0.33828240633010864,-0.17926174402236938,0.0017951284535229206,0.20188136398792267,1.605348825454712,-0.7640288472175598,0.0008212188258767128,0.5107145309448242,0.13925041258335114,0.00016180372040253133
816,27.366666393,-0.06122615188360214,1.4178705215454102,-0.5658531785011292,-0.1036900132894516,0.346709668636322,-0.17783159017562866,0.002099999925121665,0.2154259830713272,1.6365952491760254,-0.729914128780365,0.013299409300088882,0.501694917678833,0.14330898225307465,0.0017999999690800905,-0.06030227616429329,1.379788875579834,-0.5734813213348389,-0.10271148383617401,0.33828240633010864,-0.17926174402236938,0.0017951284535229206,0.20188136398792267,1.605348825454712,-0.7640288472175598,0.0008212188258767128,0.5107145309448242,0.13925041258335114,0.00016180372040253133
817,27.399999726,-0.06122615188360214,1.393017053604126,-0.5732184648513794,-0.1036900132894516,0.3373023271560669,-0.17783159017562866,0.002099999925121665,0.2050587385892868,1.6172046661376953,-0.7496188879013062,0.0,0.5147324800491333,0.14049901068210602,0.0017999999690800905,-0.05876133218407631,1.3681848049163818,-0.5815118551254272,-0.10336282104253769,0.33239302039146423,-0.1792229413986206,0.0017296132864430547,0.19169734418392181,1.595792531967163,-0.7811541557312012,-0.005777423735707998,0.51656574010849,0.13714055716991425,0.00018503476167097688
818,27.433333059,-0.059114303439855576,1.3708164691925049,-0.5860117673873901,-0.10152580589056015,0.3298148810863495,-0.17783159017562866,0.002099999925121665,0.18744836747646332,1.5959465503692627,-0.7743327617645264,0.0,0.5222374200820923,0.13646729290485382,0.0017999999690800905,-0.05575571954250336,1.3545407056808472,-0.6057677865028381,-0.09900633990764618,0.3188740313053131,-0.18065959215164185,0.0017607099143788218,0.1644565612077713,1.583330512046814,-0.825035572052002,-0.008974481374025345,0.5254213213920593,0.12968066334724426,2.009266972891055e-05
819,27.466666392,-0.059114303439855576,1.3708164691925049,-0.5860117673873901,-0.10152580589056015,0.3298148810863495,-0.17783159017562866,0.002099999925121665,0.18744836747646332,1.5959465503692627,-0.7743327617645264,0.0,0.5222374200820923,0.13646729290485382,0.0017999999690800905,-0.05575571954250336,1.3545407056808472,-0.6057677865028381,-0.09900633990764618,0.3188740313053131,-0.18065959215164185,0.0017607099143788218,0.1644565612077713,1.583330512046814,-0.825035572052002,-0.008974481374025345,0.5254213213920593,0.12968066334724426,2.009266972891055e-05
820,27.499999725,-0.055030230432748795,1.3572901487350464,-0.602121114730835,-0.09974556416273117,0.3188891112804413,-0.18024015426635742,0.002099999925121665,0.16999506950378418,1.583694338798523,-0.8054694533348083,-0.008011061698198318,0.5270370841026306,0.13353514671325684,0.0017000000225380063,-0.053518760949373245,1.3560205698013306,-0.6226837038993835,-0.09640099853277206,0.31190726161003113,-0.1799965351819992,0.0017839110223576427,0.1532897651195526,1.5822553634643555,-0.8468080759048462,-0.009208905510604382,0.5288276076316833,0.12116356194019318,0.0
821,27.533333058,-0.05314527451992035,1.3555623292922974,-0.6214942932128906,-0.09695304185152054,0.3096214234828949,-0.18024015426635742,0.002099999925121665,0.15222761034965515,1.583258032798767,-0.8339008688926697,-0.008011061698198318,0.5319240093231201,0.11976449191570282,0.0015999999595806003,-0.05083293095231056,1.3697518110275269,-0.6592898964881897,-0.09849516302347183,0.29762187600135803,-0.1822262704372406,0.0017759737093001604,0.12635168433189392,1.5896793603897095,-0.893377423286438,-0.008322149515151978,0.5327503085136414,0.11032618582248688,0.0
822,27.566666391,-0.05314527451992035,1.3555623292922974,-0.6214942932128906,-0.09695304185152054,0.3096214234828949,-0.18024015426635742,0.002099999925121665,0.15222761034965515,1.583258032798767,-0.8339008688926697,-0.008011061698198318,0.5319240093231201,0.11976449191570282,0.0015999999595806003,-0.05083293095231056,1.3697518110275269,-0.6592898964881897,-0.09849516302347183,0.29762187600135803,-0.1822262704372406,0.0017759737093001604,0.12635168433189392,1.5896793603897095,-0.893377423286438,-0.008322149515151978,0.5327503085136414,0.11032618582248688,0.0
823,27.599999724,-0.05075417459011078,1.367570161819458,-0.6484770774841309,-0.09695304185152054,0.29963812232017517,-0.18198548257350922,0.002099999925121665,0.13428562879562378,1.5886684656143188,-0.8647233843803406,-0.008011061698198318,0.5370901823043823,0.11213740706443787,0.001500000013038516,-0.04998014494776726,1.3808917999267578,-0.6819950938224792,-0.09387703984975815,0.29068607091903687,-0.18211960792541504,0.0017595437821000814,0.11802046000957489,1.5995714664459229,-0.9171438813209534,-0.00800176803022623,0.5347720980644226,0.10644204169511795,0.0
824,27.633333057,-0.048345621675252914,1.3868560791015625,-0.6748839020729065,-0.09424778074026108,0.28993409872055054,-0.18198548257350922,0.002099999925121665,0.1175304725766182,1.601863145828247,-0.8972912430763245,-0.008011061698198318,0.5370901823043823,0.10725048184394836,0.001500000013038516,-0.04598494991660118,1.4118590354919434,-0.7246640920639038,-0.09397614002227783,0.27723467350006104,-0.1826828271150589,0.0017812332371249795,0.10373028367757797,1.622804045677185,-0.9664429426193237,-0.007450558245182037,0.5394250154495239,0.0995102971792221,0.0
825,27.66666639,-0.048345621675252914,1.3868560791015625,-0.6748839020729065,-0.09424778074026108,0.28993409872055054,-0.18198548257350922,0.002099999925121665,0.1175304725766182,1.601863145828247,-0.8972912430763245,-0.008011061698198318,0.5370901823043823,0.10725048184394836,0.001500000013038516,-0.04598494991660118,1.4118590354919434,-0.7246640920639038,-0.09397614002227783,0.27723467350006104,-0.1826828271150589,0.0017812332371249795,0.10373028367757797,1.622804045677185,-0.9664429426193237,-0.007450558245182037,0.5394250154495239,0.0995102971792221,0.0
826,27.699999723,-0.04651302471756935,1.4070844650268555,-0.7038389444351196,-0.09424778074026108,0.27900832891464233,-0.18479545414447784,0.002099999925121665,0.10679669678211212,1.6186532974243164,-0.9305746555328369,-0.008011061698198318,0.5398827195167542,0.10402162373065948,0.001500000013038516,-0.044964540749788284,1.428652286529541,-0.7482526898384094,-0.09239721298217773,0.27188459038734436,-0.1856500655412674,0.0018253994639962912,0.09696441888809204,1.6383230686187744,-0.9917914867401123,-0.006264864932745695,0.5414597392082214,0.09662395715713501,0.0
827,27.733333056,-0.04417428374290466,1.4288487434387207,-0.7350454330444336,-0.09424778074026108,0.2681174874305725,-0.18479545414447784,0.002099999925121665,0.10679669678211212,1.6186532974243164,-0.9305746555328369,-0.008011061698198318,0.5398827195167542,0.10402162373065948,0.001500000013038516,-0.04068174585700035,1.4733622074127197,-0.7950477600097656,-0.09203492105007172,0.2589495778083801,-0.18526886403560638,0.00177513447124511,0.09696441888809204,1.6383230686187744,-0.9917914867401123,-0.006264864932745695,0.5414597392082214,0.09662395715713501,0.0
828,27.766666389,-0.04417428374290466,1.4288487434387207,-0.7350454330444336,-0.09424778074026108,0.2681174874305725,-0.18479545414447784,0.002099999925121665,0.09548696130514145,1.639509916305542,-0.9649925231933594,-0.0061610122211277485,0.5429719090461731,0.093305304646492,0.001500000013038516,-0.04068174585700035,1.4733622074127197,-0.7950477600097656,-0.09203492105007172,0.2589495778083801,-0.18526886403560638,0.00177513447124511,0.08980375528335571,1.6776448488235474,-1.0491664409637451,-0.007862222380936146,0.5511212944984436,0.08517873287200928,0.0
829,27.799999722,-0.04180063679814339,1.4560060501098633,-0.767333984375,-0.09424778074026108,0.25731387734413147,-0.18479545414447784,0.002099999925121665,0.08908160775899887,1.6639446020126343,-1.0023949146270752,-0.0061610122211277485,0.5505466461181641,0.08609709143638611,0.001500000013038516,-0.03839760646224022,1.4980524778366089,-0.8189517855644226,-0.09204551577568054,0.252287358045578,-0.18815109133720398,0.0017602653242647648,0.08913417905569077,1.6994071006774902,-1.0797207355499268,-0.010511195287108421,0.5544765591621399,0.08165720850229263,0.0
830,27.833333055,-0.0377340167760849,1.4866888523101807,-0.7995527982711792,-0.09053023159503937,0.24874432384967804,-0.18846064805984497,0.002099999925121665,0.08908160775899887,1.6639446020126343,-1.0023949146270752,-0.0061610122211277485,0.5505466461181641,0.08609709143638611,0.001500000013038516,-0.03437626734375954,1.5515801906585693,-0.8729371428489685,-0.0875856801867485,0.2395612597465515,-0.19263729453086853,0.0017436706693843007,0.08913417905569077,1.6994071006774902,-1.0797207355499268,-0.010511195287108421,0.5544765591621399,0.08165720850229263,0.0
831,27.866666388,-0.0377340167760849,1.4866888523101807,-0.7995527982711792,-0.09053023159503937,0.24874432384967804,-0.18846064805984497,0.002099999925121665,0.08908160775899887,1.6915208101272583,-1.0462201833724976,-0.008220500312745571,0.5576152205467224,0.08080874383449554,0.001500000013038516,-0.03437626734375954,1.5515801906585693,-0.8729371428489685,-0.0875856801867485,0.2395612597465515,-0.19263729453086853,0.0017436706693843007,0.08456657081842422,1.7534703016281128,-1.1431922912597656,-0.009370895102620125,0.5668995976448059,0.0786239355802536,0.0
832,27.899999721,-0.03508111834526062,1.5195010900497437,-0.8402887582778931,-0.0884009301662445,0.24007004499435425,-0.1921258419752121,0.002099999925121665,0.08517206460237503,1.722395658493042,-1.0868688821792603,-0.008220500312745571,0.5664989948272705,0.07798130810260773,0.001500000013038516,-0.0343131422996521,1.5806896686553955,-0.9005166292190552,-0.0900474339723587,0.23851290345191956,-0.19318680465221405,0.0018010771600529552,0.08571435511112213,1.779028058052063,-1.1736327409744263,-0.010514529421925545,0.5741584897041321,0.07536312192678452,0.0
833,27.933333054,-0.032672565430402756,1.5606210231781006,-0.8774293661117554,-0.0884009301662445,0.2333330661058426,-0.19519762694835663,0.002099999925121665,0.08517206460237503,1.722395658493042,-1.0868688821792603,-0.008220500312745571,0.5664989948272705,0.07798130810260773,0.001500000013038516,-0.030399389564990997,1.6394380331039429,-0.9570011496543884,-0.08998759835958481,0.23089638352394104,-0.1955309808254242,0.0017423831159248948,0.08571435511112213,1.779028058052063,-1.1736327409744263,-0.010514529421925545,0.5741584897041321,0.07536312192678452,0.0
834,27.966666387,-0.032672565430402756,1.5606210231781006,-0.8774293661117554,-0.0884009301662445,0.2333330661058426,-0.19519762694835663,0.002099999925121665,0.08517206460237503,1.7564818859100342,-1.1298389434814453,-0.009721484035253525,0.5764473676681519,0.07539822161197662,0.001500000013038516,-0.030399389564990997,1.6394380331039429,-0.9570011496543884,-0.08998759835958481,0.23089638352394104,-0.1955309808254242,0.0017423831159248948,0.08417176455259323,1.8374102115631104,-1.2443342208862305,-0.0165859442204237,0.5886300802230835,0.0662948414683342,0.0
835,27.99999972,-0.03078760765492916,1.5991405248641968,-0.9139242172241211,-0.0884009301662445,0.2332807034254074,-0.19519762694835663,0.002099999925121665,0.08517206460237503,1.7976716756820679,-1.1798250675201416,-0.014817845076322556,0.5899910926818848,0.0694291964173317,0.001500000013038516,-0.03057062067091465,1.6687079668045044,-0.9822770357131958,-0.08992274850606918,0.22950081527233124,-0.19463489949703217,0.0017628982895985246,0.08760837465524673,1.8651994466781616,-1.2783538103103638,-0.015367630869150162,0.5948121547698975,0.0656135156750679,0.0
836,28.033333053,-0.03078760765492916,1.5991405248641968,-0.9139242172241211,-0.0884009301662445,0.2332807034254074,-0.19519762694835663,0.002099999925121665,0.0872664600610733,1.8364180326461792,-1.2268617153167725,-0.014817845076322556,0.5978276133537292,0.06454227864742279,0.001500000013038516,-0.03057062067091465,1.6687079668045044,-0.9822770357131958,-0.08992274850606918,0.22950081527233124,-0.19463489949703217,0.0017628982895985246,0.08327487856149673,1.9259769916534424,-1.346401572227478,-0.01944556087255478,0.6087585091590881,0.06315408647060394,0.0
837,28.066666386,-0.028902651742100716,1.638986349105835,-0.9527229070663452,-0.0884009301662445,0.22738149762153625,-0.19519762694835663,0.002099999925121665,0.0872664600610733,1.8364180326461792,-1.2268617153167725,-0.014817845076322556,0.5978276133537292,0.06454227864742279,0.001500000013038516,-0.026791485026478767,1.73004949092865,-1.0385851860046387,-0.08926206827163696,0.22798733413219452,-0.19685833156108856,0.0017445915145799518,0.08327487856149673,1.9259769916534424,-1.346401572227478,-0.01944556087255478,0.6087585091590881,0.06315408647060394,0.0
838,28.099999719,-0.02652900479733944,1.6796176433563232,-0.9903521537780762,-0.0884009301662445,0.22738149762153625,-0.1972571164369583,0.002099999925121665,0.08318239450454712,1.8765082359313965,-1.273584246635437,-0.017243852838873863,0.6076363921165466,0.06302384287118912,0.001500000013038516,-0.025580845773220062,1.76028311252594,-1.066801905632019,-0.08728540688753128,0.22888323664665222,-0.19290754199028015,0.001695598941296339,0.08233378082513809,1.9566714763641357,-1.3810030221939087,-0.022915048524737358,0.6164291501045227,0.05553651228547096,0.0
839,28.133333052,-0.02652900479733944,1.6796176433563232,-0.9903521537780762,-0.0884009301662445,0.22738149762153625,-0.1972571164369583,0.002099999925121665,0.08332201838493347,1.9179946184158325,-1.3214761018753052,-0.023980824276804924,0.6197314858436584,0.05578072369098663,0.001500000013038516,-0.025580845773220062,1.76028311252594,-1.066801905632019,-0.08728540688753128,0.22888323664665222,-0.19290754199028015,0.001695598941296339,0.0814969390630722,2.0068068504333496,-1.4385287761688232,-0.022853929549455643,0.6307162642478943,0.05257536098361015,0.0
840,28.166666385,-0.024609142914414406,1.7272127866744995,-1.036568522453308,-0.0884009301662445,0.22738149762153625,-0.19490091502666473,0.002099999925121665,0.08332201838493347,1.9179946184158325,-1.3214761018753052,-0.023980824276804924,0.6197314858436584,0.05578072369098663,0.001500000013038516,-0.022584127262234688,1.8122308254241943,-1.1085431575775146,-0.0874335765838623,0.22902296483516693,-0.19702021777629852,0.0016272008651867509,0.0814969390630722,2.0068068504333496,-1.4385287761688232,-0.022853929549455643,0.6307162642478943,0.05257536098361015,0.0
841,28.199999718,-0.022828906774520874,1.7668665647506714,-1.0721033811569214,-0.0884009301662445,0.22738149762153625,-0.19715239107608795,0.002099999925121665,0.08140215277671814,1.9633034467697144,-1.3667324781417847,-0.023980824276804924,0.6299067735671997,0.05307546257972717,0.001500000013038516,-0.02231384441256523,1.837311029434204,-1.1297063827514648,-0.08882619440555573,0.22983242571353912,-0.19338206946849823,0.0016611242899671197,0.08034137636423111,2.030848979949951,-1.464318037033081,-0.023844830691814423,0.6377496123313904,0.04622531682252884,0.0
842,28.233333051,-0.022828906774520874,1.7668665647506714,-1.0721033811569214,-0.0884009301662445,0.22738149762153625,-0.19715239107608795,0.002099999925121665,0.08140215277671814,2.0013341903686523,-1.4179054498672485,-0.026249751448631287,0.6402740478515625,0.04553563892841339,0.001500000013038516,-0.02231384441256523,1.837311029434204,-1.1297063827514648,-0.08882619440555573,0.22983242571353912,-0.19338206946849823,0.0016611242899671197,0.07914845645427704,2.0745911598205566,-1.5134587287902832,-0.027761774137616158,0.6487659811973572,0.04591979458928108,0.0
843,28.266666384,-0.022828906774520874,1.8062762022018433,-1.1073416471481323,-0.0884009301662445,0.23176227509975433,-0.19308577477931976,0.002099999925121665,0.08140215277671814,2.0013341903686523,-1.4179054498672485,-0.026249751448631287,0.6402740478515625,0.04553563892841339,0.001500000013038516,-0.021499060094356537,1.8780068159103394,-1.1685645580291748,-0.08643174916505814,0.2306293249130249,-0.19067297875881195,0.0016461340710520744,0.07914845645427704,2.0745911598205566,-1.5134587287902832,-0.027761774137616158,0.6487659811973572,0.04591979458928108,0.0
844,28.299999717,-0.020926497876644135,1.8427361249923706,-1.1391938924789429,-0.0884009301662445,0.22975514829158783,-0.19058994948863983,0.002099999925121665,0.08140215277671814,2.0374624729156494,-1.4597235918045044,-0.026284659281373024,0.6463826894760132,0.04553563892841339,0.001500000013038516,-0.01956223137676716,1.8964388370513916,-1.1820673942565918,-0.08597518503665924,0.2328583151102066,-0.18929177522659302,0.0016460230108350515,0.07994578033685684,2.0884525775909424,-1.5307466983795166,-0.026978664100170135,0.654866635799408,0.03906462341547012,0.0
845,28.33333305,-0.020926497876644135,1.8427361249923706,-1.1391938924789429,-0.0884009301662445,0.22975514829158783,-0.19058994948863983,0.002099999925121665,0.08140215277671814,2.0700128078460693,-1.4971609115600586,-0.027715828269720078,0.6589141488075256,0.04038691893219948,0.001500000013038516,-0.01956223137676716,1.8964388370513916,-1.1820673942565918,-0.08597518503665924,0.2328583151102066,-0.18929177522659302,0.0016460230108350515,0.0789216011762619,2.127189874649048,-1.5684354305267334,-0.029399720951914787,0.6601480841636658,0.0383644662797451,0.0
846,28.366666383,-0.01864011585712433,1.8806620836257935,-1.1721631288528442,-0.08859290927648544,0.23432791233062744,-0.1884082853794098,0.002099999925121665,0.08140215277671814,2.0700128078460693,-1.4971609115600586,-0.027715828269720078,0.6589141488075256,0.04038691893219948,0.001500000013038516,-0.017194461077451706,1.935181975364685,-1.210724949836731,-0.08885210007429123,0.23264509439468384,-0.18498161435127258,0.0015928411157801747,0.0789216011762619,2.127189874649048,-1.5684354305267334,-0.029399720951914787,0.6601480841636658,0.0383644662797451,0.0
847,28.399999716,-0.01864011585712433,1.9130728244781494,-1.1980812549591064,-0.08857546001672745,0.22951079905033112,-0.18613936007022858,0.002099999925121665,0.07951720058917999,2.100660800933838,-1.5323816537857056,-0.029827676713466644,0.6608514785766602,0.03769911080598831,0.001500000013038516,-0.01596268266439438,1.951048493385315,-1.2216745615005493,-0.08963881433010101,0.23247797787189484,-0.1850779801607132,0.00160322617739439,0.07838326692581177,2.140936851501465,-1.5791525840759277,-0.029275698587298393,0.6638542413711548,0.03867724910378456,0.0
848,28.433333049,-0.01864011585712433,1.9130728244781494,-1.1980812549591064,-0.08857546001672745,0.22951079905033112,-0.18613936007022858,0.002099999925121665,0.07951720058917999,2.128045082092285,-1.5621918439865112,-0.029827676713466644,0.6657558679580688,0.03769911080598831,0.001500000013038516,-0.01596268266439438,1.951048493385315,-1.2216745615005493,-0.08963881433010101,0.23247797787189484,-0.1850779801607132,0.00160322617739439,0.07853750139474869,2.164283037185669,-1.5989500284194946,-0.03195049241185188,0.6651247143745422,0.03448944166302681,0.0
849,28.466666382,-0.016353735700249672,1.9412773847579956,-1.2184841632843018,-0.08857546001672745,0.232722207903862,-0.1820203810930252,0.002099999925121665,0.07951720058917999,2.128045082092285,-1.5621918439865112,-0.029827676713466644,0.6657558679580688,0.03769911080598831,0.001500000013038516,-0.015845388174057007,1.9767401218414307,-1.238628625869751,-0.087187759578228,0.23086348176002502,-0.17725419998168945,0.0016421653563156724,0.07853750139474869,2.164283037185669,-1.5989500284194946,-0.03195049241185188,0.6651247143745422,0.03448944166302681,0.0
850,28.499999715,-0.016353735700249672,1.9657992124557495,-1.2356232404708862,-0.08857546001672745,0.22938862442970276,-0.1774476319551468,0.002099999925121665,0.07735299319028854,2.1513452529907227,-1.5852999687194824,-0.03166027367115021,0.6657907366752625,0.033999014645814896,0.001500000013038516,-0.013761105015873909,1.9899827241897583,-1.2469741106033325,-0.08991621434688568,0.23043854534626007,-0.17476481199264526,0.0016099499771371484,0.07703231275081635,2.172361373901367,-1.6076841354370117,-0.03370208665728569,0.665296733379364,0.0331646092236042,0.0
851,28.533333048,-0.016353735700249672,1.9657992124557495,-1.2356232404708862,-0.08857546001672745,0.22938862442970276,-0.1774476319551468,0.002099999925121665,0.07735299319028854,2.1728477478027344,-1.6036434173583984,-0.03349286690354347,0.6656336784362793,0.03392919898033142,0.001500000013038516,-0.013761105015873909,1.9899827241897583,-1.2469741106033325,-0.08991621434688568,0.23043854534626007,-0.17476481199264526,0.0016099499771371484,0.07660723477602005,2.1872990131378174,-1.6148959398269653,-0.035906195640563965,0.6614640355110168,0.033336151391267776,0.0
852,28.566666381,-0.014311700128018856,1.9872667789459229,-1.2496732473373413,-0.09061749279499054,0.22938862442970276,-0.17238616943359375,0.002099999925121665,0.07735299319028854,2.1728477478027344,-1.6036434173583984,-0.03349286690354347,0.6656336784362793,0.03392919898033142,0.001500000013038516,-0.01621037907898426,2.0113978385925293,-1.2604409456253052,-0.08723317831754684,0.22996051609516144,-0.17091111838817596,0.0015713449101895094,0.07660723477602005,2.1872990131378174,-1.6148959398269653,-0.035906195640563965,0.6614640355110168,0.033336151391267776,0.0
853,28.599999714,-0.014311700128018856,2.0068318843841553,-1.2592724561691284,-0.08763298392295837,0.22938862442970276,-0.17238616943359375,0.002099999925121665,0.07735299319028854,2.184384346008301,-1.6156861782073975,-0.03534291684627533,0.6595599055290222,0.03392919898033142,0.001500000013038516,-0.01328521128743887,2.020073413848877,-1.2666774988174438,-0.08688706904649734,0.22962012887001038,-0.16888520121574402,0.0016276552341878414,0.07579544186592102,2.193683624267578,-1.618073582649231,-0.03353288397192955,0.6604695320129395,0.033638957887887955,0.0
854,28.633333047,-0.014311700128018856,2.0068318843841553,-1.2592724561691284,-0.08763298392295837,0.22938862442970276,-0.17238616943359375,0.002099999925121665,0.07550294697284698,2.1964969635009766,-1.6199971437454224,-0.03534291684627533,0.6587745547294617,0.03392919898033142,0.001500000013038516,-0.01328521128743887,2.020073413848877,-1.2666774988174438,-0.08688706904649734,0.22962012887001038,-0.16888520121574402,0.0016276552341878414,0.0756760984659195,2.204099416732788,-1.6192294359207153,-0.03734215721487999,0.6518910527229309,0.03059943951666355,0.0
855,28.66666638,-0.014311700128018856,2.0224177837371826,-1.269953966140747,-0.08763298392295837,0.22938862442970276,-0.16807520389556885,0.002099999925121665,0.07550294697284698,2.1964969635009766,-1.6199971437454224,-0.03534291684627533,0.6587745547294617,0.03392919898033142,0.001500000013038516,-0.013051577843725681,2.0387063026428223,-1.275587797164917,-0.08882356435060501,0.22551757097244263,-0.16360081732273102,0.0016823449404910207,0.0756760984659195,2.204099416732788,-1.6192294359207153,-0.03734215721487999,0.6518910527229309,0.03059943951666355,0.0
856,28.699999713,-0.014311700128018856,2.038213014602661,-1.2774937152862549,-0.08763298392295837,0.2241002768278122,-0.16317082941532135,0.002099999925121665,0.07550294697284698,2.2039668560028076,-1.6199971437454224,-0.03534291684627533,0.6516710519790649,0.02949606440961361,0.001500000013038516,-0.01330812182277441,2.047257661819458,-1.2784109115600586,-0.08762385696172714,0.22492413222789764,-0.1590295135974884,0.001656539854593575,0.07513052225112915,2.205518960952759,-1.6194711923599243,-0.04085501655936241,0.6472450494766235,0.031263548880815506,0.0
857,28.733333046,-0.014311700128018856,2.038213014602661,-1.2774937152862549,-0.08763298392295837,0.2241002768278122,-0.16317082941532135,0.002099999925121665,0.07550294697284698,2.206707000732422,-1.6181994676589966,-0.03947934880852699,0.6479185819625854,0.02949606440961361,0.001500000013038516,-0.01330812182277441,2.047257661819458,-1.2784109115600586,-0.08762385696172714,0.22492413222789764,-0.1590295135974884,0.001656539854593575,0.07451348006725311,2.2100319862365723,-1.6123692989349365,-0.041388072073459625,0.6389099359512329,0.029556849971413612,0.0
858,28.766666379,-0.014311700128018856,2.049208641052246,-1.281752347946167,-0.08763298392295837,0.22602014243602753,-0.15776030719280243,0.002099999925121665,0.07550294697284698,2.206707000732422,-1.6181994676589966,-0.03947934880852699,0.6479185819625854,0.02949606440961361,0.001500000013038516,-0.012846257537603378,2.0633492469787598,-1.2877689599990845,-0.08641263842582703,0.22479908168315887,-0.15839409828186035,0.0018555351998656988,0.07451348006725311,2.2100319862365723,-1.6123692989349365,-0.041388072073459625,0.6389099359512329,0.029556849971413612,0.0
859,28.799999712,-0.014311700128018856,2.0644800662994385,-1.2879482507705688,-0.08763298392295837,0.22413517534732819,-0.15776030719280243,0.002099999925121665,0.07550294697284698,2.208312749862671,-1.6134871244430542,-0.03947934880852699,0.6397155523300171,0.02949606440961361,0.001500000013038516,-0.012414146214723587,2.0702877044677734,-1.2916746139526367,-0.0851433128118515,0.22259515523910522,-0.15921194851398468,0.0019441299373283982,0.07514994591474533,2.210399866104126,-1.6106528043746948,-0.041914667934179306,0.6304909586906433,0.030092494562268257,0.0
860,28.833333045,-0.014311700128018856,2.0644800662994385,-1.2879482507705688,-0.08763298392295837,0.22413517534732819,-0.15776030719280243,0.002099999925121665,0.07367035001516342,2.212292194366455,-1.611270546913147,-0.0414690226316452,0.6295402646064758,0.02949606440961361,0.001500000013038516,-0.012414146214723587,2.0702877044677734,-1.2916746139526367,-0.0851433128118515,0.22259515523910522,-0.15921194851398468,0.0019441299373283982,0.07203228026628494,2.2125039100646973,-1.6061350107192993,-0.04139065742492676,0.6190142631530762,0.040719810873270035,0.0004136399656999856
861,28.866666378,-0.014311700128018856,2.072334051132202,-1.2958545684814453,-0.08574802428483963,0.2241002768278122,-0.15976743400096893,0.002099999925121665,0.07367035001516342,2.212292194366455,-1.611270546913147,-0.0414690226316452,0.6295402646064758,0.02949606440961361,0.001500000013038516,-0.013669769279658794,2.078583240509033,-1.2998900413513184,-0.08279496431350708,0.2206735610961914,-0.1597919464111328,0.0027414397336542606,0.07203228026628494,2.2125039100646973,-1.6061350107192993,-0.04139065742492676,0.6190142631530762,0.040719810873270035,0.0004136399656999856
862,28.899999711,-0.01251401100307703,2.080188035964966,-1.300479769706726,-0.08335692435503006,0.21924826502799988,-0.16228070855140686,0.0024999999441206455,0.0717155784368515,2.212606191635132,-1.606959581375122,-0.0414690226316452,0.6226112842559814,0.03794345632195473,0.001500000013038516,-0.012028368189930916,2.083336353302002,-1.301592230796814,-0.08325879275798798,0.22015753388404846,-0.1599877029657364,0.00350102037191391,0.07173231989145279,2.2133710384368896,-1.6045957803726196,-0.04375696927309036,0.6143713593482971,0.03443613648414612,0.000951967725995928
863,28.933333044,-0.01251401100307703,2.080188035964966,-1.300479769706726,-0.08335692435503006,0.21924826502799988,-0.16228070855140686,0.0024999999441206455,0.0720122829079628,2.212606191635132,-1.6049000024795532,-0.043999750167131424,0.6102020144462585,0.03995058685541153,0.002099999925121665,-0.012028368189930916,2.083336353302002,-1.301592230796814,-0.08325879275798798,0.22015753388404846,-0.1599877029657364,0.00350102037191391,0.07218722999095917,2.214195489883423,-1.603590726852417,-0.04385923594236374,0.6013296842575073,0.04084717482328415,0.003898194059729576
864,28.966666377,-0.0131772356107831,2.0867505073547363,-1.3029581308364868,-0.08335692435503006,0.21937043964862823,-0.16004669666290283,0.0032999999821186066,0.0720122829079628,2.212606191635132,-1.6049000024795532,-0.043999750167131424,0.6102020144462585,0.03995058685541153,0.002099999925121665,-0.012064539827406406,2.091256856918335,-1.3086196184158325,-0.08185379207134247,0.21517322957515717,-0.16085177659988403,0.005785027518868446,0.07218722999095917,2.214195489883423,-1.603590726852417,-0.04385923594236374,0.6013296842575073,0.04084717482328415,0.003898194059729576
865,28.99999971,-0.0119555052369833,2.0931036472320557,-1.3091540336608887,-0.0818035826086998,0.21306979656219482,-0.15995942056179047,0.005100000184029341,0.0720122829079628,2.212606191635132,-1.6049000024795532,-0.04202752932906151,0.6029589176177979,0.03995058685541153,0.0034000000450760126,-0.010930483229458332,2.0945608615875244,-1.3108125925064087,-0.08335870504379272,0.2143695205450058,-0.15880155563354492,0.008062128908932209,0.07359862327575684,2.214886426925659,-1.6018097400665283,-0.04277825728058815,0.5992321968078613,0.03975946083664894,0.006714849267154932
866,29.033333043,-0.0119555052369833,2.0931036472320557,-1.3091540336608887,-0.0818035826086998,0.21306979656219482,-0.15995942056179047,0.005100000184029341,0.0720122829079628,2.212606191635132,-1.6049000024795532,-0.04202752932906151,0.6029589176177979,0.03995058685541153,0.0034000000450760126,-0.010930483229458332,2.0945608615875244,-1.3108125925064087,-0.08335870504379272,0.2143695205450058,-0.15880155563354492,0.008062128908932209,0.07359862327575684,2.214886426925659,-1.6018097400665283,-0.04277825728058815,0.5992321968078613,0.03975946083664894,0.006714849267154932
867,29.066666376,-0.0119555052369833,2.095407485961914,-1.3117719888687134,-0.0818035826086998,0.21277308464050293,-0.15770794451236725,0.00839999970048666,0.0720122829079628,2.2145087718963623,-1.603242039680481,-0.043825216591358185,0.5953667163848877,0.03995058685541153,0.006899999920278788,-0.009756666608154774,2.1004884243011475,-1.3138335943222046,-0.08016880601644516,0.2097877711057663,-0.1623789221048355,0.019665857776999474,0.07432296127080917,2.2109620571136475,-1.6031192541122437,-0.0433674231171608,0.5934677124023438,0.040837910026311874,0.01841263473033905
868,29.099999709,-0.010192723013460636,2.0993692874908447,-1.3142154216766357,-0.07942993193864822,0.20844466984272003,-0.1632930040359497,0.015599999576807022,0.07380997389554977,2.2125539779663086,-1.6012349128723145,-0.043825216591358185,0.5981243252754211,0.041748274117708206,0.013100000098347664,-0.008964785374701023,2.0987255573272705,-1.3165695667266846,-0.08169593662023544,0.2084113508462906,-0.16053561866283417,0.02598908171057701,0.07293299585580826,2.208799362182617,-1.603729009628296,-0.040206145495176315,0.593568742275238,0.04409479722380638,0.02464241534471512
869,29.133333042,-0.010192723013460636,2.0993692874908447,-1.3142154216766357,-0.07942993193864822,0.20844466984272003,-0.1632930040359497,0.015599999576807022,0.07380997389554977,2.2125539779663086,-1.6012349128723145,-0.043825216591358185,0.5981243252754211,0.041748274117708206,0.013100000098347664,-0.008964785374701023,2.0987255573272705,-1.3165695667266846,-0.08169593662023544,0.2084113508462906,-0.16053561866283417,0.02598908171057701,0.07293299585580826,2.208799362182617,-1.603729009628296,-0.040206145495176315,0.593568742275238,0.04409479722380638,0.02464241534471512
870,29.166666375,-0.010192723013460636,2.0993692874908447,-1.315227746963501,-0.07942993193864822,0.20844466984272003,-0.1598896086215973,0.025699999183416367,0.07380997389554977,2.208033561706543,-1.6032594442367554,-0.03925245627760887,0.5907765030860901,0.04632103815674782,0.023499999195337296,-0.008444144390523434,2.093961477279663,-1.316730260848999,-0.08203999698162079,0.20401309430599213,-0.15995344519615173,0.043568551540374756,0.07398360222578049,2.2041757106781006,-1.6059935092926025,-0.035328302532434464,0.5965554118156433,0.046584270894527435,0.04288575425744057
871,29.199999708,-0.00898844562470913,2.094080924987793,-1.315227746963501,-0.08108799904584885,0.20406389236450195,-0.1598896086215973,0.038100000470876694,0.07380997389554977,2.2035653591156006,-1.6054236888885498,-0.03675663471221924,0.5945638418197632,0.046268679201602936,0.03519999980926514,-0.0062971701845526695,2.0874557495117188,-1.316233515739441,-0.08439376950263977,0.2053278386592865,-0.16186171770095825,0.0516447052359581,0.07303567975759506,2.1976077556610107,-1.608093500137329,-0.03500054031610489,0.598143458366394,0.04961349070072174,0.04995013028383255
872,29.233333041,-0.00898844562470913,2.094080924987793,-1.315227746963501,-0.08108799904584885,0.20406389236450195,-0.1598896086215973,0.038100000470876694,0.07380997389554977,2.2035653591156006,-1.6054236888885498,-0.03675663471221924,0.5945638418197632,0.046268679201602936,0.03519999980926514,-0.0062971701845526695,2.0874557495117188,-1.316233515739441,-0.08439376950263977,0.2053278386592865,-0.16186171770095825,0.0516447052359581,0.07303567975759506,2.1976077556610107,-1.608093500137329,-0.03500054031610489,0.598143458366394,0.04961349070072174,0.04995013028383255
873,29.266666374,-0.007103490177541971,2.0851798057556152,-1.3166589736938477,-0.08484045416116714,0.2056521475315094,-0.16201891005039215,0.048500001430511475,0.07380997389554977,2.1989402770996094,-1.6070119142532349,-0.03675663471221924,0.5991366505622864,0.051940999925136566,0.04569999873638153,-0.005856430158019066,2.0723211765289307,-1.3161529302597046,-0.08309002965688705,0.2172560840845108,-0.1564124971628189,0.06274889409542084,0.0732351541519165,2.1821987628936768,-1.6100032329559326,-0.029991744086146355,0.6059868931770325,0.05464528128504753,0.05881736800074577
874,29.299999707,-0.007103490177541971,2.0725085735321045,-1.3166589736938477,-0.08306021988391876,0.2180614322423935,-0.1552644968032837,0.05790000036358833,0.07380997389554977,2.18338942527771,-1.60938560962677,-0.032131511718034744,0.6072349548339844,0.05394812673330307,0.053599998354911804,-0.0032111257314682007,2.0606164932250977,-1.314670443534851,-0.07718844711780548,0.22786761820316315,-0.15540188550949097,0.06626278907060623,0.07369545847177505,2.1744284629821777,-1.6135547161102295,-0.027493618428707123,0.6119755506515503,0.05924364551901817,0.060305364429950714
875,29.33333304,-0.007103490177541971,2.0725085735321045,-1.3166589736938477,-0.08306021988391876,0.2180614322423935,-0.1552644968032837,0.05790000036358833,0.07380997389554977,2.18338942527771,-1.60938560962677,-0.032131511718034744,0.6072349548339844,0.05394812673330307,0.053599998354911804,-0.0032111257314682007,2.0606164932250977,-1.314670443534851,-0.07718844711780548,0.22786761820316315,-0.15540188550949097,0.06626278907060623,0.07369545847177505,2.1744284629821777,-1.6135547161102295,-0.027493618428707123,0.6119755506515503,0.05924364551901817,0.060305364429950714
876,29.366666373,-0.0018675023457035422,2.0583715438842773,-1.3148961067199707,-0.0760265439748764,0.23113395273685455,-0.15329226851463318,0.06369999796152115,0.07380997389554977,2.1698455810546875,-1.6131728887557983,-0.027977628633379936,0.6121044158935547,0.058835048228502274,0.05790000036358833,0.0018666484393179417,2.0422210693359375,-1.3155722618103027,-0.06991126388311386,0.26245319843292236,-0.15363244712352753,0.06954383105039597,0.07209151238203049,2.1495869159698486,-1.6135419607162476,-0.02442166954278946,0.6188256144523621,0.06460391730070114,0.06131201982498169
877,29.399999706,0.001029744278639555,2.043396472930908,-1.3148961067199707,-0.0708429142832756,0.25073400139808655,-0.15329226851463318,0.06719999760389328,0.07183775305747986,2.1537885665893555,-1.6131728887557983,-0.023753931745886803,0.6204820275306702,0.06443755328655243,0.05990000069141388,0.003230858827009797,2.0365841388702393,-1.314590334892273,-0.06282701343297958,0.28360679745674133,-0.1509595811367035,0.07043417543172836,0.07303249090909958,2.1369619369506836,-1.6120668649673462,-0.022553302347660065,0.6218293309211731,0.06853615492582321,0.06137098744511604
878,29.433333039,0.001029744278639555,2.043396472930908,-1.3148961067199707,-0.0708429142832756,0.25073400139808655,-0.15329226851463318,0.06719999760389328,0.07183775305747986,2.1537885665893555,-1.6131728887557983,-0.023753931745886803,0.6204820275306702,0.06443755328655243,0.05990000069141388,0.003230858827009797,2.0365841388702393,-1.314590334892273,-0.06282701343297958,0.28360679745674133,-0.1509595811367035,0.07043417543172836,0.07303249090909958,2.1369619369506836,-1.6120668649673462,-0.022553302347660065,0.6218293309211731,0.06853615492582321,0.06137098744511604
879,29.466666372,0.005777040030807257,2.0339019298553467,-1.3148961067199707,-0.05979498103260994,0.27689647674560547,-0.15020303428173065,0.06920000165700912,0.07183775305747986,2.1371731758117676,-1.6131728887557983,-0.021781709045171738,0.6250722408294678,0.06698573380708694,0.060600001364946365,0.008778911083936691,2.030487298965454,-1.3136745691299438,-0.05087717995047569,0.3251892328262329,-0.1472807079553604,0.07170359790325165,0.07094226777553558,2.109515428543091,-1.6125229597091675,-0.020212700590491295,0.6243169903755188,0.07009366154670715,0.06118712201714516
880,29.499999705,0.008098327554762363,2.0297482013702393,-1.3148961067199707,-0.05143485218286514,0.30455994606018066,-0.14819590747356415,0.07069999724626541,0.07183775305747986,2.1179046630859375,-1.6131728887557983,-0.01970476657152176,0.6250722408294678,0.07152359187602997,0.060600001364946365,0.00928404089063406,2.028871774673462,-1.3147720098495483,-0.04800823703408241,0.34191522002220154,-0.14710767567157745,0.07224058359861374,0.07147184014320374,2.0970053672790527,-1.6091511249542236,-0.01925782859325409,0.6247758865356445,0.0724109634757042,0.06114057078957558
881,29.533333038,0.008098327554762363,2.0297482013702393,-1.3148961067199707,-0.05143485218286514,0.30455994606018066,-0.14819590747356415,0.07069999724626541,0.07183775305747986,2.1179046630859375,-1.6131728887557983,-0.01970476657152176,0.6250722408294678,0.07152359187602997,0.060600001364946365,0.00928404089063406,2.028871774673462,-1.3147720098495483,-0.04800823703408241,0.34191522002220154,-0.14710767567157745,0.07224058359861374,0.07147184014320374,2.0970053672790527,-1.6091511249542236,-0.01925782859325409,0.6247758865356445,0.0724109634757042,0.06114057078957558
882,29.566666371,0.010576695203781128,2.0297482013702393,-1.3148961067199707,-0.04649557173252106,0.3324677646160126,-0.14636331796646118,0.07169999927282333,0.07183775305747986,2.09720516204834,-1.6110785007476807,-0.019198622554540634,0.6250722408294678,0.07440338283777237,0.060600001364946365,0.011033263988792896,2.0402672290802,-1.3133193254470825,-0.04224233329296112,0.3692263960838318,-0.14468272030353546,0.07341025769710541,0.0719430148601532,2.0744428634643555,-1.606454610824585,-0.018155105412006378,0.6244043111801147,0.07570113241672516,0.06095476076006889
883,29.599999704,0.010576695203781128,2.038684129714966,-1.3148961067199707,-0.042638394981622696,0.3511253297328949,-0.14280283451080322,0.07249999791383743,0.07183775305747986,2.078425407409668,-1.6110785007476807,-0.019198622554540634,0.6226985454559326,0.0757647454738617,0.060600001364946365,0.010069291107356548,2.0468227863311768,-1.3130707740783691,-0.042905788868665695,0.37696710228919983,-0.14147576689720154,0.07402676343917847,0.07185514271259308,2.0646257400512695,-1.6070011854171753,-0.01588381454348564,0.6255366802215576,0.07941098511219025,0.06088781729340553
884,29.633333037,0.010576695203781128,2.038684129714966,-1.3148961067199707,-0.042638394981622696,0.3511253297328949,-0.14280283451080322,0.07249999791383743,0.07183775305747986,2.078425407409668,-1.6110785007476807,-0.019198622554540634,0.6226985454559326,0.0757647454738617,0.060600001364946365,0.010069291107356548,2.0468227863311768,-1.3130707740783691,-0.042905788868665695,0.37696710228919983,-0.14147576689720154,0.07402676343917847,0.07185514271259308,2.0646257400512695,-1.6070011854171753,-0.01588381454348564,0.6255366802215576,0.07941098511219025,0.06088781729340553
885,29.66666637,0.010576695203781128,2.0504825115203857,-1.3127144575119019,-0.042638394981622696,0.37514108419418335,-0.14248867332935333,0.07349999994039536,0.07183775305747986,2.0630314350128174,-1.6068024635314941,-0.015097098425030708,0.6274807453155518,0.0821002870798111,0.060600001364946365,0.008233548142015934,2.0649502277374268,-1.3123873472213745,-0.04495147988200188,0.38566747307777405,-0.14017055928707123,0.07515837252140045,0.07229281961917877,2.050973892211914,-1.6050571203231812,-0.014649797230958939,0.6274033188819885,0.08295736461877823,0.06084420159459114
886,29.699999703,0.008674286305904388,2.064410448074341,-1.3127144575119019,-0.0446455217897892,0.3873583674430847,-0.1405688226222992,0.07419999688863754,0.07183775305747986,2.0524024963378906,-1.6068024635314941,-0.015254178084433079,0.6274807453155518,0.0821002870798111,0.060600001364946365,0.009855156764388084,2.071387529373169,-1.3129982948303223,-0.043252162635326385,0.38928937911987305,-0.13891761004924774,0.07550256699323654,0.0715598315000534,2.042802572250366,-1.6033567190170288,-0.015237855724990368,0.6282305717468262,0.08515368402004242,0.06081227585673332
887,29.733333036,0.008674286305904388,2.064410448074341,-1.3127144575119019,-0.0446455217897892,0.3873583674430847,-0.1405688226222992,0.07419999688863754,0.07183775305747986,2.0524024963378906,-1.6068024635314941,-0.015254178084433079,0.6274807453155518,0.0821002870798111,0.060600001364946365,0.009855156764388084,2.071387529373169,-1.3129982948303223,-0.043252162635326385,0.38928937911987305,-0.13891761004924774,0.07550256699323654,0.0715598315000534,2.042802572250366,-1.6033567190170288,-0.015237855724990368,0.6282305717468262,0.08515368402004242,0.06081227585673332
888,29.766666369,0.008674286305904388,2.076418161392212,-1.3127144575119019,-0.04286528751254082,0.3920009434223175,-0.13777628540992737,0.07490000128746033,0.07183775305747986,2.0410752296447754,-1.6021075248718262,-0.015254178084433079,0.6280567049980164,0.08723155409097672,0.060600001364946365,0.007824278436601162,2.0904767513275146,-1.3158564567565918,-0.049553412944078445,0.39499443769454956,-0.13868175446987152,0.07600191235542297,0.07161297649145126,2.034325361251831,-1.599286675453186,-0.015101666562259197,0.6305094957351685,0.08682522922754288,0.060346703976392746
889,29.799999702,0.008674286305904388,2.089351177215576,-1.315384864807129,-0.04961971193552017,0.3943047821521759,-0.13777628540992737,0.07540000230073929,0.07183775305747986,2.0339717864990234,-1.6001003980636597,-0.015254178084433079,0.6300987601280212,0.08936085551977158,0.060600001364946365,0.008669939823448658,2.098527669906616,-1.3155592679977417,-0.049000922590494156,0.3994247615337372,-0.13543562591075897,0.0762660801410675,0.06993474811315536,2.0280392169952393,-1.6013835668563843,-0.01854393072426319,0.6318152546882629,0.08695555478334427,0.06024708226323128
890,29.833333035,0.008674286305904388,2.089351177215576,-1.315384864807129,-0.04961971193552017,0.3943047821521759,-0.13777628540992737,0.07540000230073929,0.07183775305747986,2.0339717864990234,-1.6001003980636597,-0.015254178084433079,0.6300987601280212,0.08936085551977158,0.060600001364946365,0.008669939823448658,2.098527669906616,-1.3155592679977417,-0.049000922590494156,0.3994247615337372,-0.13543562591075897,0.0762660801410675,0.06993474811315536,2.0280392169952393,-1.6013835668563843,-0.01854393072426319,0.6318152546882629,0.08695555478334427,0.06024708226323128
891,29.866666368,0.008674286305904388,2.1044132709503174,-1.3174269199371338,-0.04961971193552017,0.4033106863498688,-0.13545499742031097,0.07580000162124634,0.07007496803998947,2.0269205570220947,-1.6001003980636597,-0.01754055917263031,0.6332752704620361,0.08936085551977158,0.06040000170469284,0.00726655125617981,2.1148643493652344,-1.3221383094787598,-0.05265720188617706,0.4110844135284424,-0.13617922365665436,0.07667410373687744,0.06923838704824448,2.0216224193573,-1.597005844116211,-0.017478683963418007,0.6310905814170837,0.0907316654920578,0.05992930755019188
892,29.899999701,0.008674286305904388,2.113314390182495,-1.3239892721176147,-0.05235987901687622,0.4078834354877472,-0.13552480936050415,0.07609999924898148,0.07007496803998947,2.0221734046936035,-1.597761631011963,-0.01754055917263031,0.6313554048538208,0.08936085551977158,0.06019999831914902,0.0068261343985795975,2.1201252937316895,-1.3247548341751099,-0.05331084132194519,0.4165344834327698,-0.1365051418542862,0.07677873224020004,0.07025910913944244,2.0151360034942627,-1.5974466800689697,-0.01986723393201828,0.631938099861145,0.08997352421283722,0.059809617698192596
893,29.933333034,0.008674286305904388,2.113314390182495,-1.3239892721176147,-0.05235987901687622,0.4078834354877472,-0.13552480936050415,0.07609999924898148,0.07007496803998947,2.0221734046936035,-1.597761631011963,-0.01754055917263031,0.6313554048538208,0.08936085551977158,0.06019999831914902,0.0068261343985795975,2.1201252937316895,-1.3247548341751099,-0.05331084132194519,0.4165344834327698,-0.1365051418542862,0.07677873224020004,0.07025910913944244,2.0151360034942627,-1.5974466800689697,-0.01986723393201828,0.631938099861145,0.08997352421283722,0.059809617698192596
894,29.966666367,0.008674286305904388,2.1226868629455566,-1.328108310699463,-0.05235987901687622,0.414725124835968,-0.13763666152954102,0.07609999924898148,0.07007496803998947,2.015523672103882,-1.597761631011963,-0.019826941192150116,0.6313554048538208,0.08936085551977158,0.05999999865889549,0.007308672647923231,2.131995677947998,-1.3288582563400269,-0.05655105784535408,0.4316937327384949,-0.1385207325220108,0.07658516615629196,0.06908392161130905,2.010193347930908,-1.5967836380004883,-0.020341794937849045,0.6338731646537781,0.0893697515130043,0.05951974540948868
895,29.9999997,0.008674286305904388,2.130296468734741,-1.3306739330291748,-0.054367005825042725,0.4262268543243408,-0.13744467496871948,0.07599999755620956,0.07007496803998947,2.0104448795318604,-1.597761631011963,-0.019826941192150116,0.6338512301445007,0.08936085551977158,0.059700001031160355,0.006893543992191553,2.1367485523223877,-1.3303667306900024,-0.056387901306152344,0.43808257579803467,-0.1403655856847763,0.0757419615983963,0.06961461156606674,2.006584405899048,-1.5978012084960938,-0.021073997020721436,0.6333221793174744,0.09397181123495102,0.05928440019488335
896,30.033333033,0.006457718089222908,2.1350088119506836,-1.332489013671875,-0.054367005825042725,0.43622758984565735,-0.13920746743679047,0.07500000298023224,0.07007496803998947,2.0104448795318604,-1.597761631011963,-0.019826941192150116,0.6338512301445007,0.08936085551977158,0.059700001031160355,0.005340120755136013,2.1429529190063477,-1.3325303792953491,-0.05982879176735878,0.4501504600048065,-0.14085653424263,0.07069376856088638,0.06961461156606674,2.006584405899048,-1.5978012084960938,-0.021073997020721436,0.6333221793174744,0.09397181123495102,0.05928440019488335
897,30.066666366,0.006457718089222908,2.1350088119506836,-1.332489013671875,-0.054367005825042725,0.43622758984565735,-0.13920746743679047,0.07500000298023224,0.07007496803998947,2.0056450366973877,-1.597761631011963,-0.02148500271141529,0.6367135643959045,0.09231046587228775,0.05939999967813492,0.005340120755136013,2.1429529190063477,-1.3325303792953491,-0.05982879176735878,0.4501504600048065,-0.14085653424263,0.07069376856088638,0.06960204243659973,2.0045363903045654,-1.599178433418274,-0.0228363499045372,0.6353148221969604,0.09199640154838562,0.05898117274045944
898,30.099999699,0.004625122528523207,2.1397037506103516,-1.3348277807235718,-0.05466371402144432,0.44230133295059204,-0.13920746743679047,0.07100000232458115,0.07007496803998947,2.004179000854492,-1.599611759185791,-0.022200588136911392,0.6344969868659973,0.09231046587228775,0.05920000001788139,0.004095423500984907,2.144935369491577,-1.3341104984283447,-0.061833109706640244,0.4560825228691101,-0.14012224972248077,0.06473854929208755,0.06913165748119354,2.0020077228546143,-1.5987035036087036,-0.022462211549282074,0.6362701058387756,0.08946875482797623,0.05873030424118042
899,30.133333032,0.004625122528523207,2.1397037506103516,-1.3348277807235718,-0.05466371402144432,0.44230133295059204,-0.13920746743679047,0.07100000232458115,0.07007496803998947,2.004179000854492,-1.599611759185791,-0.022200588136911392,0.6344969868659973,0.09231046587228775,0.05920000001788139,0.004095423500984907,2.144935369491577,-1.3341104984283447,-0.061833109706640244,0.4560825228691101,-0.14012224972248077,0.06473854929208755,0.06913165748119354,2.0020077228546143,-1.5987035036087036,-0.022462211549282074,0.6362701058387756,0.08946875482797623,0.05873030424118042
900,30.166666365,0.00472984230145812,2.1441545486450195,-1.3348277807235718,-0.059061940759420395,0.44659483432769775,-0.13920746743679047,0.06520000100135803,0.07007496803998947,2.001438856124878,-1.599611759185791,-0.022200588136911392,0.6395061016082764,0.08946558088064194,0.05900000035762787,0.001808572094887495,2.1466543674468994,-1.333364486694336,-0.06358064711093903,0.46016764640808105,-0.13910122215747833,0.054210759699344635,0.06779057532548904,2.000659704208374,-1.597444772720337,-0.021639099344611168,0.6386721730232239,0.09126538783311844,0.05838649719953537
901,30.199999698,0.0024783676490187645,2.1459171772003174,-1.3348277807235718,-0.06173229590058327,0.44970154762268066,-0.13920746743679047,0.05770000070333481,0.06822492182254791,2.001438856124878,-1.5973776578903198,-0.022200588136911392,0.6397678852081299,0.08962265402078629,0.05869999900460243,-0.0003291016328148544,2.1482253074645996,-1.3313578367233276,-0.06663858145475388,0.4601483941078186,-0.13921985030174255,0.04900072515010834,0.06736451387405396,2.001267194747925,-1.5980544090270996,-0.02071460708975792,0.6393983364105225,0.08926289528608322,0.05823632329702377
902,30.233333031,0.0024783676490187645,2.1459171772003174,-1.3348277807235718,-0.06173229590058327,0.44970154762268066,-0.13920746743679047,0.05770000070333481,0.06822492182254791,2.001438856124878,-1.5973776578903198,-0.022200588136911392,0.6397678852081299,0.08962265402078629,0.05869999900460243,-0.0003291016328148544,2.1482253074645996,-1.3313578367233276,-0.06663858145475388,0.4601483941078186,-0.13921985030174255,0.04900072515010834,0.06736451387405396,2.001267194747925,-1.5980544090270996,-0.02071460708975792,0.6393983364105225,0.08926289528608322,0.05823632329702377
903,30.266666364,0.00020943951676599681,2.145987033843994,-1.3348277807235718,-0.06714281439781189,0.45605453848838806,-0.13920746743679047,0.048900000751018524,0.06822492182254791,2.001438856124878,-1.5998386144638062,-0.020001472905278206,0.6397678852081299,0.08962265402078629,0.05820000171661377,-0.00046480618766508996,2.148054599761963,-1.331386923789978,-0.07099408656358719,0.46380773186683655,-0.1416536271572113,0.03627367317676544,0.06615861505270004,2.003282308578491,-1.5998080968856812,-0.02066102810204029,0.643063485622406,0.09053251892328262,0.05787675082683563
904,30.299999697,0.0,2.145987033843994,-1.3329777717590332,-0.07164576649665833,0.4585677981376648,-0.1428901106119156,0.039799999445676804,0.0665319487452507,2.001438856124878,-1.5998386144638062,-0.020001472905278206,0.6397678852081299,0.09005898982286453,0.057999998331069946,8.11483696452342e-05,2.14677357673645,-1.3310045003890991,-0.0739271268248558,0.46564289927482605,-0.14484050869941711,0.03169757127761841,0.06695771962404251,2.0027618408203125,-1.597954511642456,-0.016589684411883354,0.6430054306983948,0.08971879631280899,0.05766453593969345
905,30.33333303,0.0,2.145987033843994,-1.3329777717590332,-0.07164576649665833,0.4585677981376648,-0.1428901106119156,0.039799999445676804,0.0665319487452507,2.001438856124878,-1.5998386144638062,-0.020001472905278206,0.6397678852081299,0.09005898982286453,0.057999998331069946,8.11483696452342e-05,2.14677357673645,-1.3310045003890991,-0.0739271268248558,0.46564289927482605,-0.14484050869941711,0.03169757127761841,0.06695771962404251,2.0027618408203125,-1.597954511642456,-0.016589684411883354,0.6430054306983948,0.08971879631280899,0.05766453593969345
906,30.366666363,0.00020943951676599681,2.145987033843994,-1.3329777717590332,-0.07707373797893524,0.4628089666366577,-0.1472010761499405,0.03180000185966492,0.0665319487452507,2.0033063888549805,-1.5998386144638062,-0.016004668548703194,0.6464176177978516,0.08819148689508438,0.05779999867081642,0.0006433303351514041,2.147461175918579,-1.3306313753128052,-0.07888048142194748,0.46686258912086487,-0.14684821665287018,0.017733126878738403,0.06570370495319366,2.0037899017333984,-1.5999728441238403,-0.01705271378159523,0.6476337909698486,0.08808666467666626,0.05720977857708931
907,30.399999696,0.00020943951676599681,2.145987033843994,-1.3308135271072388,-0.0829380452632904,0.46326273679733276,-0.14959217607975006,0.022600000724196434,0.0665319487452507,2.0033063888549805,-1.5998386144638062,-0.016004668548703194,0.6464176177978516,0.0863937959074974,0.05770000070333481,0.000565761816687882,2.1486518383026123,-1.329272985458374,-0.0802873969078064,0.46927857398986816,-0.147213876247406,0.01422524731606245,0.06552049517631531,2.0075013637542725,-1.60087251663208,-0.015241091139614582,0.6494142413139343,0.08530675619840622,0.05708315595984459
908,30.433333029,0.00020943951676599681,2.145987033843994,-1.3308135271072388,-0.0829380452632904,0.46326273679733276,-0.14959217607975006,0.022600000724196434,0.0665319487452507,2.0033063888549805,-1.5998386144638062,-0.016004668548703194,0.6464176177978516,0.0863937959074974,0.05770000070333481,0.000565761816687882,2.1486518383026123,-1.329272985458374,-0.0802873969078064,0.46927857398986816,-0.147213876247406,0.01422524731606245,0.06552049517631531,2.0075013637542725,-1.60087251663208,-0.015241091139614582,0.6494142413139343,0.08530675619840622,0.05708315595984459
909,30.466666362,0.00020943951676599681,2.145987033843994,-1.32863187789917,-0.0826587900519371,0.4648160934448242,-0.14959217607975006,0.01590000092983246,0.0665319487452507,2.0054357051849365,-1.5998386144638062,-0.016004668548703194,0.6487388610839844,0.08826129883527756,0.05730000138282776,0.001192425494082272,2.146348237991333,-1.3286457061767578,-0.08294972032308578,0.47429439425468445,-0.14711938798427582,0.007541737984865904,0.06481724977493286,2.011298894882202,-1.6001170873641968,-0.014916294254362583,0.6545373201370239,0.08465176075696945,0.056620024144649506
910,30.499999695,0.00020943951676599681,2.1441195011138916,-1.3286144733428955,-0.08478809148073196,0.46938884258270264,-0.14959217607975006,0.01209999993443489,0.06421066075563431,2.0102179050445557,-1.5998386144638062,-0.015289084054529667,0.6539922952651978,0.08826129883527756,0.0568000003695488,0.00043531315168365836,2.1424906253814697,-1.3263936042785645,-0.08214189112186432,0.4784655272960663,-0.14725978672504425,0.006738706491887569,0.06361635029315948,2.0126419067382812,-1.5990023612976074,-0.012827356345951557,0.6577892899513245,0.08443523943424225,0.056527141481637955
911,30.533333028,0.00020943951676599681,2.1441195011138916,-1.3286144733428955,-0.08478809148073196,0.46938884258270264,-0.14959217607975006,0.01209999993443489,0.06421066075563431,2.0102179050445557,-1.5998386144638062,-0.015289084054529667,0.6539922952651978,0.08826129883527756,0.0568000003695488,0.00043531315168365836,2.1424906253814697,-1.3263936042785645,-0.08214189112186432,0.4784655272960663,-0.14725978672504425,0.006738706491887569,0.06361635029315948,2.0126419067382812,-1.5990023612976074,-0.012827356345951557,0.6577892899513245,0.08443523943424225,0.056527141481637955
912,30.566666361,0.00020943951676599681,2.1388661861419678,-1.3268691301345825,-0.08478809148073196,0.4804717004299164,-0.14959217607975006,0.011500000022351742,0.06415830552577972,2.0117363929748535,-1.5998386144638062,-0.013718287460505962,0.6627888083457947,0.08531169593334198,0.056699998676776886,0.009893959388136864,2.1288187503814697,-1.3238450288772583,-0.07540516555309296,0.49596238136291504,-0.14089836180210114,0.006505679804831743,0.06499333679676056,2.0123260021209717,-1.6005855798721313,-0.01563115231692791,0.6631988286972046,0.0845976173877716,0.0563519187271595
913,30.599999694,0.00938987173140049,2.1280276775360107,-1.3245303630828857,-0.08018042892217636,0.4936489164829254,-0.14247122406959534,0.011500000022351742,0.06415830552577972,2.0117363929748535,-1.5998386144638062,-0.013718287460505962,0.6652671694755554,0.08531169593334198,0.056699998676776886,0.013594233430922031,2.1150763034820557,-1.3222752809524536,-0.07143004983663559,0.5076715350151062,-0.1405455768108368,0.0065681831911206245,0.06461811065673828,2.014069080352783,-1.6002001762390137,-0.016506951302289963,0.665622889995575,0.08287961781024933,0.05629687383770943
914,30.633333027,0.00938987173140049,2.1280276775360107,-1.3245303630828857,-0.08018042892217636,0.4936489164829254,-0.14247122406959534,0.011500000022351742,0.06415830552577972,2.0117363929748535,-1.5998386144638062,-0.013718287460505962,0.6652671694755554,0.08531169593334198,0.056699998676776886,0.013594233430922031,2.1150763034820557,-1.3222752809524536,-0.07143004983663559,0.5076715350151062,-0.1405455768108368,0.0065681831911206245,0.06461811065673828,2.014069080352783,-1.6002001762390137,-0.016506951302289963,0.665622889995575,0.08287961781024933,0.05629687383770943
915,30.66666636,0.016894787549972534,2.1123545169830322,-1.3220345973968506,-0.0711396187543869,0.5157448053359985,-0.13779374957084656,0.011500000022351742,0.06415830552577972,2.0117363929748535,-1.5998386144638062,-0.0159872155636549,0.6633647680282593,0.0829380452632904,0.05660000070929527,0.03259517252445221,2.0738205909729004,-1.3216303586959839,-0.05359317362308502,0.5292136669158936,-0.13018837571144104,0.006557959597557783,0.0633985847234726,2.014899492263794,-1.6004000902175903,-0.01748030073940754,0.6724177598953247,0.08068351447582245,0.05625608190894127
916,30.699999693,0.030892327427864075,2.091061592102051,-1.3195562362670898,-0.056094881147146225,0.5386609435081482,-0.1307600736618042,0.011500000022351742,0.06415830552577972,2.0141797065734863,-1.5998386144638062,-0.0159872155636549,0.6726673245429993,0.08131489157676697,0.05649999901652336,0.04395473375916481,2.0497734546661377,-1.3185741901397705,-0.04474521428346634,0.54091477394104,-0.12626829743385315,0.006558305583894253,0.06251776963472366,2.0147435665130615,-1.5955764055252075,-0.01644735038280487,0.6745983958244324,0.08114749193191528,0.05619749426841736
917,30.733333026,0.030892327427864075,2.091061592102051,-1.3195562362670898,-0.056094881147146225,0.5386609435081482,-0.1307600736618042,0.011500000022351742,0.06415830552577972,2.0141797065734863,-1.5998386144638062,-0.0159872155636549,0.6726673245429993,0.08131489157676697,0.05649999901652336,0.04395473375916481,2.0497734546661377,-1.3185741901397705,-0.04474521428346634,0.54091477394104,-0.12626829743385315,0.006558305583894253,0.06251776963472366,2.0147435665130615,-1.5955764055252075,-0.01644735038280487,0.6745983958244324,0.08114749193191528,0.05619749426841736
918,30.766666359,0.04881685972213745,2.0640788078308105,-1.3152626752853394,-0.040334559977054596,0.5651899576187134,-0.12119566649198532,0.011300000362098217,0.06415830552577972,2.0141797065734863,-1.595038890838623,-0.0159872155636549,0.6744650602340698,0.08131489157676697,0.05649999901652336,0.07564607262611389,1.992318868637085,-1.3177117109298706,-0.025879690423607826,0.5658586025238037,-0.11384205520153046,0.006549165118485689,0.06270572543144226,2.009227752685547,-1.5927233695983887,-0.019299278035759926,0.6756709218025208,0.08115829527378082,0.056182924658060074
919,30.799999692,0.04881685972213745,2.0640788078308105,-1.3152626752853394,-0.040334559977054596,0.5651899576187134,-0.12119566649198532,0.011300000362098217,0.06415830552577972,2.0099387168884277,-1.5930842161178589,-0.01846558414399624,0.6769084930419922,0.08131489157676697,0.05640000104904175,0.07564607262611389,1.992318868637085,-1.3177117109298706,-0.025879690423607826,0.5658586025238037,-0.11384205520153046,0.006549165118485689,0.0627061277627945,2.0075135231018066,-1.5893737077713013,-0.020800413563847542,0.6776004433631897,0.08257947117090225,0.056133199483156204
920,30.833333025,0.06953391432762146,2.0299923419952393,-1.3152626752853394,-0.02644173800945282,0.5737770199775696,-0.11620402336120605,0.011300000362098217,0.06415830552577972,2.00581955909729,-1.586783528327942,-0.0207345113158226,0.6769084930419922,0.08131489157676697,0.056299999356269836,0.09535294771194458,1.9627676010131836,-1.318307638168335,-0.01739610731601715,0.5783457159996033,-0.11068472266197205,0.00651121698319912,0.06112967059016228,2.003528118133545,-1.582991600036621,-0.02168416976928711,0.6775648593902588,0.0843852311372757,0.056140393018722534
921,30.866666358,0.09306095540523529,1.9827638864517212,-1.3152626752853394,-0.01235693134367466,0.5843886137008667,-0.1071457639336586,0.01119999960064888,0.06415830552577972,2.00581955909729,-1.586783528327942,-0.0207345113158226,0.6769084930419922,0.08131489157676697,0.056299999356269836,0.1346035897731781,1.8981186151504517,-1.316924810409546,-0.0011414194013923407,0.6042603850364685,-0.09574917703866959,0.006517030764371157,0.06112967059016228,2.003528118133545,-1.582991600036621,-0.02168416976928711,0.6775648593902588,0.0843852311372757,0.056140393018722534
922,30.899999691,0.09306095540523529,1.9827638864517212,-1.3152626752853394,-0.01235693134367466,0.5843886137008667,-0.1071457639336586,0.01119999960064888,0.061941735446453094,2.003009557723999,-1.5841655731201172,-0.0207345113158226,0.679247260093689,0.08386307209730148,0.056299999356269836,0.1346035897731781,1.8981186151504517,-1.316924810409546,-0.0011414194013923407,0.6042603850364685,-0.09574917703866959,0.006517030764371157,0.0636102557182312,2.0008389949798584,-1.5789473056793213,-0.019572928547859192,0.6774910092353821,0.08203896135091782,0.0560852512717247
923,30.933333024,0.1177922710776329,1.9437034130096436,-1.3152626752853394,0.0,0.6056641340255737,-0.0970752164721489,0.01119999960064888,0.061941735446453094,2.000234603881836,-1.5762417316436768,-0.0207345113158226,0.6773797273635864,0.08133234083652496,0.056299999356269836,0.153827965259552,1.8657329082489014,-1.3158719539642334,0.006504176650196314,0.6167740225791931,-0.09164830297231674,0.006471632048487663,0.0628502145409584,1.9950387477874756,-1.5738983154296875,-0.019895508885383606,0.6783055663108826,0.08367545157670975,0.056052956730127335
924,30.966666357,0.1488765925168991,1.8971903324127197,-1.3138140439987183,0.008098327554762363,0.6240948438644409,-0.0875806212425232,0.01119999960064888,0.061941735446453094,2.000234603881836,-1.5762417316436768,-0.0207345113158226,0.6773797273635864,0.08133234083652496,0.056299999356269836,0.19371633231639862,1.8033201694488525,-1.3146703243255615,0.014276424422860146,0.6424089670181274,-0.07734104245901108,0.006455701310187578,0.0628502145409584,1.9950387477874756,-1.5738983154296875,-0.019895508885383606,0.6783055663108826,0.08367545157670975,0.056052956730127335
925,30.99999969,0.1488765925168991,1.8971903324127197,-1.3138140439987183,0.008098327554762363,0.6240948438644409,-0.0875806212425232,0.01119999960064888,0.061941735446453094,1.995784044265747,-1.573763370513916,-0.0207345113158226,0.6814289093017578,0.08166395872831345,0.056299999356269836,0.19371633231639862,1.8033201694488525,-1.3146703243255615,0.014276424422860146,0.6424089670181274,-0.07734104245901108,0.006455701310187578,0.062135592103004456,1.993513584136963,-1.5707483291625977,-0.01878984458744526,0.6776955723762512,0.08312862366437912,0.05607318878173828
926,31.033333023,0.1771858185529709,1.8521608114242554,-1.3138140439987183,0.014957471750676632,0.6429967284202576,-0.07648032903671265,0.01119999960064888,0.061941735446453094,1.9914555549621582,-1.5699411630630493,-0.018709929659962654,0.6747966408729553,0.08166395872831345,0.05620000138878822,0.21091815829277039,1.7720613479614258,-1.314370036125183,0.015419747680425644,0.6552990078926086,-0.07094714790582657,0.006456221919506788,0.06108469143509865,1.9903433322906494,-1.5629944801330566,-0.018148118630051613,0.6759377717971802,0.08036661893129349,0.05586577579379082
927,31.066666356,0.20832249522209167,1.8064332008361816,-1.3138140439987183,0.019477874040603638,0.6602755188941956,-0.06632251292467117,0.01119999960064888,0.061941735446453094,1.9914555549621582,-1.5699411630630493,-0.018709929659962654,0.6747966408729553,0.08166395872831345,0.05620000138878822,0.24433723092079163,1.7099186182022095,-1.3179078102111816,0.017656004056334496,0.6800035834312439,-0.057321544736623764,0.006764167919754982,0.06108469143509865,1.9903433322906494,-1.5629944801330566,-0.018148118630051613,0.6759377717971802,0.08036661893129349,0.05586577579379082
928,31.099999689,0.20832249522209167,1.8064332008361816,-1.3138140439987183,0.019477874040603638,0.6602755188941956,-0.06632251292467117,0.01119999960064888,0.061941735446453094,1.9908097982406616,-1.5629771947860718,-0.018709929659962654,0.6769259572029114,0.08166395872831345,0.05590000003576279,0.24433723092079163,1.7099186182022095,-1.3179078102111816,0.017656004056334496,0.6800035834312439,-0.057321544736623764,0.006764167919754982,0.061791472136974335,1.9878851175308228,-1.5605528354644775,-0.016121605411171913,0.6732779741287231,0.0819498673081398,0.05580675229430199
929,31.133333022,0.2338915765285492,1.7634283304214478,-1.3161178827285767,0.019285887479782104,0.6822143197059631,-0.05537929758429527,0.01119999960064888,0.061941735446453094,1.9908097982406616,-1.5629771947860718,-0.018709929659962654,0.6769259572029114,0.08166395872831345,0.05590000003576279,0.25756940245628357,1.679044485092163,-1.322645902633667,0.016218513250350952,0.6940672397613525,-0.05267389863729477,0.006830568425357342,0.061791472136974335,1.9878851175308228,-1.5605528354644775,-0.016121605411171913,0.6732779741287231,0.0819498673081398,0.05580675229430199
930,31.166666355,0.2567030191421509,1.720109224319458,-1.3271832466125488,0.014800392091274261,0.7028964757919312,-0.04433136433362961,0.01119999960064888,0.061941735446453094,1.9867256879806519,-1.5580729246139526,-0.016842426732182503,0.6751980781555176,0.08166395872831345,0.05570000037550926,0.2787744402885437,1.6285337209701538,-1.3468034267425537,0.011211821809411049,0.7281884551048279,-0.03887571394443512,0.0071441661566495895,0.06218035891652107,1.9829241037368774,-1.5549277067184448,-0.014997878111898899,0.6712513566017151,0.0809650644659996,0.055619437247514725
931,31.199999688,0.2567030191421509,1.720109224319458,-1.3271832466125488,0.014800392091274261,0.7028964757919312,-0.04433136433362961,0.01119999960064888,0.061941735446453094,1.9823973178863525,-1.5554723739624023,-0.014905111864209175,0.6701017022132874,0.08166395872831345,0.05550000071525574,0.2787744402885437,1.6285337209701538,-1.3468034267425537,0.011211821809411049,0.7281884551048279,-0.03887571394443512,0.0071441661566495895,0.06138882786035538,1.9789996147155762,-1.5527206659317017,-0.014446498826146126,0.668361246585846,0.0830410048365593,0.05547148361802101
932,31.233333021,0.2747148275375366,1.676615595817566,-1.343624234199524,0.010733774863183498,0.7241371273994446,-0.03675663471221924,0.01119999960064888,0.061941735446453094,1.9823973178863525,-1.5554723739624023,-0.014905111864209175,0.6701017022132874,0.08166395872831345,0.05550000071525574,0.2820902466773987,1.6099915504455566,-1.3644254207611084,0.0055878437124192715,0.7461443543434143,-0.03652077913284302,0.0072472356259822845,0.06138882786035538,1.9789996147155762,-1.5527206659317017,-0.014446498826146126,0.668361246585846,0.0830410048365593,0.05547148361802101
933,31.266666354,0.2830575108528137,1.6335583925247192,-1.3700135946273804,0.0,0.7480829954147339,-0.031817350536584854,0.01119999960064888,0.061941735446453094,1.97826087474823,-1.552767038345337,-0.014887658879160881,0.6655464172363281,0.08166395872831345,0.05550000071525574,0.27699795365333557,1.5881829261779785,-1.4105637073516846,-0.010978511534631252,0.7828927636146545,-0.030679011717438698,0.007515706121921539,0.06360628455877304,1.9756560325622559,-1.548172950744629,-0.01008750218898058,0.6654677391052246,0.07824397087097168,0.05541657656431198
934,31.299999687,0.2830575108528137,1.6335583925247192,-1.3700135946273804,0.0,0.7480829954147339,-0.031817350536584854,0.01119999960064888,0.061941735446453094,1.9774580001831055,-1.546710729598999,-0.008447393774986267,0.6653718948364258,0.0794822946190834,0.05550000071525574,0.27699795365333557,1.5881829261779785,-1.4105637073516846,-0.010978511534631252,0.7828927636146545,-0.030679011717438698,0.007515706121921539,0.0634126141667366,1.9743692874908447,-1.545700192451477,-0.007941940799355507,0.6634684205055237,0.08043091744184494,0.05544133111834526
935,31.33333302,0.28209757804870605,1.6063661575317383,-1.3968393802642822,-0.009564404375851154,0.7738615274429321,-0.02998475730419159,0.01119999960064888,0.061941735446453094,1.9774580001831055,-1.546710729598999,-0.008447393774986267,0.6653718948364258,0.0794822946190834,0.05550000071525574,0.2688687741756439,1.5859549045562744,-1.4350712299346924,-0.021330637857317924,0.7995411157608032,-0.02616710402071476,0.007620883174240589,0.0634126141667366,1.9743692874908447,-1.545700192451477,-0.007941940799355507,0.6634684205055237,0.08043091744184494,0.05544133111834526
936,31.366666353,0.26715755462646484,1.591181755065918,-1.4281156063079834,-0.02658136375248432,0.7982437610626221,-0.02502802200615406,0.01119999960064888,0.06417575478553772,1.9757651090621948,-1.5447908639907837,-0.008133234456181526,0.6613401770591736,0.08134979754686356,0.05550000071525574,0.24045026302337646,1.593355417251587,-1.4871463775634766,-0.045081254094839096,0.8273835778236389,-0.026903092861175537,0.007988139055669308,0.06475473195314407,1.9704399108886719,-1.5413274765014648,-0.0034853825345635414,0.6589734554290771,0.0792703628540039,0.055205490440130234
937,31.399999686,0.26715755462646484,1.591181755065918,-1.4281156063079834,-0.02658136375248432,0.7982437610626221,-0.02502802200615406,0.01119999960064888,0.06417575478553772,1.9713668823242188,-1.5410209894180298,0.0,0.6579891443252563,0.07853981852531433,0.05550000071525574,0.24045026302337646,1.593355417251587,-1.4871463775634766,-0.045081254094839096,0.8273835778236389,-0.026903092861175537,0.007988139055669308,0.06519348919391632,1.971203088760376,-1.5387792587280273,-0.003307488514110446,0.6575981378555298,0.08077124506235123,0.05508066713809967
938,31.433333019,0.24380503594875336,1.5855966806411743,-1.4615038633346558,-0.042900193482637405,0.8193797469139099,-0.02687807008624077,0.01119999960064888,0.06417575478553772,1.9713668823242188,-1.5410209894180298,0.0,0.6579891443252563,0.07853981852531433,0.05550000071525574,0.21795327961444855,1.6028259992599487,-1.5115660429000854,-0.05798233300447464,0.8355046510696411,-0.03618399053812027,0.008174670860171318,0.06519348919391632,1.971203088760376,-1.5387792587280273,-0.003307488514110446,0.6575981378555298,0.08077124506235123,0.05508066713809967
939,31.466666352,0.21734584867954254,1.5911120176315308,-1.494909405708313,-0.05930628627538681,0.8364839553833008,-0.03900810703635216,0.01119999960064888,0.06599090248346329,1.9713668823242188,-1.53908371925354,0.0,0.6579891443252563,0.08021533489227295,0.05530000105500221,0.16649237275123596,1.6289901733398438,-1.5522387027740479,-0.07237730175256729,0.8427581191062927,-0.0480487123131752,0.008603539317846298,0.06449999660253525,1.9675499200820923,-1.536179542541504,-0.00020083371782675385,0.6552678346633911,0.07970484346151352,0.05480058118700981
940,31.499999685,0.21734584867954254,1.5911120176315308,-1.494909405708313,-0.05930628627538681,0.8364839553833008,-0.03900810703635216,0.01119999960064888,0.06599090248346329,1.9691153764724731,-1.536797285079956,0.0,0.6563834547996521,0.08021533489227295,0.05510000139474869,0.16649237275123596,1.6289901733398438,-1.5522387027740479,-0.07237730175256729,0.8427581191062927,-0.0480487123131752,0.008603539317846298,0.06432227045297623,1.9677053689956665,-1.5352407693862915,0.002498190151527524,0.6550022959709167,0.0806928426027298,0.05466578155755997
941,31.533333018,0.18685494363307953,1.6106595993041992,-1.5271631479263306,-0.07250097393989563,0.8437969088554382,-0.04778711497783661,0.01119999960064888,0.06599090248346329,1.9691153764724731,-1.536797285079956,0.0,0.6563834547996521,0.08021533489227295,0.05510000139474869,0.1371477097272873,1.6455293893814087,-1.5679925680160522,-0.07884082943201065,0.8424063324928284,-0.06281421333551407,0.00875136163085699,0.06432227045297623,1.9677053689956665,-1.5352407693862915,0.002498190151527524,0.6550022959709167,0.0806928426027298,0.05466578155755997
942,31.566666351,0.15261158347129822,1.638462781906128,-1.5546519756317139,-0.0783652812242508,0.8415104746818542,-0.06585127115249634,0.01119999960064888,0.06328564137220383,1.967282772064209,-1.5350171327590942,0.0,0.653713047504425,0.08021533489227295,0.054999999701976776,0.07359003275632858,1.6791210174560547,-1.5917431116104126,-0.08187875151634216,0.8337275385856628,-0.09231587499380112,0.009085582569241524,0.06463977694511414,1.9680575132369995,-1.5329718589782715,0.003973056562244892,0.6529715061187744,0.07755471765995026,0.05442865937948227
943,31.599999684,0.15261158347129822,1.638462781906128,-1.5546519756317139,-0.0783652812242508,0.8415104746818542,-0.06585127115249634,0.01119999960064888,0.06328564137220383,1.9672304391860962,-1.5331670045852661,0.0,0.6514965295791626,0.07794640213251114,0.05469999834895134,0.07359003275632858,1.6791210174560547,-1.5917431116104126,-0.08187875151634216,0.8337275385856628,-0.09231587499380112,0.009085582569241524,0.06406646966934204,1.9657706022262573,-1.5319898128509521,0.004102463833987713,0.6528821587562561,0.08185149729251862,0.054309070110321045
944,31.633333017,0.11438887566328049,1.6704022884368896,-1.5816348791122437,-0.07991862297058105,0.8338659405708313,-0.08503244072198868,0.01119999960064888,0.06328564137220383,1.9672304391860962,-1.5331670045852661,0.0,0.6514965295791626,0.07794640213251114,0.05469999834895134,0.03967120498418808,1.6991691589355469,-1.6005420684814453,-0.07907775044441223,0.8256443738937378,-0.10907737165689468,0.00929205771535635,0.06406646966934204,1.9657706022262573,-1.5319898128509521,0.004102463833987713,0.6528821587562561,0.08185149729251862,0.054309070110321045
945,31.66666635,0.07312929630279541,1.6958142518997192,-1.6016536951065063,-0.07991862297058105,0.8236033916473389,-0.10733775049448013,0.01119999960064888,0.06328564137220383,1.9672304391860962,-1.5313169956207275,0.0,0.6551791429519653,0.08201301842927933,0.0544000007212162,-0.0279400572180748,1.7382668256759644,-1.6203792095184326,-0.07675816863775253,0.8121992945671082,-0.14582358300685883,0.009618448093533516,0.06522257626056671,1.9679615497589111,-1.5328867435455322,0.005450476426631212,0.649170994758606,0.07990375906229019,0.05406859517097473
946,31.699999683,0.07312929630279541,1.6958142518997192,-1.6016536951065063,-0.07991862297058105,0.8236033916473389,-0.10733775049448013,0.01119999960064888,0.06328564137220383,1.9672304391860962,-1.5313169956207275,0.0,0.6484072804450989,0.08162905275821686,0.054099999368190765,-0.0279400572180748,1.7382668256759644,-1.6203792095184326,-0.07675816863775253,0.8121992945671082,-0.14582358300685883,0.009618448093533516,0.06530185788869858,1.969521403312683,-1.533369779586792,0.007339636795222759,0.6505124568939209,0.08019760251045227,0.05395326018333435
947,31.733333016,0.022567106410861015,1.7233381271362305,-1.6192291975021362,-0.07761479169130325,0.8096407651901245,-0.13062043488025665,0.01140000019222498,0.06328564137220383,1.9672304391860962,-1.5313169956207275,0.0,0.6484072804450989,0.08162905275821686,0.054099999368190765,-0.05816179886460304,1.7570322751998901,-1.6282191276550293,-0.07702513784170151,0.8076608777046204,-0.1603640615940094,0.009717064909636974,0.06530185788869858,1.969521403312683,-1.533369779586792,0.007339636795222759,0.6505124568939209,0.08019760251045227,0.05395326018333435
948,31.766666349,-0.02045525796711445,1.7516647577285767,-1.633087158203125,-0.07761479169130325,0.804684042930603,-0.15770794451236725,0.011500000022351742,0.06504841893911362,1.9690630435943604,-1.5332368612289429,0.007888888008892536,0.6506412625312805,0.0791855901479721,0.05400000140070915,-0.11664076149463654,1.7965973615646362,-1.6490031480789185,-0.07395195215940475,0.7996938824653625,-0.18736931681632996,0.010050252079963684,0.06386027485132217,1.967708706855774,-1.5381712913513184,0.008177067153155804,0.647465169429779,0.08014806360006332,0.0537557527422905
949,31.799999682,-0.02045525796711445,1.7516647577285767,-1.633087158203125,-0.07761479169130325,0.804684042930603,-0.15770794451236725,0.011500000022351742,0.06504841893911362,1.9690630435943604,-1.5357675552368164,0.007888888008892536,0.6506412625312805,0.08105309307575226,0.05389999970793724,-0.11664076149463654,1.7965973615646362,-1.6490031480789185,-0.07395195215940475,0.7996938824653625,-0.18736931681632996,0.010050252079963684,0.06334800273180008,1.9683711528778076,-1.535067081451416,0.00879446230828762,0.6486477255821228,0.08076544851064682,0.05364326387643814
950,31.833333015,-0.06408849358558655,1.7804627418518066,-1.647695541381836,-0.07281513512134552,0.8004952669143677,-0.17950710654258728,0.011599999852478504,0.06504841893911362,1.9690630435943604,-1.5357675552368164,0.007888888008892536,0.6506412625312805,0.08105309307575226,0.05389999970793724,-0.143905371427536,1.8165435791015625,-1.6598254442214966,-0.07239291816949844,0.7965744137763977,-0.19878116250038147,0.010173582471907139,0.06334800273180008,1.9683711528778076,-1.535067081451416,0.00879446230828762,0.6486477255821228,0.08076544851064682,0.05364326387643814
951,31.866666348,-0.10649999231100082,1.8086148500442505,-1.6634384393692017,-0.07197737693786621,0.7960795760154724,-0.2001543641090393,0.011599999852478504,0.06504841893911362,1.9690630435943604,-1.5372685194015503,0.0103672556579113,0.6473251581192017,0.07904595881700516,0.053700000047683716,-0.19871190190315247,1.8554402589797974,-1.6843842267990112,-0.06739182770252228,0.7937725186347961,-0.22539249062538147,0.01037328876554966,0.06428995728492737,1.9724360704421997,-1.5385583639144897,0.010693591088056564,0.6485296487808228,0.07758934050798416,0.05346564203500748
952,31.899999681,-0.10649999231100082,1.8086148500442505,-1.6634384393692017,-0.07197737693786621,0.7960795760154724,-0.2001543641090393,0.011599999852478504,0.06504841893911362,1.9714890718460083,-1.5372685194015503,0.011972958222031593,0.6472902894020081,0.07723081856966019,0.053599998354911804,-0.19871190190315247,1.8554402589797974,-1.6843842267990112,-0.06739182770252228,0.7937725186347961,-0.22539249062538147,0.01037328876554966,0.06352414190769196,1.970134973526001,-1.542290449142456,0.009400145150721073,0.6485603451728821,0.07998676598072052,0.053363949060440063
953,31.933333014,-0.15451399981975555,1.8408859968185425,-1.6826894283294678,-0.06492625176906586,0.7935488224029541,-0.22225022315979004,0.011699999682605267,0.06504841893911362,1.9714890718460083,-1.5372685194015503,0.011972958222031593,0.6472902894020081,0.07723081856966019,0.053599998354911804,-0.22274556756019592,1.8767309188842773,-1.693894386291504,-0.06325637549161911,0.7923310995101929,-0.23776938021183014,0.010490203276276588,0.06352414190769196,1.970134973526001,-1.542290449142456,0.009400145150721073,0.6485603451728821,0.07998676598072052,0.053363949060440063
954,31.966666347,-0.19378390908241272,1.8700679540634155,-1.6990954875946045,-0.06258750706911087,0.7935488224029541,-0.2405412793159485,0.011800000444054604,0.06504841893911362,1.9714890718460083,-1.540148377418518,0.011187560856342316,0.6495940685272217,0.07902850955724716,0.05350000038743019,-0.26749274134635925,1.918444037437439,-1.722203016281128,-0.058089226484298706,0.7964951395988464,-0.2587617337703705,0.01058476697653532,0.06341489404439926,1.9699708223342896,-1.5420281887054443,0.012652912177145481,0.6485238671302795,0.0791698470711708,0.05309068039059639
955,31.99999968,-0.19378390908241272,1.8700679540634155,-1.6990954875946045,-0.06258750706911087,0.7935488224029541,-0.2405412793159485,0.011800000444054604,0.06316346675157547,1.9695866107940674,-1.5413002967834473,0.011187560856342316,0.6474822163581848,0.07902850955724716,0.053199999034404755,-0.26749274134635925,1.918444037437439,-1.722203016281128,-0.058089226484298706,0.7964951395988464,-0.2587617337703705,0.01058476697653532,0.0640030950307846,1.9697191715240479,-1.542554497718811,0.012843944132328033,0.6468632817268372,0.0758466050028801,0.053075164556503296
956,32.033333013,-0.23172736167907715,1.9043112993240356,-1.719864845275879,-0.05656612291932106,0.7979994416236877,-0.25679028034210205,0.011900000274181366,0.06316346675157547,1.9695866107940674,-1.5413002967834473,0.011187560856342316,0.6474822163581848,0.07902850955724716,0.053199999034404755,-0.30242905020713806,1.95648193359375,-1.7417888641357422,-0.05038827657699585,0.7988623976707458,-0.2753315567970276,0.010667317546904087,0.0640030950307846,1.9697191715240479,-1.542554497718811,0.012843944132328033,0.6468632817268372,0.0758466050028801,0.053075164556503296
957,32.066666346,-0.26567402482032776,1.9337375164031982,-1.7365152835845947,-0.052028264850378036,0.7959225177764893,-0.27057838439941406,0.011900000274181366,0.06316346675157547,1.967963457107544,-1.5428012609481812,0.01186823844909668,0.6448817253112793,0.07452555745840073,0.05310000106692314,-0.3210321366786957,1.973165512084961,-1.7478821277618408,-0.04693843051791191,0.797682523727417,-0.2829694449901581,0.010694947093725204,0.06372363120317459,1.9672120809555054,-1.543524980545044,0.01506792102009058,0.6499482989311218,0.07427562773227692,0.052771925926208496
958,32.099999679,-0.26567402482032776,1.9337375164031982,-1.7365152835845947,-0.052028264850378036,0.7959225177764893,-0.27057838439941406,0.011900000274181366,0.06316346675157547,1.967963457107544,-1.5428012609481812,0.013648474588990211,0.6519502997398376,0.07452555745840073,0.052799999713897705,-0.3210321366786957,1.973165512084961,-1.7478821277618408,-0.04693843051791191,0.797682523727417,-0.2829694449901581,0.010694947093725204,0.06500007957220078,1.9669517278671265,-1.5442180633544922,0.017359556630253792,0.6508657932281494,0.0755065381526947,0.052751533687114716
959,32.133333012,-0.2972993850708008,1.9601094722747803,-1.7490118741989136,-0.047333329916000366,0.7959923148155212,-0.2839999794960022,0.011900000274181366,0.06316346675157547,1.967963457107544,-1.5428012609481812,0.013648474588990211,0.6519502997398376,0.07452555745840073,0.052799999713897705,-0.3486194312572479,2.006403684616089,-1.7528752088546753,-0.03790483996272087,0.7912726998329163,-0.2973359525203705,0.010697288438677788,0.06500007957220078,1.9669517278671265,-1.5442180633544922,0.017359556630253792,0.6508657932281494,0.0755065381526947,0.052751533687114716
960,32.166666345,-0.32911673188209534,1.9866036176681519,-1.752903938293457,-0.040055304765701294,0.7905468940734863,-0.2941403388977051,0.011900000274181366,0.06513568758964539,1.967963457107544,-1.5428012609481812,0.016109388321638107,0.65212482213974,0.07452555745840073,0.052799999713897705,-0.35916170477867126,2.019503593444824,-1.750532865524292,-0.03591730073094368,0.7876386046409607,-0.3046455383300781,0.01066857110708952,0.06450541317462921,1.9697375297546387,-1.5445183515548706,0.01654200069606304,0.6499030590057373,0.07575172930955887,0.0524381622672081
961,32.199999678,-0.35157912969589233,2.010881185531616,-1.7504780292510986,-0.035988688468933105,0.7859392166137695,-0.3067765235900879,0.011900000274181366,0.06513568758964539,1.967963457107544,-1.543761134147644,0.016109388321638107,0.6495591998100281,0.07452555745840073,0.05260000005364418,-0.37654125690460205,2.0417308807373047,-1.7437649965286255,-0.028980880975723267,0.7735202312469482,-0.3135070204734802,0.010674894787371159,0.06404051184654236,1.9657381772994995,-1.5442537069320679,0.019219890236854553,0.6493211388587952,0.07424511015415192,0.052397675812244415
962,32.233333011,-0.35157912969589233,2.010881185531616,-1.7504780292510986,-0.035988688468933105,0.7859392166137695,-0.3067765235900879,0.011900000274181366,0.06513568758964539,1.967963457107544,-1.543761134147644,0.016109388321638107,0.6495591998100281,0.07452555745840073,0.05260000005364418,-0.37654125690460205,2.0417308807373047,-1.7437649965286255,-0.028980880975723267,0.7735202312469482,-0.3135070204734802,0.010674894787371159,0.06404051184654236,1.9657381772994995,-1.5442537069320679,0.019219890236854553,0.6493211388587952,0.07424511015415192,0.052397675812244415
963,32.266666344,-0.36969563364982605,2.032819986343384,-1.746097207069397,-0.02949606440961361,0.7732681035995483,-0.3131644129753113,0.011900000274181366,0.06513568758964539,1.967963457107544,-1.543761134147644,0.020315632224082947,0.6520375609397888,0.07452555745840073,0.05249999836087227,-0.38538506627082825,2.050577163696289,-1.7367972135543823,-0.028800129890441895,0.7634456157684326,-0.3219953179359436,0.010842368006706238,0.06368716061115265,1.9664649963378906,-1.5448073148727417,0.023240847513079643,0.6495140790939331,0.07686974108219147,0.05224370211362839
964,32.299999677,-0.38411206007003784,2.0486152172088623,-1.7368992567062378,-0.02949606440961361,0.7624470591545105,-0.323112815618515,0.011900000274181366,0.06513568758964539,1.967963457107544,-1.543761134147644,0.020315632224082947,0.6520375609397888,0.07452555745840073,0.05249999836087227,-0.38873687386512756,2.056093454360962,-1.7308794260025024,-0.027462733909487724,0.7562828063964844,-0.32630491256713867,0.01080108992755413,0.06368716061115265,1.9664649963378906,-1.5448073148727417,0.023240847513079643,0.6495140790939331,0.07686974108219147,0.05224370211362839
965,32.33333301,-0.38411206007003784,2.0486152172088623,-1.7368992567062378,-0.02949606440961361,0.7624470591545105,-0.323112815618515,0.011900000274181366,0.06513568758964539,1.9676493406295776,-1.5455414056777954,0.02223549410700798,0.6477440595626831,0.0763232484459877,0.052400000393390656,-0.38873687386512756,2.056093454360962,-1.7308794260025024,-0.027462733909487724,0.7562828063964844,-0.32630491256713867,0.01080108992755413,0.06433766335248947,1.9663808345794678,-1.545256495475769,0.021092848852276802,0.6488614082336426,0.07480305433273315,0.05213199555873871
966,32.366666343,-0.3928212523460388,2.0615131855010986,-1.7242282629013062,-0.027000242844223976,0.7490953207015991,-0.32937854528427124,0.011900000274181366,0.06513568758964539,1.965834140777588,-1.5451748371124268,0.02223549410700798,0.6477440595626831,0.07442083954811096,0.052400000393390656,-0.39547786116600037,2.0685811042785645,-1.7111557722091675,-0.025092726573348045,0.7390018105506897,-0.3337741494178772,0.010805723257362843,0.06700685620307922,1.9636731147766113,-1.545556902885437,0.02351437136530876,0.64834064245224,0.07015410810709,0.05199103802442551
967,32.399999676,-0.39556142687797546,2.069751024246216,-1.7104575634002686,-0.027000242844223976,0.7388327717781067,-0.3341432809829712,0.011900000274181366,0.06513568758964539,1.965834140777588,-1.5451748371124268,0.02223549410700798,0.6477440595626831,0.07442083954811096,0.052400000393390656,-0.3999291658401489,2.0742602348327637,-1.7045267820358276,-0.023568980395793915,0.7326803803443909,-0.33494964241981506,0.010819354094564915,0.06700685620307922,1.9636731147766113,-1.545556902885437,0.02351437136530876,0.64834064245224,0.07015410810709,0.05199103802442551
968,32.433333009,-0.39556142687797546,2.069751024246216,-1.7104575634002686,-0.027000242844223976,0.7388327717781067,-0.3341432809829712,0.011900000274181366,0.06513568758964539,1.965834140777588,-1.5451748371124268,0.02223549410700798,0.6495591998100281,0.0702844113111496,0.052299998700618744,-0.3999291658401489,2.0742602348327637,-1.7045267820358276,-0.023568980395793915,0.7326803803443909,-0.33494964241981506,0.010819354094564915,0.06657451391220093,1.9646012783050537,-1.545571208000183,0.024666965007781982,0.6488687992095947,0.07212228327989578,0.05195308104157448
969,32.466666342,-0.399802565574646,2.0787394046783447,-1.6979609727859497,-0.024905849248170853,0.7294778227806091,-0.3341432809829712,0.011900000274181366,0.06696828454732895,1.963809609413147,-1.5451748371124268,0.024504423141479492,0.6496464610099792,0.07253588736057281,0.05209999904036522,-0.4024476706981659,2.085035562515259,-1.6949838399887085,-0.02624976634979248,0.7240487933158875,-0.33540642261505127,0.010908915661275387,0.0672692134976387,1.961924433708191,-1.5466092824935913,0.025433974340558052,0.6503316164016724,0.07070072740316391,0.051692258566617966
970,32.499999675,-0.4020366072654724,2.0879547595977783,-1.6920617818832397,-0.024905849248170853,0.7218681573867798,-0.33656927943229675,0.011900000274181366,0.06696828454732895,1.963809609413147,-1.5451748371124268,0.024504423141479492,0.6496464610099792,0.07253588736057281,0.05209999904036522,-0.40131986141204834,2.089015245437622,-1.6920108795166016,-0.02692965418100357,0.7202654480934143,-0.3370368480682373,0.01096098218113184,0.0672692134976387,1.961924433708191,-1.5466092824935913,0.025433974340558052,0.6503316164016724,0.07070072740316391,0.051692258566617966
971,32.533333008,-0.4020366072654724,2.0879547595977783,-1.6920617818832397,-0.024905849248170853,0.7218681573867798,-0.33656927943229675,0.011900000274181366,0.06696828454732895,1.9624133110046387,-1.5451748371124268,0.024504423141479492,0.6516361236572266,0.0705811157822609,0.052000001072883606,-0.40131986141204834,2.089015245437622,-1.6920108795166016,-0.02692965418100357,0.7202654480934143,-0.3370368480682373,0.01096098218113184,0.06830693781375885,1.9627294540405273,-1.5452768802642822,0.024190595373511314,0.6495100855827332,0.07475245743989944,0.051550086587667465
972,32.566666341,-0.4020366072654724,2.092876672744751,-1.6896706819534302,-0.024905849248170853,0.7184473276138306,-0.33656927943229675,0.011900000274181366,0.0691150352358818,1.9624133110046387,-1.5451748371124268,0.02687807008624077,0.6509729027748108,0.07389724254608154,0.051600001752376556,-0.4062303304672241,2.098750591278076,-1.6894720792770386,-0.02669672667980194,0.7210456132888794,-0.33456116914749146,0.011004035361111164,0.0682675763964653,1.9625182151794434,-1.5438013076782227,0.024619752541184425,0.6497368216514587,0.07233955711126328,0.05130312591791153
973,32.599999674,-0.4063301086425781,2.101393938064575,-1.6896706819534302,-0.024905849248170853,0.7184473276138306,-0.33656927943229675,0.012000000104308128,0.0691150352358818,1.9624133110046387,-1.5451748371124268,0.02687807008624077,0.6509729027748108,0.07389724254608154,0.051600001752376556,-0.40811723470687866,2.10861873626709,-1.6868478059768677,-0.029317380860447884,0.7249308228492737,-0.33312925696372986,0.011090622283518314,0.0682675763964653,1.9625182151794434,-1.5438013076782227,0.024619752541184425,0.6497368216514587,0.07233955711126328,0.05130312591791153
974,32.633333007,-0.4063301086425781,2.101393938064575,-1.6896706819534302,-0.024905849248170853,0.7184473276138306,-0.33656927943229675,0.012000000104308128,0.0691150352358818,1.9624133110046387,-1.5451748371124268,0.026965336874127388,0.6488435864448547,0.07194247096776962,0.05130000039935112,-0.40811723470687866,2.10861873626709,-1.6868478059768677,-0.029317380860447884,0.7249308228492737,-0.33312925696372986,0.011090622283518314,0.06927338987588882,1.9627636671066284,-1.5439282655715942,0.026479104533791542,0.6498000025749207,0.06908642500638962,0.05127011612057686
975,32.66666634,-0.40830233693122864,2.108165740966797,-1.6876286268234253,-0.02871066704392433,0.7224790453910828,-0.33656927943229675,0.01209999993443489,0.0691150352358818,1.9624133110046387,-1.5434296131134033,0.026965336874127388,0.6511648893356323,0.06965608894824982,0.05130000039935112,-0.40708693861961365,2.112567901611328,-1.6906317472457886,-0.030300932005047798,0.7289180159568787,-0.33262327313423157,0.011107225902378559,0.06955491751432419,1.96238112449646,-1.544776201248169,0.02702254429459572,0.6497505307197571,0.07079102843999863,0.05105110630393028
976,32.699999673,-0.40830233693122864,2.1142220497131348,-1.689426302909851,-0.03148574009537697,0.7344520092010498,-0.3324328660964966,0.012600000016391277,0.0691150352358818,1.9624133110046387,-1.5434296131134033,0.026965336874127388,0.6511648893356323,0.06965608894824982,0.05130000039935112,-0.4095836579799652,2.12188982963562,-1.6979243755340576,-0.04465394467115402,0.7380355000495911,-0.3327423930168152,0.014167494140565395,0.06955491751432419,1.96238112449646,-1.544776201248169,0.02702254429459572,0.6497505307197571,0.07079102843999863,0.05105110630393028
977,32.733333006,-0.40830233693122864,2.1142220497131348,-1.689426302909851,-0.03148574009537697,0.7344520092010498,-0.3324328660964966,0.012600000016391277,0.0691150352358818,1.9624133110046387,-1.5434296131134033,0.026965336874127388,0.6493846774101257,0.06965608894824982,0.05130000039935112,-0.4095836579799652,2.12188982963562,-1.6979243755340576,-0.04465394467115402,0.7380355000495911,-0.3327423930168152,0.014167494140565395,0.06935995072126389,1.9606996774673462,-1.5422232151031494,0.02486414834856987,0.6506845951080322,0.07118154317140579,0.05092770978808403
978,32.766666339,-0.40830233693122864,2.121535062789917,-1.6946972608566284,-0.04207988828420639,0.7355864644050598,-0.3324328660964966,0.013700000010430813,0.0691150352358818,1.9614359140396118,-1.5434296131134033,0.02649409882724285,0.6523517370223999,0.06965608894824982,0.051100000739097595,-0.40855297446250916,2.123762607574463,-1.7025675773620605,-0.051343802362680435,0.7408859729766846,-0.3288632333278656,0.016084855422377586,0.06798411160707474,1.9607644081115723,-1.5429540872573853,0.023947197943925858,0.6502446532249451,0.06727011501789093,0.05073017627000809
979,32.799999672,-0.40830233693122864,2.1254096031188965,-1.7061641216278076,-0.052324969321489334,0.7405431866645813,-0.32941344380378723,0.015799999237060547,0.0691150352358818,1.9614359140396118,-1.5434296131134033,0.02649409882724285,0.6523517370223999,0.06965608894824982,0.051100000739097595,-0.4133647382259369,2.1288225650787354,-1.709537148475647,-0.07310107350349426,0.7446762919425964,-0.32187503576278687,0.02021794766187668,0.06798411160707474,1.9607644081115723,-1.5429540872573853,0.023947197943925858,0.6502446532249451,0.06727011501789093,0.05073017627000809
980,32.833333005,-0.40830233693122864,2.1254096031188965,-1.7061641216278076,-0.052324969321489334,0.7405431866645813,-0.32941344380378723,0.015799999237060547,0.0691150352358818,1.9614359140396118,-1.5434296131134033,0.023544492200016975,0.6502922177314758,0.06761405616998672,0.050999999046325684,-0.4133647382259369,2.1288225650787354,-1.709537148475647,-0.07310107350349426,0.7446762919425964,-0.32187503576278687,0.02021794766187668,0.06798288971185684,1.9615839719772339,-1.5438976287841797,0.02469809539616108,0.649875283241272,0.06847981363534927,0.05067814886569977
981,32.866666338,-0.410710871219635,2.1278879642486572,-1.709427833557129,-0.0656592845916748,0.7434753775596619,-0.3269350826740265,0.01860000006854534,0.0691150352358818,1.9614359140396118,-1.5434296131134033,0.0256388857960701,0.6502922177314758,0.06761405616998672,0.05090000107884407,-0.41272664070129395,2.1308231353759766,-1.7121098041534424,-0.08248892426490784,0.7458030581474304,-0.31998905539512634,0.02313491702079773,0.06819989532232285,1.963416337966919,-1.5434426069259644,0.026133349165320396,0.6488491296768188,0.0676536038517952,0.05038652941584587
982,32.899999671,-0.410710871219635,2.1278879642486572,-1.709427833557129,-0.0656592845916748,0.7434753775596619,-0.3269350826740265,0.01860000006854534,0.0691150352358818,1.9614359140396118,-1.5434296131134033,0.0256388857960701,0.6502922177314758,0.06761405616998672,0.05090000107884407,-0.41272664070129395,2.1308231353759766,-1.7121098041534424,-0.08248892426490784,0.7458030581474304,-0.31998905539512634,0.02313491702079773,0.06819989532232285,1.963416337966919,-1.5434426069259644,0.026133349165320396,0.6488491296768188,0.0676536038517952,0.05038652941584587
983,32.933333004,-0.4124387502670288,2.1294937133789062,-1.7136515378952026,-0.08281587064266205,0.7458838820457458,-0.31864476203918457,0.02250000089406967,0.0691150352358818,1.9614359140396118,-1.5434296131134033,0.0256388857960701,0.6502922177314758,0.06761405616998672,0.05079999938607216,-0.41580116748809814,2.1283679008483887,-1.7166523933410645,-0.10626871138811111,0.7448914051055908,-0.31241193413734436,0.030737966299057007,0.06922393292188644,1.9612956047058105,-1.5444101095199585,0.024819398298859596,0.648572564125061,0.06469663232564926,0.05037759616971016
984,32.966666337,-0.4170987904071808,2.1294937133789062,-1.716094970703125,-0.09887290000915527,0.7458838820457458,-0.3131295144557953,0.0272000003606081,0.0691150352358818,1.9614359140396118,-1.5434296131134033,0.0256388857960701,0.6479883790016174,0.06569419056177139,0.050599999725818634,-0.416791707277298,2.1267709732055664,-1.7191410064697266,-0.1198277547955513,0.7413325309753418,-0.3111931383609772,0.034410517662763596,0.06924496591091156,1.9628304243087769,-1.5446561574935913,0.025693364441394806,0.647571861743927,0.06495361775159836,0.05027715861797333
985,32.99999967,-0.4170987904071808,2.1294937133789062,-1.716094970703125,-0.09887290000915527,0.7458838820457458,-0.3131295144557953,0.0272000003606081,0.0691150352358818,1.9614359140396118,-1.5434296131134033,0.0256388857960701,0.6479883790016174,0.06569419056177139,0.050599999725818634,-0.416791707277298,2.1267709732055664,-1.7191410064697266,-0.1198277547955513,0.7413325309753418,-0.3111931383609772,0.034410517662763596,0.06924496591091156,1.9628304243087769,-1.5446561574935913,0.025693364441394806,0.647571861743927,0.06495361775159836,0.05027715861797333
986,33.033333003,-0.4170987904071808,2.1273818016052246,-1.7200219631195068,-0.11821115016937256,0.7416776418685913,-0.31124457716941833,0.03229999914765358,0.0691150352358818,1.9614359140396118,-1.5434296131134033,0.0256388857960701,0.6479883790016174,0.06569419056177139,0.05040000006556511,-0.4196036458015442,2.1238596439361572,-1.7214254140853882,-0.14147810637950897,0.7363637089729309,-0.30354562401771545,0.04196642339229584,0.06755277514457703,1.9644880294799805,-1.5438473224639893,0.02661077119410038,0.6485798954963684,0.06671142578125,0.050166305154561996
987,33.066666336,-0.41865211725234985,2.1252875328063965,-1.7225526571273804,-0.13398893177509308,0.7397229075431824,-0.3068114221096039,0.03759999945759773,0.0691150352358818,1.9635303020477295,-1.5434296131134033,0.023858651518821716,0.646295428276062,0.06569419056177139,0.05009999871253967,-0.42175009846687317,2.120501756668091,-1.7206507921218872,-0.1529327929019928,0.7292589545249939,-0.2988830506801605,0.04588751494884491,0.069490946829319,1.9645278453826904,-1.5455752611160278,0.027526721358299255,0.6473428606987,0.06333509832620621,0.0499386191368103
988,33.099999669,-0.41865211725234985,2.1252875328063965,-1.7225526571273804,-0.13398893177509308,0.7397229075431824,-0.3068114221096039,0.03759999945759773,0.0691150352358818,1.9635303020477295,-1.5434296131134033,0.023858651518821716,0.646295428276062,0.06569419056177139,0.05009999871253967,-0.42175009846687317,2.120501756668091,-1.7206507921218872,-0.1529327929019928,0.7292589545249939,-0.2988830506801605,0.04588751494884491,0.069490946829319,1.9645278453826904,-1.5455752611160278,0.027526721358299255,0.6473428606987,0.06333509832620621,0.0499386191368103
989,33.133333002,-0.4213573932647705,2.1188297271728516,-1.7203012704849243,-0.14908602833747864,0.7303679585456848,-0.2978404462337494,0.04349999874830246,0.0691150352358818,1.9654675722122192,-1.5453842878341675,0.02378883771598339,0.6484072804450989,0.06377433240413666,0.05009999871253967,-0.4227907955646515,2.1168618202209473,-1.719630479812622,-0.17410540580749512,0.7195208072662354,-0.29349881410598755,0.05309217795729637,0.06908395141363144,1.9654022455215454,-1.5462037324905396,0.02510526217520237,0.6474636197090149,0.06332824379205704,0.04986901208758354
990,33.166666335,-0.4213573932647705,2.1187076568603516,-1.7203012704849243,-0.16692328453063965,0.7189883589744568,-0.2932502329349518,0.04969999939203262,0.0691150352358818,1.9655025005340576,-1.5453842878341675,0.02378883771598339,0.6464524865150452,0.06377433240413666,0.04989999905228615,-0.4248259961605072,2.1106414794921875,-1.7185739278793335,-0.18540050089359283,0.713653564453125,-0.28662726283073425,0.05773662403225899,0.06955534964799881,1.966911792755127,-1.5464260578155518,0.02582426927983761,0.6476879715919495,0.060824181884527206,0.04979151859879494
991,33.199999668,-0.4213573932647705,2.1187076568603516,-1.7203012704849243,-0.16692328453063965,0.7189883589744568,-0.2932502329349518,0.04969999939203262,0.0691150352358818,1.9655025005340576,-1.5453842878341675,0.02378883771598339,0.6464524865150452,0.06377433240413666,0.04989999905228615,-0.4248259961605072,2.1106414794921875,-1.7185739278793335,-0.18540050089359283,0.713653564453125,-0.28662726283073425,0.05773662403225899,0.06955534964799881,1.966911792755127,-1.5464260578155518,0.02582426927983761,0.6476879715919495,0.060824181884527206,0.04979151859879494
992,33.233333001,-0.42411500215530396,2.1101903915405273,-1.7181893587112427,-0.18409733474254608,0.7133509516716003,-0.2865830659866333,0.05570000037550926,0.0691150352358818,1.9655025005340576,-1.5473740100860596,0.025987952947616577,0.6490007042884827,0.0616450309753418,0.049800001084804535,-0.428024023771286,2.105334758758545,-1.7160288095474243,-0.2013411670923233,0.7025576829910278,-0.2806726396083832,0.06430340558290482,0.0688360258936882,1.966894507408142,-1.54817795753479,0.025877712294459343,0.6472428441047668,0.06242988258600235,0.04959634318947792
993,33.266666334,-0.42699480056762695,2.1056699752807617,-1.7162870168685913,-0.19706512987613678,0.7036818265914917,-0.281748503446579,0.06069999933242798,0.0691150352358818,1.967527151107788,-1.5473740100860596,0.025987952947616577,0.6464001536369324,0.05890486389398575,0.049800001084804535,-0.42786112427711487,2.101837396621704,-1.7149245738983154,-0.2060343325138092,0.6977348327636719,-0.2791772186756134,0.06622376292943954,0.06823814660310745,1.9679439067840576,-1.5483089685440063,0.02529824711382389,0.6480778455734253,0.06208067387342453,0.04955366626381874
994,33.299999667,-0.42699480056762695,2.1056699752807617,-1.7162870168685913,-0.19706512987613678,0.7036818265914917,-0.281748503446579,0.06069999933242798,0.0691150352358818,1.967527151107788,-1.5473740100860596,0.025987952947616577,0.6464001536369324,0.05890486389398575,0.049800001084804535,-0.42786112427711487,2.101837396621704,-1.7149245738983154,-0.2060343325138092,0.6977348327636719,-0.2791772186756134,0.06622376292943954,0.06823814660310745,1.9679439067840576,-1.5483089685440063,0.02529824711382389,0.6480778455734253,0.06208067387342453,0.04955366626381874
995,33.333333,-0.42842596769332886,2.10050368309021,-1.714367151260376,-0.20917771756649017,0.6944141387939453,-0.2776469886302948,0.06419999897480011,0.0691150352358818,1.967527151107788,-1.5473740100860596,0.025987952947616577,0.6484770774841309,0.058939769864082336,0.049800001084804535,-0.42864030599594116,2.096100330352783,-1.7120311260223389,-0.210633784532547,0.6888498663902283,-0.27483925223350525,0.06749722361564636,0.06882157921791077,1.9692076444625854,-1.5480095148086548,0.02655479498207569,0.647639274597168,0.05747227743268013,0.04949457198381424
996,33.366666333,-0.42842596769332886,2.0961754322052,-1.712621808052063,-0.21099285781383514,0.6896843314170837,-0.2757096588611603,0.06610000133514404,0.0691150352358818,1.967527151107788,-1.5493985414505005,0.025987952947616577,0.6486690640449524,0.058939769864082336,0.049800001084804535,-0.42892852425575256,2.0945723056793213,-1.7113536596298218,-0.20895057916641235,0.6869717240333557,-0.2724291682243347,0.06730428338050842,0.06866773962974548,1.969468593597412,-1.5485785007476807,0.025816308334469795,0.6491628289222717,0.060915976762771606,0.04933049902319908
997,33.399999666,-0.42842596769332886,2.0961754322052,-1.712621808052063,-0.21099285781383514,0.6896843314170837,-0.2757096588611603,0.06610000133514404,0.0691150352358818,1.967527151107788,-1.5493985414505005,0.025987952947616577,0.6486690640449524,0.058939769864082336,0.049800001084804535,-0.42892852425575256,2.0945723056793213,-1.7113536596298218,-0.20895057916641235,0.6869717240333557,-0.2724291682243347,0.06730428338050842,0.06866773962974548,1.969468593597412,-1.5485785007476807,0.025816308334469795,0.6491628289222717,0.060915976762771606,0.04933049902319908
998,33.433332999,-0.42842596769332886,2.094080924987793,-1.7104226350784302,-0.20781634747982025,0.6850067973136902,-0.26855382323265076,0.06650000065565109,0.0691150352358818,1.9697785377502441,-1.5493985414505005,0.025987952947616577,0.6507285833358765,0.058939769864082336,0.04969999939203262,-0.4281139075756073,2.0889971256256104,-1.7104617357254028,-0.20471972227096558,0.6802862882614136,-0.2689610719680786,0.06689193844795227,0.06848053634166718,1.9695854187011719,-1.5500246286392212,0.023941323161125183,0.6489307284355164,0.05963015928864479,0.04920968413352966
999,33.466666332,-0.42842596769332886,2.0901191234588623,-1.710579752922058,-0.20582668483257294,0.6808180212974548,-0.26865851879119873,0.06639999896287918,0.0691150352358818,1.9697785377502441,-1.5493985414505005,0.025673793628811836,0.6484770774841309,0.05651376023888588,0.04969999939203262,-0.42805904150009155,2.0855963230133057,-1.710041880607605,-0.20136328041553497,0.6766481399536133,-0.2662474513053894,0.06673240661621094,0.06873083114624023,1.9692333936691284,-1.5495740175247192,0.02751394733786583,0.6493993401527405,0.05633312091231346,0.04901907965540886
1000,33.499999665,-0.42842596769332886,2.0901191234588623,-1.710579752922058,-0.20582668483257294,0.6808180212974548,-0.26865851879119873,0.06639999896287918,0.0691150352358818,1.9697785377502441,-1.5493985414505005,0.025673793628811836,0.6484770774841309,0.05651376023888588,0.04969999939203262,-0.42805904150009155,2.0855963230133057,-1.710041880607605,-0.20136328041553497,0.6766481399536133,-0.2662474513053894,0.06673240661621094,0.06873083114624023,1.9692333936691284,-1.5495740175247192,0.02751394733786583,0.6493993401527405,0.05633312091231346,0.04901907965540886
1001,33.533332998,-0.42842596769332886,2.085773229598999,-1.710579752922058,-0.19811232388019562,0.6743777990341187,-0.2666863203048706,0.06639999896287918,0.0691150352358818,1.9697785377502441,-1.5493985414505005,0.027977628633379936,0.6510776281356812,0.05637413635849953,0.049300000071525574,-0.4280114471912384,2.0844435691833496,-1.7097681760787964,-0.1944415122270584,0.6740654110908508,-0.2670312523841858,0.06633298099040985,0.06824976205825806,1.9697455167770386,-1.5494141578674316,0.02768564596772194,0.6492802500724792,0.05979850888252258,0.04894304275512695
1002,33.566666331,-0.42842596769332886,2.083643913269043,-1.7102481126785278,-0.19408060610294342,0.6729117035865784,-0.2666863203048706,0.06639999896287918,0.0691150352358818,1.9697785377502441,-1.5493985414505005,0.025569073855876923,0.6486515998840332,0.05899212881922722,0.048900000751018524,-0.42666420340538025,2.085357189178467,-1.7096067667007446,-0.19520625472068787,0.6701977252960205,-0.26580992341041565,0.06615772843360901,0.06873676925897598,1.9697930812835693,-1.5492942333221436,0.02768007107079029,0.6501259803771973,0.05320504307746887,0.048856984823942184
1003,33.599999664,-0.42842596769332886,2.083643913269043,-1.7102481126785278,-0.19408060610294342,0.6729117035865784,-0.2666863203048706,0.06639999896287918,0.0691150352358818,1.9697785377502441,-1.5493985414505005,0.025569073855876923,0.6486515998840332,0.05899212881922722,0.048900000751018524,-0.42666420340538025,2.085357189178467,-1.7096067667007446,-0.19520625472068787,0.6701977252960205,-0.26580992341041565,0.06615772843360901,0.06873676925897598,1.9697930812835693,-1.5492942333221436,0.02768007107079029,0.6501259803771973,0.05320504307746887,0.048856984823942184
1004,33.633332997,-0.42842596769332886,2.083643913269043,-1.7102481126785278,-0.19408060610294342,0.6688275933265686,-0.2666863203048706,0.06629999727010727,0.0691150352358818,1.9697785377502441,-1.5493985414505005,0.027471482753753662,0.6509379744529724,0.05368632823228836,0.04879999905824661,-0.4287799596786499,2.083949089050293,-1.709966778755188,-0.19320131838321686,0.667914092540741,-0.2641608715057373,0.06573580950498581,0.06751759350299835,1.9699548482894897,-1.5456633567810059,0.024725068360567093,0.6492148041725159,0.0531003512442112,0.048818983137607574
1005,33.66666633,-0.42842596769332886,2.083643913269043,-1.7102481126785278,-0.19408060610294342,0.6688275933265686,-0.2666863203048706,0.06629999727010727,0.0691150352358818,1.9697785377502441,-1.5472168922424316,0.027471482753753662,0.6490355730056763,0.05368632823228836,0.04879999905824661,-0.4287799596786499,2.083949089050293,-1.709966778755188,-0.19320131838321686,0.667914092540741,-0.2641608715057373,0.06573580950498581,0.06677069514989853,1.9694420099258423,-1.5481306314468384,0.024635884910821915,0.6477258801460266,0.05518239364027977,0.048600081354379654
1006,33.699999663,-0.42842596769332886,2.083643913269043,-1.7102481126785278,-0.19408060610294342,0.6688275933265686,-0.2649060785770416,0.06589999794960022,0.0691150352358818,1.9697785377502441,-1.5472168922424316,0.027471482753753662,0.6490355730056763,0.05368632823228836,0.04879999905824661,-0.42747700214385986,2.0839219093322754,-1.7125253677368164,-0.19252528250217438,0.6682558059692383,-0.2648024559020996,0.06557564437389374,0.06677069514989853,1.9694420099258423,-1.5481306314468384,0.024635884910821915,0.6477258801460266,0.05518239364027977,0.048600081354379654
1007,33.733332996,-0.42842596769332886,2.083643913269043,-1.7120457887649536,-0.19165460765361786,0.667047381401062,-0.2649060785770416,0.065700002014637,0.06688101589679718,1.9697785377502441,-1.5472168922424316,0.025272367522120476,0.6468713879585266,0.05368632823228836,0.04859999939799309,-0.42767155170440674,2.0860021114349365,-1.713620901107788,-0.19378264248371124,0.6693139672279358,-0.26291775703430176,0.0651274099946022,0.06679625064134598,1.9689232110977173,-1.5481754541397095,0.025223372504115105,0.647892415523529,0.05354302376508713,0.048528775572776794
1008,33.766666329,-0.42842596769332886,2.083643913269043,-1.7120457887649536,-0.19165460765361786,0.667047381401062,-0.2649060785770416,0.065700002014637,0.06688101589679718,1.9697785377502441,-1.5472168922424316,0.023282691836357117,0.6468713879585266,0.05368632823228836,0.04859999939799309,-0.42767155170440674,2.0860021114349365,-1.713620901107788,-0.19378264248371124,0.6693139672279358,-0.26291775703430176,0.0651274099946022,0.06788847595453262,1.9691225290298462,-1.5478591918945312,0.024660218507051468,0.6482750773429871,0.05514136701822281,0.04827607795596123
1009,33.799999662,-0.42842596769332886,2.083643913269043,-1.7142972946166992,-0.19333012402057648,0.6669950485229492,-0.2624626159667969,0.06539999693632126,0.06688101589679718,1.9697785377502441,-1.5472168922424316,0.023282691836357117,0.6468713879585266,0.05368632823228836,0.04859999939799309,-0.42828312516212463,2.0877492427825928,-1.7145686149597168,-0.1944955289363861,0.6704998016357422,-0.26295703649520874,0.06504582613706589,0.06788847595453262,1.9691225290298462,-1.5478591918945312,0.024660218507051468,0.6482750773429871,0.05514136701822281,0.04827607795596123
